solid OpenSCAD_Model
  facet normal -0.44226 0.896887 0
    outer loop
      vertex 2.46927 38.4955 0
      vertex 2 38.2641 17.3
      vertex 2.46927 38.4955 17.3
    endloop
  endfacet
  facet normal -0.44226 0.896887 0
    outer loop
      vertex 2 38.2641 17.3
      vertex 2.46927 38.4955 0
      vertex 2 38.2641 0
    endloop
  endfacet
  facet normal 1 -0 0
    outer loop
      vertex 54.8 4 17.3
      vertex 54.8 34.8 0
      vertex 54.8 34.8 17.3
    endloop
  endfacet
  facet normal 1 0 0
    outer loop
      vertex 54.8 34.8 0
      vertex 54.8 4 17.3
      vertex 54.8 4 0
    endloop
  endfacet
  facet normal 0.980779 0.195124 0
    outer loop
      vertex 54.7658 35.3221 17.3
      vertex 54.6637 35.8353 0
      vertex 54.6637 35.8353 17.3
    endloop
  endfacet
  facet normal 0.980779 0.195124 0
    outer loop
      vertex 54.6637 35.8353 0
      vertex 54.7658 35.3221 17.3
      vertex 54.7658 35.3221 0
    endloop
  endfacet
  facet normal -0.321469 0.94692 0
    outer loop
      vertex 2.96472 38.6637 0
      vertex 2.46927 38.4955 17.3
      vertex 2.96472 38.6637 17.3
    endloop
  endfacet
  facet normal -0.321469 0.94692 0
    outer loop
      vertex 2.46927 38.4955 17.3
      vertex 2.96472 38.6637 0
      vertex 2.46927 38.4955 0
    endloop
  endfacet
  facet normal 0.321498 0.94691 -0
    outer loop
      vertex 52.3307 38.4955 0
      vertex 51.8353 38.6637 17.3
      vertex 52.3307 38.4955 17.3
    endloop
  endfacet
  facet normal 0.321498 0.94691 0
    outer loop
      vertex 51.8353 38.6637 17.3
      vertex 52.3307 38.4955 0
      vertex 51.8353 38.6637 0
    endloop
  endfacet
  facet normal -0.980787 0.19508 0
    outer loop
      vertex 0.0342197 35.3221 0
      vertex 0.136296 35.8353 17.3
      vertex 0.136296 35.8353 0
    endloop
  endfacet
  facet normal -0.980787 0.19508 0
    outer loop
      vertex 0.136296 35.8353 17.3
      vertex 0.0342197 35.3221 0
      vertex 0.0342197 35.3221 17.3
    endloop
  endfacet
  facet normal -0.997859 0.0654021 0
    outer loop
      vertex 0 34.8 0
      vertex 0.0342197 35.3221 17.3
      vertex 0.0342197 35.3221 0
    endloop
  endfacet
  facet normal -0.997859 0.0654021 0
    outer loop
      vertex 0.0342197 35.3221 17.3
      vertex 0 34.8 0
      vertex 0 34.8 17.3
    endloop
  endfacet
  facet normal 0 -1 0
    outer loop
      vertex 4 0 17.3
      vertex 22.65 0 7.5
      vertex 50.8 0 17.3
    endloop
  endfacet
  facet normal 0 -1 0
    outer loop
      vertex 4 0 0
      vertex 22.65 0 7.5
      vertex 4 0 17.3
    endloop
  endfacet
  facet normal 0 -1 -0
    outer loop
      vertex 22.65 0 4
      vertex 4 0 0
      vertex 32.15 0 4
    endloop
  endfacet
  facet normal 0 -1 -0
    outer loop
      vertex 22.65 0 7.5
      vertex 4 0 0
      vertex 22.65 0 4
    endloop
  endfacet
  facet normal 0 -1 0
    outer loop
      vertex 32.15 0 7.5
      vertex 50.8 0 17.3
      vertex 22.65 0 7.5
    endloop
  endfacet
  facet normal 0 -1 0
    outer loop
      vertex 50.8 0 0
      vertex 32.15 0 7.5
      vertex 32.15 0 4
    endloop
  endfacet
  facet normal 0 -1 0
    outer loop
      vertex 32.15 0 7.5
      vertex 50.8 0 0
      vertex 50.8 0 17.3
    endloop
  endfacet
  facet normal 0 -1 0
    outer loop
      vertex 50.8 0 0
      vertex 32.15 0 4
      vertex 4 0 0
    endloop
  endfacet
  facet normal 0.980776 -0.195135 0
    outer loop
      vertex 54.6637 2.96472 17.3
      vertex 54.7658 3.47789 0
      vertex 54.7658 3.47789 17.3
    endloop
  endfacet
  facet normal 0.980776 -0.195135 0
    outer loop
      vertex 54.7658 3.47789 0
      vertex 54.6637 2.96472 17.3
      vertex 54.6637 2.96472 0
    endloop
  endfacet
  facet normal 0.55561 -0.831443 0
    outer loop
      vertex 52.8 0.535898 0
      vertex 53.235 0.826586 17.3
      vertex 52.8 0.535898 17.3
    endloop
  endfacet
  facet normal 0.55561 -0.831443 0
    outer loop
      vertex 53.235 0.826586 17.3
      vertex 52.8 0.535898 0
      vertex 53.235 0.826586 0
    endloop
  endfacet
  facet normal -0.946928 -0.321445 0
    outer loop
      vertex 0.304482 2.46927 0
      vertex 0.136296 2.96472 17.3
      vertex 0.136296 2.96472 0
    endloop
  endfacet
  facet normal -0.946928 -0.321445 0
    outer loop
      vertex 0.136296 2.96472 17.3
      vertex 0.304482 2.46927 0
      vertex 0.304482 2.46927 17.3
    endloop
  endfacet
  facet normal -1 0 0
    outer loop
      vertex 0 34.8 0
      vertex 0 21.4 8.65
      vertex 0 34.8 17.3
    endloop
  endfacet
  facet normal -1 0 0
    outer loop
      vertex 0 34.8 0
      vertex 0 21.3616 8.25982
      vertex 0 21.4 8.65
    endloop
  endfacet
  facet normal -1 0 0
    outer loop
      vertex 0 34.8 0
      vertex 0 21.2478 7.88463
      vertex 0 21.3616 8.25982
    endloop
  endfacet
  facet normal -1 0 0
    outer loop
      vertex 0 34.8 0
      vertex 0 21.0629 7.53886
      vertex 0 21.2478 7.88463
    endloop
  endfacet
  facet normal -1 0 0
    outer loop
      vertex 0 34.8 0
      vertex 0 20.8142 7.23579
      vertex 0 21.0629 7.53886
    endloop
  endfacet
  facet normal -1 0 0
    outer loop
      vertex 0 34.8 0
      vertex 0 20.5111 6.98706
      vertex 0 20.8142 7.23579
    endloop
  endfacet
  facet normal -1 0 0
    outer loop
      vertex 0 34.8 0
      vertex 0 20.1654 6.80224
      vertex 0 20.5111 6.98706
    endloop
  endfacet
  facet normal -1 0 0
    outer loop
      vertex 0 34.8 0
      vertex 0 19.7902 6.68843
      vertex 0 20.1654 6.80224
    endloop
  endfacet
  facet normal -1 0 0
    outer loop
      vertex 0 34.8 0
      vertex 0 19.4 6.65
      vertex 0 19.7902 6.68843
    endloop
  endfacet
  facet normal -1 0 0
    outer loop
      vertex 0 4 0
      vertex 0 19.4 6.65
      vertex 0 34.8 0
    endloop
  endfacet
  facet normal -1 -0 0
    outer loop
      vertex 0 19.4 6.65
      vertex 0 4 0
      vertex 0 19.0098 6.68843
    endloop
  endfacet
  facet normal -1 -0 0
    outer loop
      vertex 0 17.4384 8.25982
      vertex 0 4 0
      vertex 0 17.4 8.65
    endloop
  endfacet
  facet normal -1 -0 0
    outer loop
      vertex 0 17.5522 7.88463
      vertex 0 4 0
      vertex 0 17.4384 8.25982
    endloop
  endfacet
  facet normal -1 -0 0
    outer loop
      vertex 0 17.7371 7.53886
      vertex 0 4 0
      vertex 0 17.5522 7.88463
    endloop
  endfacet
  facet normal -1 -0 0
    outer loop
      vertex 0 17.9858 7.23579
      vertex 0 4 0
      vertex 0 17.7371 7.53886
    endloop
  endfacet
  facet normal -1 -0 0
    outer loop
      vertex 0 18.2889 6.98706
      vertex 0 4 0
      vertex 0 17.9858 7.23579
    endloop
  endfacet
  facet normal -1 -0 0
    outer loop
      vertex 0 18.6346 6.80224
      vertex 0 4 0
      vertex 0 18.2889 6.98706
    endloop
  endfacet
  facet normal -1 -0 0
    outer loop
      vertex 0 19.0098 6.68843
      vertex 0 4 0
      vertex 0 18.6346 6.80224
    endloop
  endfacet
  facet normal -1 0 0
    outer loop
      vertex 0 21.3616 9.04018
      vertex 0 34.8 17.3
      vertex 0 21.4 8.65
    endloop
  endfacet
  facet normal -1 0 0
    outer loop
      vertex 0 21.2478 9.41537
      vertex 0 34.8 17.3
      vertex 0 21.3616 9.04018
    endloop
  endfacet
  facet normal -1 0 0
    outer loop
      vertex 0 21.0629 9.76114
      vertex 0 34.8 17.3
      vertex 0 21.2478 9.41537
    endloop
  endfacet
  facet normal -1 0 0
    outer loop
      vertex 0 20.8142 10.0642
      vertex 0 34.8 17.3
      vertex 0 21.0629 9.76114
    endloop
  endfacet
  facet normal -1 0 0
    outer loop
      vertex 0 20.5111 10.3129
      vertex 0 34.8 17.3
      vertex 0 20.8142 10.0642
    endloop
  endfacet
  facet normal -1 0 0
    outer loop
      vertex 0 20.1654 10.4978
      vertex 0 34.8 17.3
      vertex 0 20.5111 10.3129
    endloop
  endfacet
  facet normal -1 0 0
    outer loop
      vertex 0 19.7902 10.6116
      vertex 0 34.8 17.3
      vertex 0 20.1654 10.4978
    endloop
  endfacet
  facet normal -1 0 0
    outer loop
      vertex 0 19.4 10.65
      vertex 0 34.8 17.3
      vertex 0 19.7902 10.6116
    endloop
  endfacet
  facet normal -1 0 0
    outer loop
      vertex 0 4 17.3
      vertex 0 19.4 10.65
      vertex 0 19.0098 10.6116
    endloop
  endfacet
  facet normal -1 0 0
    outer loop
      vertex 0 4 17.3
      vertex 0 19.0098 10.6116
      vertex 0 18.6346 10.4978
    endloop
  endfacet
  facet normal -1 0 0
    outer loop
      vertex 0 4 17.3
      vertex 0 17.4 8.65
      vertex 0 4 0
    endloop
  endfacet
  facet normal -1 0 0
    outer loop
      vertex 0 17.4 8.65
      vertex 0 4 17.3
      vertex 0 17.4384 9.04018
    endloop
  endfacet
  facet normal -1 0 0
    outer loop
      vertex 0 17.4384 9.04018
      vertex 0 4 17.3
      vertex 0 17.5522 9.41537
    endloop
  endfacet
  facet normal -1 0 0
    outer loop
      vertex 0 17.5522 9.41537
      vertex 0 4 17.3
      vertex 0 17.7371 9.76114
    endloop
  endfacet
  facet normal -1 0 0
    outer loop
      vertex 0 17.7371 9.76114
      vertex 0 4 17.3
      vertex 0 17.9858 10.0642
    endloop
  endfacet
  facet normal -1 0 0
    outer loop
      vertex 0 19.4 10.65
      vertex 0 4 17.3
      vertex 0 34.8 17.3
    endloop
  endfacet
  facet normal -1 0 0
    outer loop
      vertex 0 18.2889 10.3129
      vertex 0 4 17.3
      vertex 0 18.6346 10.4978
    endloop
  endfacet
  facet normal -1 0 0
    outer loop
      vertex 0 17.9858 10.0642
      vertex 0 4 17.3
      vertex 0 18.2889 10.3129
    endloop
  endfacet
  facet normal 0 1 -0
    outer loop
      vertex 50.8 38.8 0
      vertex 4 38.8 17.3
      vertex 50.8 38.8 17.3
    endloop
  endfacet
  facet normal 0 1 0
    outer loop
      vertex 4 38.8 17.3
      vertex 50.8 38.8 0
      vertex 4 38.8 0
    endloop
  endfacet
  facet normal 0.0654021 -0.997859 0
    outer loop
      vertex 50.8 0 0
      vertex 51.3221 0.0342197 17.3
      vertex 50.8 0 17.3
    endloop
  endfacet
  facet normal 0.0654021 -0.997859 0
    outer loop
      vertex 51.3221 0.0342197 17.3
      vertex 50.8 0 0
      vertex 51.3221 0.0342197 0
    endloop
  endfacet
  facet normal 0.659343 0.751842 -0
    outer loop
      vertex 53.6284 37.6284 0
      vertex 53.235 37.9734 17.3
      vertex 53.6284 37.6284 17.3
    endloop
  endfacet
  facet normal 0.659343 0.751842 0
    outer loop
      vertex 53.235 37.9734 17.3
      vertex 53.6284 37.6284 0
      vertex 53.235 37.9734 0
    endloop
  endfacet
  facet normal 0.896887 -0.44226 0
    outer loop
      vertex 54.2641 2 17.3
      vertex 54.4955 2.46927 0
      vertex 54.4955 2.46927 17.3
    endloop
  endfacet
  facet normal 0.896887 -0.44226 0
    outer loop
      vertex 54.4955 2.46927 0
      vertex 54.2641 2 17.3
      vertex 54.2641 2 0
    endloop
  endfacet
  facet normal -0.659345 -0.751841 0
    outer loop
      vertex 1.17157 1.17157 0
      vertex 1.56495 0.826586 17.3
      vertex 1.17157 1.17157 17.3
    endloop
  endfacet
  facet normal -0.659345 -0.751841 -0
    outer loop
      vertex 1.56495 0.826586 17.3
      vertex 1.17157 1.17157 0
      vertex 1.56495 0.826586 0
    endloop
  endfacet
  facet normal 0.442262 -0.896886 0
    outer loop
      vertex 52.3307 0.304482 0
      vertex 52.8 0.535898 17.3
      vertex 52.3307 0.304482 17.3
    endloop
  endfacet
  facet normal 0.442262 -0.896886 0
    outer loop
      vertex 52.8 0.535898 17.3
      vertex 52.3307 0.304482 0
      vertex 52.8 0.535898 0
    endloop
  endfacet
  facet normal -0.997859 -0.0654009 0
    outer loop
      vertex 0.0342197 3.47789 0
      vertex 0 4 17.3
      vertex 0 4 0
    endloop
  endfacet
  facet normal -0.997859 -0.0654009 0
    outer loop
      vertex 0 4 17.3
      vertex 0.0342197 3.47789 0
      vertex 0.0342197 3.47789 17.3
    endloop
  endfacet
  facet normal -0.896886 0.442262 0
    outer loop
      vertex 0.304482 36.3307 0
      vertex 0.535898 36.8 17.3
      vertex 0.535898 36.8 0
    endloop
  endfacet
  facet normal -0.896886 0.442262 0
    outer loop
      vertex 0.535898 36.8 17.3
      vertex 0.304482 36.3307 0
      vertex 0.304482 36.3307 17.3
    endloop
  endfacet
  facet normal -0.831443 0.55561 0
    outer loop
      vertex 0.535898 36.8 0
      vertex 0.826586 37.235 17.3
      vertex 0.826586 37.235 0
    endloop
  endfacet
  facet normal -0.831443 0.55561 0
    outer loop
      vertex 0.826586 37.235 17.3
      vertex 0.535898 36.8 0
      vertex 0.535898 36.8 17.3
    endloop
  endfacet
  facet normal -0.321445 -0.946928 0
    outer loop
      vertex 2.46927 0.304482 0
      vertex 2.96472 0.136296 17.3
      vertex 2.46927 0.304482 17.3
    endloop
  endfacet
  facet normal -0.321445 -0.946928 -0
    outer loop
      vertex 2.96472 0.136296 17.3
      vertex 2.46927 0.304482 0
      vertex 2.96472 0.136296 0
    endloop
  endfacet
  facet normal 0.997862 -0.0653634 0
    outer loop
      vertex 54.7658 3.47789 17.3
      vertex 54.8 4 0
      vertex 54.8 4 17.3
    endloop
  endfacet
  facet normal 0.997862 -0.0653634 0
    outer loop
      vertex 54.8 4 0
      vertex 54.7658 3.47789 17.3
      vertex 54.7658 3.47789 0
    endloop
  endfacet
  facet normal -0.980785 -0.195091 0
    outer loop
      vertex 0.136296 2.96472 0
      vertex 0.0342197 3.47789 17.3
      vertex 0.0342197 3.47789 0
    endloop
  endfacet
  facet normal -0.980785 -0.195091 0
    outer loop
      vertex 0.0342197 3.47789 17.3
      vertex 0.136296 2.96472 0
      vertex 0.136296 2.96472 17.3
    endloop
  endfacet
  facet normal 0.442238 0.896898 -0
    outer loop
      vertex 52.8 38.2641 0
      vertex 52.3307 38.4955 17.3
      vertex 52.8 38.2641 17.3
    endloop
  endfacet
  facet normal 0.442238 0.896898 0
    outer loop
      vertex 52.3307 38.4955 17.3
      vertex 52.8 38.2641 0
      vertex 52.3307 38.4955 0
    endloop
  endfacet
  facet normal 0.94691 0.321498 0
    outer loop
      vertex 54.6637 35.8353 17.3
      vertex 54.4955 36.3307 0
      vertex 54.4955 36.3307 17.3
    endloop
  endfacet
  facet normal 0.94691 0.321498 0
    outer loop
      vertex 54.4955 36.3307 0
      vertex 54.6637 35.8353 17.3
      vertex 54.6637 35.8353 0
    endloop
  endfacet
  facet normal 0.195124 0.980779 -0
    outer loop
      vertex 51.8353 38.6637 0
      vertex 51.3221 38.7658 17.3
      vertex 51.8353 38.6637 17.3
    endloop
  endfacet
  facet normal 0.195124 0.980779 0
    outer loop
      vertex 51.3221 38.7658 17.3
      vertex 51.8353 38.6637 0
      vertex 51.3221 38.7658 0
    endloop
  endfacet
  facet normal 0.831462 -0.555582 0
    outer loop
      vertex 53.9734 1.56495 17.3
      vertex 54.2641 2 0
      vertex 54.2641 2 17.3
    endloop
  endfacet
  facet normal 0.831462 -0.555582 0
    outer loop
      vertex 54.2641 2 0
      vertex 53.9734 1.56495 17.3
      vertex 53.9734 1.56495 0
    endloop
  endfacet
  facet normal -0.946918 0.321474 0
    outer loop
      vertex 0.136296 35.8353 0
      vertex 0.304482 36.3307 17.3
      vertex 0.304482 36.3307 0
    endloop
  endfacet
  facet normal -0.946918 0.321474 0
    outer loop
      vertex 0.304482 36.3307 17.3
      vertex 0.136296 35.8353 0
      vertex 0.136296 35.8353 17.3
    endloop
  endfacet
  facet normal -0.195091 -0.980785 0
    outer loop
      vertex 2.96472 0.136296 0
      vertex 3.47789 0.0342197 17.3
      vertex 2.96472 0.136296 17.3
    endloop
  endfacet
  facet normal -0.195091 -0.980785 -0
    outer loop
      vertex 3.47789 0.0342197 17.3
      vertex 2.96472 0.136296 0
      vertex 3.47789 0.0342197 0
    endloop
  endfacet
  facet normal 0.997861 0.0653646 0
    outer loop
      vertex 54.8 34.8 17.3
      vertex 54.7658 35.3221 0
      vertex 54.7658 35.3221 17.3
    endloop
  endfacet
  facet normal 0.997861 0.0653646 0
    outer loop
      vertex 54.7658 35.3221 0
      vertex 54.8 34.8 17.3
      vertex 54.8 34.8 0
    endloop
  endfacet
  facet normal -0.0654009 -0.997859 0
    outer loop
      vertex 3.47789 0.0342197 0
      vertex 4 0 17.3
      vertex 3.47789 0.0342197 17.3
    endloop
  endfacet
  facet normal -0.0654009 -0.997859 -0
    outer loop
      vertex 4 0 17.3
      vertex 3.47789 0.0342197 0
      vertex 4 0 0
    endloop
  endfacet
  facet normal -0.442285 -0.896875 0
    outer loop
      vertex 2 0.535898 0
      vertex 2.46927 0.304482 17.3
      vertex 2 0.535898 17.3
    endloop
  endfacet
  facet normal -0.442285 -0.896875 -0
    outer loop
      vertex 2.46927 0.304482 17.3
      vertex 2 0.535898 0
      vertex 2.46927 0.304482 0
    endloop
  endfacet
  facet normal 0.555626 0.831432 -0
    outer loop
      vertex 53.235 37.9734 0
      vertex 52.8 38.2641 17.3
      vertex 53.235 37.9734 17.3
    endloop
  endfacet
  facet normal 0.555626 0.831432 0
    outer loop
      vertex 52.8 38.2641 17.3
      vertex 53.235 37.9734 0
      vertex 52.8 38.2641 0
    endloop
  endfacet
  facet normal -0.751857 0.659326 0
    outer loop
      vertex 0.826586 37.235 0
      vertex 1.17157 37.6284 17.3
      vertex 1.17157 37.6284 0
    endloop
  endfacet
  facet normal -0.751857 0.659326 0
    outer loop
      vertex 1.17157 37.6284 17.3
      vertex 0.826586 37.235 0
      vertex 0.826586 37.235 17.3
    endloop
  endfacet
  facet normal 0.0653646 0.997861 -0
    outer loop
      vertex 51.3221 38.7658 0
      vertex 50.8 38.8 17.3
      vertex 51.3221 38.7658 17.3
    endloop
  endfacet
  facet normal 0.0653646 0.997861 0
    outer loop
      vertex 50.8 38.8 17.3
      vertex 51.3221 38.7658 0
      vertex 50.8 38.8 0
    endloop
  endfacet
  facet normal 0 0 -1
    outer loop
      vertex 50.8 0 0
      vertex 54.8 4 0
      vertex 54.7658 3.47789 0
    endloop
  endfacet
  facet normal 0 0 -1
    outer loop
      vertex 54.8 4 0
      vertex 31.9 19.4 0
      vertex 54.8 34.8 0
    endloop
  endfacet
  facet normal 0 0 -1
    outer loop
      vertex 50.8 0 0
      vertex 54.7658 3.47789 0
      vertex 54.6637 2.96472 0
    endloop
  endfacet
  facet normal 0 0 -1
    outer loop
      vertex 31.8615 19.9874 0
      vertex 54.8 34.8 0
      vertex 31.9 19.4 0
    endloop
  endfacet
  facet normal 0 0 -1
    outer loop
      vertex 50.8 0 0
      vertex 54.6637 2.96472 0
      vertex 54.4955 2.46927 0
    endloop
  endfacet
  facet normal 0 0 -1
    outer loop
      vertex 31.7467 20.5647 0
      vertex 54.8 34.8 0
      vertex 31.8615 19.9874 0
    endloop
  endfacet
  facet normal 0 0 -1
    outer loop
      vertex 50.8 0 0
      vertex 54.4955 2.46927 0
      vertex 54.2641 2 0
    endloop
  endfacet
  facet normal 0 0 -1
    outer loop
      vertex 31.5575 21.1221 0
      vertex 54.8 34.8 0
      vertex 31.7467 20.5647 0
    endloop
  endfacet
  facet normal 0 0 -1
    outer loop
      vertex 50.8 0 0
      vertex 54.2641 2 0
      vertex 53.9734 1.56495 0
    endloop
  endfacet
  facet normal 0 -0 -1
    outer loop
      vertex 50.8 38.8 0
      vertex 54.8 34.8 0
      vertex 31.5575 21.1221 0
    endloop
  endfacet
  facet normal 0 0 -1
    outer loop
      vertex 50.8 0 0
      vertex 53.9734 1.56495 0
      vertex 53.6284 1.17157 0
    endloop
  endfacet
  facet normal 0 0 -1
    outer loop
      vertex 54.8 34.8 0
      vertex 50.8 38.8 0
      vertex 54.7658 35.3221 0
    endloop
  endfacet
  facet normal 0 0 -1
    outer loop
      vertex 50.8 0 0
      vertex 53.6284 1.17157 0
      vertex 53.235 0.826586 0
    endloop
  endfacet
  facet normal 0 0 -1
    outer loop
      vertex 54.7658 35.3221 0
      vertex 50.8 38.8 0
      vertex 54.6637 35.8353 0
    endloop
  endfacet
  facet normal 0 0 -1
    outer loop
      vertex 50.8 0 0
      vertex 53.235 0.826586 0
      vertex 52.8 0.535898 0
    endloop
  endfacet
  facet normal 0 0 -1
    outer loop
      vertex 54.4955 36.3307 0
      vertex 50.8 38.8 0
      vertex 54.2641 36.8 0
    endloop
  endfacet
  facet normal 0 0 -1
    outer loop
      vertex 50.8 0 0
      vertex 52.8 0.535898 0
      vertex 52.3307 0.304482 0
    endloop
  endfacet
  facet normal 0 0 -1
    outer loop
      vertex 54.2641 36.8 0
      vertex 50.8 38.8 0
      vertex 53.9734 37.235 0
    endloop
  endfacet
  facet normal 0 0 -1
    outer loop
      vertex 50.8 0 0
      vertex 52.3307 0.304482 0
      vertex 51.8353 0.136296 0
    endloop
  endfacet
  facet normal 0 0 -1
    outer loop
      vertex 53.9734 37.235 0
      vertex 50.8 38.8 0
      vertex 53.6284 37.6284 0
    endloop
  endfacet
  facet normal 0 0 -1
    outer loop
      vertex 50.8 0 0
      vertex 51.8353 0.136296 0
      vertex 51.3221 0.0342197 0
    endloop
  endfacet
  facet normal 0 0 -1
    outer loop
      vertex 53.235 37.9734 0
      vertex 50.8 38.8 0
      vertex 52.8 38.2641 0
    endloop
  endfacet
  facet normal -0 0 -1
    outer loop
      vertex 54.8 4 0
      vertex 50.8 0 0
      vertex 31.5575 17.6779 0
    endloop
  endfacet
  facet normal 0 0 -1
    outer loop
      vertex 52.8 38.2641 0
      vertex 50.8 38.8 0
      vertex 52.3307 38.4955 0
    endloop
  endfacet
  facet normal 0 0 -1
    outer loop
      vertex 51.8353 38.6637 0
      vertex 50.8 38.8 0
      vertex 51.3221 38.7658 0
    endloop
  endfacet
  facet normal 0 0 -1
    outer loop
      vertex 54.8 4 0
      vertex 31.8615 18.8126 0
      vertex 31.9 19.4 0
    endloop
  endfacet
  facet normal 0 0 -1
    outer loop
      vertex 54.8 4 0
      vertex 31.7467 18.2353 0
      vertex 31.8615 18.8126 0
    endloop
  endfacet
  facet normal 0 0 -1
    outer loop
      vertex 54.8 4 0
      vertex 31.5575 17.6779 0
      vertex 31.7467 18.2353 0
    endloop
  endfacet
  facet normal 0 0 -1
    outer loop
      vertex 50.8 0 0
      vertex 31.2971 17.15 0
      vertex 31.5575 17.6779 0
    endloop
  endfacet
  facet normal 0 0 -1
    outer loop
      vertex 50.8 0 0
      vertex 30.9701 16.6606 0
      vertex 31.2971 17.15 0
    endloop
  endfacet
  facet normal 0 0 -1
    outer loop
      vertex 50.8 0 0
      vertex 30.582 16.218 0
      vertex 30.9701 16.6606 0
    endloop
  endfacet
  facet normal 0 0 -1
    outer loop
      vertex 50.8 0 0
      vertex 30.1394 15.8299 0
      vertex 30.582 16.218 0
    endloop
  endfacet
  facet normal 0 0 -1
    outer loop
      vertex 50.8 0 0
      vertex 29.65 15.5029 0
      vertex 30.1394 15.8299 0
    endloop
  endfacet
  facet normal 0 0 -1
    outer loop
      vertex 50.8 0 0
      vertex 29.1221 15.2425 0
      vertex 29.65 15.5029 0
    endloop
  endfacet
  facet normal 0 0 -1
    outer loop
      vertex 50.8 0 0
      vertex 28.5647 15.0533 0
      vertex 29.1221 15.2425 0
    endloop
  endfacet
  facet normal 0 0 -1
    outer loop
      vertex 50.8 0 0
      vertex 27.9874 14.9385 0
      vertex 28.5647 15.0533 0
    endloop
  endfacet
  facet normal 0 0 -1
    outer loop
      vertex 50.8 0 0
      vertex 27.4 14.9 0
      vertex 27.9874 14.9385 0
    endloop
  endfacet
  facet normal 0 0 -1
    outer loop
      vertex 4 0 0
      vertex 27.4 14.9 0
      vertex 50.8 0 0
    endloop
  endfacet
  facet normal -0 0 -1
    outer loop
      vertex 27.4 14.9 0
      vertex 4 0 0
      vertex 26.8126 14.9385 0
    endloop
  endfacet
  facet normal -0 0 -1
    outer loop
      vertex 26.8126 14.9385 0
      vertex 4 0 0
      vertex 26.2353 15.0533 0
    endloop
  endfacet
  facet normal -0 0 -1
    outer loop
      vertex 26.2353 15.0533 0
      vertex 4 0 0
      vertex 25.6779 15.2425 0
    endloop
  endfacet
  facet normal -0 0 -1
    outer loop
      vertex 23.0533 18.2353 0
      vertex 0 4 0
      vertex 22.9385 18.8126 0
    endloop
  endfacet
  facet normal -0 0 -1
    outer loop
      vertex 23.2425 17.6779 0
      vertex 0 4 0
      vertex 23.0533 18.2353 0
    endloop
  endfacet
  facet normal 0 0 -1
    outer loop
      vertex 0 4 0
      vertex 23.2425 17.6779 0
      vertex 4 0 0
    endloop
  endfacet
  facet normal -0 0 -1
    outer loop
      vertex 23.5029 17.15 0
      vertex 4 0 0
      vertex 23.2425 17.6779 0
    endloop
  endfacet
  facet normal -0 0 -1
    outer loop
      vertex 23.8299 16.6606 0
      vertex 4 0 0
      vertex 23.5029 17.15 0
    endloop
  endfacet
  facet normal -0 0 -1
    outer loop
      vertex 24.218 16.218 0
      vertex 4 0 0
      vertex 23.8299 16.6606 0
    endloop
  endfacet
  facet normal -0 0 -1
    outer loop
      vertex 24.6606 15.8299 0
      vertex 4 0 0
      vertex 24.218 16.218 0
    endloop
  endfacet
  facet normal -0 0 -1
    outer loop
      vertex 25.15 15.5029 0
      vertex 4 0 0
      vertex 24.6606 15.8299 0
    endloop
  endfacet
  facet normal -0 0 -1
    outer loop
      vertex 25.6779 15.2425 0
      vertex 4 0 0
      vertex 25.15 15.5029 0
    endloop
  endfacet
  facet normal 0 0 -1
    outer loop
      vertex 52.3307 38.4955 0
      vertex 50.8 38.8 0
      vertex 51.8353 38.6637 0
    endloop
  endfacet
  facet normal 0 0 -1
    outer loop
      vertex 53.6284 37.6284 0
      vertex 50.8 38.8 0
      vertex 53.235 37.9734 0
    endloop
  endfacet
  facet normal 0 0 -1
    outer loop
      vertex 54.6637 35.8353 0
      vertex 50.8 38.8 0
      vertex 54.4955 36.3307 0
    endloop
  endfacet
  facet normal 0 0 -1
    outer loop
      vertex 31.2971 21.65 0
      vertex 50.8 38.8 0
      vertex 31.5575 21.1221 0
    endloop
  endfacet
  facet normal 0 0 -1
    outer loop
      vertex 30.9701 22.1394 0
      vertex 50.8 38.8 0
      vertex 31.2971 21.65 0
    endloop
  endfacet
  facet normal 0 0 -1
    outer loop
      vertex 30.582 22.582 0
      vertex 50.8 38.8 0
      vertex 30.9701 22.1394 0
    endloop
  endfacet
  facet normal 0 0 -1
    outer loop
      vertex 30.1394 22.9701 0
      vertex 50.8 38.8 0
      vertex 30.582 22.582 0
    endloop
  endfacet
  facet normal 0 0 -1
    outer loop
      vertex 29.65 23.2971 0
      vertex 50.8 38.8 0
      vertex 30.1394 22.9701 0
    endloop
  endfacet
  facet normal 0 0 -1
    outer loop
      vertex 29.1221 23.5575 0
      vertex 50.8 38.8 0
      vertex 29.65 23.2971 0
    endloop
  endfacet
  facet normal 0 0 -1
    outer loop
      vertex 28.5647 23.7467 0
      vertex 50.8 38.8 0
      vertex 29.1221 23.5575 0
    endloop
  endfacet
  facet normal 0 0 -1
    outer loop
      vertex 27.9874 23.8615 0
      vertex 50.8 38.8 0
      vertex 28.5647 23.7467 0
    endloop
  endfacet
  facet normal 0 0 -1
    outer loop
      vertex 27.4 23.9 0
      vertex 50.8 38.8 0
      vertex 27.9874 23.8615 0
    endloop
  endfacet
  facet normal 0 0 -1
    outer loop
      vertex 4 38.8 0
      vertex 27.4 23.9 0
      vertex 26.8126 23.8615 0
    endloop
  endfacet
  facet normal 0 0 -1
    outer loop
      vertex 4 38.8 0
      vertex 26.8126 23.8615 0
      vertex 26.2353 23.7467 0
    endloop
  endfacet
  facet normal 0 0 -1
    outer loop
      vertex 4 38.8 0
      vertex 26.2353 23.7467 0
      vertex 25.6779 23.5575 0
    endloop
  endfacet
  facet normal 0 0 -1
    outer loop
      vertex 4 38.8 0
      vertex 25.6779 23.5575 0
      vertex 25.15 23.2971 0
    endloop
  endfacet
  facet normal -0 0 -1
    outer loop
      vertex 22.9385 18.8126 0
      vertex 0 4 0
      vertex 22.9 19.4 0
    endloop
  endfacet
  facet normal 0 0 -1
    outer loop
      vertex 0 34.8 0
      vertex 22.9 19.4 0
      vertex 0 4 0
    endloop
  endfacet
  facet normal 0 0 -1
    outer loop
      vertex 22.9 19.4 0
      vertex 0 34.8 0
      vertex 22.9385 19.9874 0
    endloop
  endfacet
  facet normal 0 0 -1
    outer loop
      vertex 22.9385 19.9874 0
      vertex 0 34.8 0
      vertex 23.0533 20.5647 0
    endloop
  endfacet
  facet normal 0 0 -1
    outer loop
      vertex 23.0533 20.5647 0
      vertex 0 34.8 0
      vertex 23.2425 21.1221 0
    endloop
  endfacet
  facet normal 0 0 -1
    outer loop
      vertex 23.2425 21.1221 0
      vertex 0 34.8 0
      vertex 23.5029 21.65 0
    endloop
  endfacet
  facet normal 0 0 -1
    outer loop
      vertex 27.4 23.9 0
      vertex 4 38.8 0
      vertex 50.8 38.8 0
    endloop
  endfacet
  facet normal 0 0 -1
    outer loop
      vertex 24.6606 22.9701 0
      vertex 4 38.8 0
      vertex 25.15 23.2971 0
    endloop
  endfacet
  facet normal 0 0 -1
    outer loop
      vertex 24.218 22.582 0
      vertex 4 38.8 0
      vertex 24.6606 22.9701 0
    endloop
  endfacet
  facet normal 0 -0 -1
    outer loop
      vertex 4 38.8 0
      vertex 23.5029 21.65 0
      vertex 0 34.8 0
    endloop
  endfacet
  facet normal 0 0 -1
    outer loop
      vertex 0 4 0
      vertex 4 0 0
      vertex 3.47789 0.0342197 0
    endloop
  endfacet
  facet normal 0 0 -1
    outer loop
      vertex 23.5029 21.65 0
      vertex 4 38.8 0
      vertex 23.8299 22.1394 0
    endloop
  endfacet
  facet normal 0 0 -1
    outer loop
      vertex 0 4 0
      vertex 3.47789 0.0342197 0
      vertex 2.96472 0.136296 0
    endloop
  endfacet
  facet normal 0 0 -1
    outer loop
      vertex 23.8299 22.1394 0
      vertex 4 38.8 0
      vertex 24.218 22.582 0
    endloop
  endfacet
  facet normal 0 0 -1
    outer loop
      vertex 0 4 0
      vertex 2.96472 0.136296 0
      vertex 2.46927 0.304482 0
    endloop
  endfacet
  facet normal 0 0 -1
    outer loop
      vertex 4 38.8 0
      vertex 0 34.8 0
      vertex 3.47789 38.7658 0
    endloop
  endfacet
  facet normal 0 0 -1
    outer loop
      vertex 0 4 0
      vertex 2.46927 0.304482 0
      vertex 2 0.535898 0
    endloop
  endfacet
  facet normal 0 0 -1
    outer loop
      vertex 3.47789 38.7658 0
      vertex 0 34.8 0
      vertex 2.96472 38.6637 0
    endloop
  endfacet
  facet normal 0 0 -1
    outer loop
      vertex 0 4 0
      vertex 2 0.535898 0
      vertex 1.56495 0.826586 0
    endloop
  endfacet
  facet normal 0 0 -1
    outer loop
      vertex 2.96472 38.6637 0
      vertex 0 34.8 0
      vertex 2.46927 38.4955 0
    endloop
  endfacet
  facet normal 0 0 -1
    outer loop
      vertex 0 4 0
      vertex 1.56495 0.826586 0
      vertex 1.17157 1.17157 0
    endloop
  endfacet
  facet normal 0 0 -1
    outer loop
      vertex 2.46927 38.4955 0
      vertex 0 34.8 0
      vertex 2 38.2641 0
    endloop
  endfacet
  facet normal 0 0 -1
    outer loop
      vertex 0 4 0
      vertex 1.17157 1.17157 0
      vertex 0.826586 1.56495 0
    endloop
  endfacet
  facet normal 0 0 -1
    outer loop
      vertex 2 38.2641 0
      vertex 0 34.8 0
      vertex 1.56495 37.9734 0
    endloop
  endfacet
  facet normal 0 0 -1
    outer loop
      vertex 0 4 0
      vertex 0.826586 1.56495 0
      vertex 0.535898 2 0
    endloop
  endfacet
  facet normal 0 0 -1
    outer loop
      vertex 1.56495 37.9734 0
      vertex 0 34.8 0
      vertex 1.17157 37.6284 0
    endloop
  endfacet
  facet normal 0 0 -1
    outer loop
      vertex 0 4 0
      vertex 0.535898 2 0
      vertex 0.304482 2.46927 0
    endloop
  endfacet
  facet normal 0 0 -1
    outer loop
      vertex 1.17157 37.6284 0
      vertex 0 34.8 0
      vertex 0.826586 37.235 0
    endloop
  endfacet
  facet normal 0 0 -1
    outer loop
      vertex 0 4 0
      vertex 0.304482 2.46927 0
      vertex 0.136296 2.96472 0
    endloop
  endfacet
  facet normal 0 0 -1
    outer loop
      vertex 0.826586 37.235 0
      vertex 0 34.8 0
      vertex 0.535898 36.8 0
    endloop
  endfacet
  facet normal 0 0 -1
    outer loop
      vertex 0 4 0
      vertex 0.136296 2.96472 0
      vertex 0.0342197 3.47789 0
    endloop
  endfacet
  facet normal 0 0 -1
    outer loop
      vertex 0.535898 36.8 0
      vertex 0 34.8 0
      vertex 0.304482 36.3307 0
    endloop
  endfacet
  facet normal 0 0 -1
    outer loop
      vertex 0.304482 36.3307 0
      vertex 0 34.8 0
      vertex 0.136296 35.8353 0
    endloop
  endfacet
  facet normal 0 0 -1
    outer loop
      vertex 0.136296 35.8353 0
      vertex 0 34.8 0
      vertex 0.0342197 35.3221 0
    endloop
  endfacet
  facet normal 0.659326 -0.751857 0
    outer loop
      vertex 53.235 0.826586 0
      vertex 53.6284 1.17157 17.3
      vertex 53.235 0.826586 17.3
    endloop
  endfacet
  facet normal 0.659326 -0.751857 0
    outer loop
      vertex 53.6284 1.17157 17.3
      vertex 53.235 0.826586 0
      vertex 53.6284 1.17157 0
    endloop
  endfacet
  facet normal 0.896898 0.442238 0
    outer loop
      vertex 54.4955 36.3307 17.3
      vertex 54.2641 36.8 0
      vertex 54.2641 36.8 17.3
    endloop
  endfacet
  facet normal 0.896898 0.442238 0
    outer loop
      vertex 54.2641 36.8 0
      vertex 54.4955 36.3307 17.3
      vertex 54.4955 36.3307 0
    endloop
  endfacet
  facet normal 0.831432 0.555626 0
    outer loop
      vertex 54.2641 36.8 17.3
      vertex 53.9734 37.235 0
      vertex 53.9734 37.235 17.3
    endloop
  endfacet
  facet normal 0.831432 0.555626 0
    outer loop
      vertex 53.9734 37.235 0
      vertex 54.2641 36.8 17.3
      vertex 54.2641 36.8 0
    endloop
  endfacet
  facet normal -0.0653634 0.997862 0
    outer loop
      vertex 4 38.8 0
      vertex 3.47789 38.7658 17.3
      vertex 4 38.8 17.3
    endloop
  endfacet
  facet normal -0.0653634 0.997862 0
    outer loop
      vertex 3.47789 38.7658 17.3
      vertex 4 38.8 0
      vertex 3.47789 38.7658 0
    endloop
  endfacet
  facet normal 0.751842 0.659343 0
    outer loop
      vertex 53.9734 37.235 17.3
      vertex 53.6284 37.6284 0
      vertex 53.6284 37.6284 17.3
    endloop
  endfacet
  facet normal 0.751842 0.659343 0
    outer loop
      vertex 53.6284 37.6284 0
      vertex 53.9734 37.235 17.3
      vertex 53.9734 37.235 0
    endloop
  endfacet
  facet normal -0.896875 -0.442285 0
    outer loop
      vertex 0.535898 2 0
      vertex 0.304482 2.46927 17.3
      vertex 0.304482 2.46927 0
    endloop
  endfacet
  facet normal -0.896875 -0.442285 0
    outer loop
      vertex 0.304482 2.46927 17.3
      vertex 0.535898 2 0
      vertex 0.535898 2 17.3
    endloop
  endfacet
  facet normal -0.831472 -0.555566 0
    outer loop
      vertex 0.826586 1.56495 0
      vertex 0.535898 2 17.3
      vertex 0.535898 2 0
    endloop
  endfacet
  facet normal -0.831472 -0.555566 0
    outer loop
      vertex 0.535898 2 17.3
      vertex 0.826586 1.56495 0
      vertex 0.826586 1.56495 17.3
    endloop
  endfacet
  facet normal 0.94692 -0.321469 0
    outer loop
      vertex 54.4955 2.46927 17.3
      vertex 54.6637 2.96472 0
      vertex 54.6637 2.96472 17.3
    endloop
  endfacet
  facet normal 0.94692 -0.321469 0
    outer loop
      vertex 54.6637 2.96472 0
      vertex 54.4955 2.46927 17.3
      vertex 54.4955 2.46927 0
    endloop
  endfacet
  facet normal -0.659362 0.751826 0
    outer loop
      vertex 1.56495 37.9734 0
      vertex 1.17157 37.6284 17.3
      vertex 1.56495 37.9734 17.3
    endloop
  endfacet
  facet normal -0.659362 0.751826 0
    outer loop
      vertex 1.17157 37.6284 17.3
      vertex 1.56495 37.9734 0
      vertex 1.17157 37.6284 0
    endloop
  endfacet
  facet normal 0.321474 -0.946918 0
    outer loop
      vertex 51.8353 0.136296 0
      vertex 52.3307 0.304482 17.3
      vertex 51.8353 0.136296 17.3
    endloop
  endfacet
  facet normal 0.321474 -0.946918 0
    outer loop
      vertex 52.3307 0.304482 17.3
      vertex 51.8353 0.136296 0
      vertex 52.3307 0.304482 0
    endloop
  endfacet
  facet normal -0.195135 0.980776 0
    outer loop
      vertex 3.47789 38.7658 0
      vertex 2.96472 38.6637 17.3
      vertex 3.47789 38.7658 17.3
    endloop
  endfacet
  facet normal -0.195135 0.980776 0
    outer loop
      vertex 2.96472 38.6637 17.3
      vertex 3.47789 38.7658 0
      vertex 2.96472 38.6637 0
    endloop
  endfacet
  facet normal 0.751826 -0.659362 0
    outer loop
      vertex 53.6284 1.17157 17.3
      vertex 53.9734 1.56495 0
      vertex 53.9734 1.56495 17.3
    endloop
  endfacet
  facet normal 0.751826 -0.659362 0
    outer loop
      vertex 53.9734 1.56495 0
      vertex 53.6284 1.17157 17.3
      vertex 53.6284 1.17157 0
    endloop
  endfacet
  facet normal -0.751841 -0.659345 0
    outer loop
      vertex 1.17157 1.17157 0
      vertex 0.826586 1.56495 17.3
      vertex 0.826586 1.56495 0
    endloop
  endfacet
  facet normal -0.751841 -0.659345 0
    outer loop
      vertex 0.826586 1.56495 17.3
      vertex 1.17157 1.17157 0
      vertex 1.17157 1.17157 17.3
    endloop
  endfacet
  facet normal 0.19508 -0.980787 0
    outer loop
      vertex 51.3221 0.0342197 0
      vertex 51.8353 0.136296 17.3
      vertex 51.3221 0.0342197 17.3
    endloop
  endfacet
  facet normal 0.19508 -0.980787 0
    outer loop
      vertex 51.8353 0.136296 17.3
      vertex 51.3221 0.0342197 0
      vertex 51.8353 0.136296 0
    endloop
  endfacet
  facet normal -0.555566 -0.831472 0
    outer loop
      vertex 1.56495 0.826586 0
      vertex 2 0.535898 17.3
      vertex 1.56495 0.826586 17.3
    endloop
  endfacet
  facet normal -0.555566 -0.831472 -0
    outer loop
      vertex 2 0.535898 17.3
      vertex 1.56495 0.826586 0
      vertex 2 0.535898 0
    endloop
  endfacet
  facet normal -0.555582 0.831462 0
    outer loop
      vertex 2 38.2641 0
      vertex 1.56495 37.9734 17.3
      vertex 2 38.2641 17.3
    endloop
  endfacet
  facet normal -0.555582 0.831462 0
    outer loop
      vertex 1.56495 37.9734 17.3
      vertex 2 38.2641 0
      vertex 1.56495 37.9734 0
    endloop
  endfacet
  facet normal 0 0 1
    outer loop
      vertex 50.8 38.8 17.3
      vertex 54.8 34.8 17.3
      vertex 54.7658 35.3221 17.3
    endloop
  endfacet
  facet normal 0 0 1
    outer loop
      vertex 54.8 34.8 17.3
      vertex 30.0309 34.8 17.3
      vertex 54.8 4 17.3
    endloop
  endfacet
  facet normal 0 0 1
    outer loop
      vertex 50.8 38.8 17.3
      vertex 54.7658 35.3221 17.3
      vertex 54.6637 35.8353 17.3
    endloop
  endfacet
  facet normal 0 -0 1
    outer loop
      vertex 50.8 0 17.3
      vertex 54.8 4 17.3
      vertex 30.0309 34.8 17.3
    endloop
  endfacet
  facet normal 0 0 1
    outer loop
      vertex 50.8 38.8 17.3
      vertex 54.6637 35.8353 17.3
      vertex 54.4955 36.3307 17.3
    endloop
  endfacet
  facet normal 0 0 1
    outer loop
      vertex 54.8 4 17.3
      vertex 50.8 0 17.3
      vertex 54.7658 3.47789 17.3
    endloop
  endfacet
  facet normal 0 0 1
    outer loop
      vertex 50.8 38.8 17.3
      vertex 54.4955 36.3307 17.3
      vertex 54.2641 36.8 17.3
    endloop
  endfacet
  facet normal 0 0 1
    outer loop
      vertex 54.7658 3.47789 17.3
      vertex 50.8 0 17.3
      vertex 54.6637 2.96472 17.3
    endloop
  endfacet
  facet normal 0 0 1
    outer loop
      vertex 50.8 38.8 17.3
      vertex 54.2641 36.8 17.3
      vertex 53.9734 37.235 17.3
    endloop
  endfacet
  facet normal 0 0 1
    outer loop
      vertex 54.6637 2.96472 17.3
      vertex 50.8 0 17.3
      vertex 54.4955 2.46927 17.3
    endloop
  endfacet
  facet normal 0 0 1
    outer loop
      vertex 50.8 38.8 17.3
      vertex 53.9734 37.235 17.3
      vertex 53.6284 37.6284 17.3
    endloop
  endfacet
  facet normal 0 0 1
    outer loop
      vertex 54.8 34.8 17.3
      vertex 50.8 38.8 17.3
      vertex 30.0309 34.8 17.3
    endloop
  endfacet
  facet normal 0 0 1
    outer loop
      vertex 50.8 38.8 17.3
      vertex 53.6284 37.6284 17.3
      vertex 53.235 37.9734 17.3
    endloop
  endfacet
  facet normal 0 0 1
    outer loop
      vertex 54.4955 2.46927 17.3
      vertex 50.8 0 17.3
      vertex 54.2641 2 17.3
    endloop
  endfacet
  facet normal 0 0 1
    outer loop
      vertex 50.8 38.8 17.3
      vertex 53.235 37.9734 17.3
      vertex 52.8 38.2641 17.3
    endloop
  endfacet
  facet normal 0 0 1
    outer loop
      vertex 53.9734 1.56495 17.3
      vertex 50.8 0 17.3
      vertex 53.6284 1.17157 17.3
    endloop
  endfacet
  facet normal 0 0 1
    outer loop
      vertex 50.8 38.8 17.3
      vertex 52.8 38.2641 17.3
      vertex 52.3307 38.4955 17.3
    endloop
  endfacet
  facet normal 0 0 1
    outer loop
      vertex 53.6284 1.17157 17.3
      vertex 50.8 0 17.3
      vertex 53.235 0.826586 17.3
    endloop
  endfacet
  facet normal 0 0 1
    outer loop
      vertex 50.8 38.8 17.3
      vertex 52.3307 38.4955 17.3
      vertex 51.8353 38.6637 17.3
    endloop
  endfacet
  facet normal 0 0 1
    outer loop
      vertex 53.235 0.826586 17.3
      vertex 50.8 0 17.3
      vertex 52.8 0.535898 17.3
    endloop
  endfacet
  facet normal 0 0 1
    outer loop
      vertex 50.8 38.8 17.3
      vertex 51.8353 38.6637 17.3
      vertex 51.3221 38.7658 17.3
    endloop
  endfacet
  facet normal 0 0 1
    outer loop
      vertex 52.8 0.535898 17.3
      vertex 50.8 0 17.3
      vertex 52.3307 0.304482 17.3
    endloop
  endfacet
  facet normal 0 0 1
    outer loop
      vertex 52.3307 0.304482 17.3
      vertex 50.8 0 17.3
      vertex 51.8353 0.136296 17.3
    endloop
  endfacet
  facet normal 0 0 1
    outer loop
      vertex 51.8353 0.136296 17.3
      vertex 50.8 0 17.3
      vertex 51.3221 0.0342197 17.3
    endloop
  endfacet
  facet normal 0 0 1
    outer loop
      vertex 30.0309 34.8 17.3
      vertex 50.8 38.8 17.3
      vertex 30.0309 37.8 17.3
    endloop
  endfacet
  facet normal 0 0 1
    outer loop
      vertex 50.8 38.8 17.3
      vertex 24.7691 37.8 17.3
      vertex 30.0309 37.8 17.3
    endloop
  endfacet
  facet normal 0 0 1
    outer loop
      vertex 24.7691 37.8 17.3
      vertex 4 38.8 17.3
      vertex 24.7691 34.8 17.3
    endloop
  endfacet
  facet normal -0 0 1
    outer loop
      vertex 4 38.8 17.3
      vertex 24.7691 37.8 17.3
      vertex 50.8 38.8 17.3
    endloop
  endfacet
  facet normal 0 0 1
    outer loop
      vertex 54.2641 2 17.3
      vertex 50.8 0 17.3
      vertex 53.9734 1.56495 17.3
    endloop
  endfacet
  facet normal -0 0 1
    outer loop
      vertex 24.7691 34.8 17.3
      vertex 50.8 0 17.3
      vertex 30.0309 34.8 17.3
    endloop
  endfacet
  facet normal 0 0 1
    outer loop
      vertex 0 34.8 17.3
      vertex 24.7691 34.8 17.3
      vertex 4 38.8 17.3
    endloop
  endfacet
  facet normal 0 0 1
    outer loop
      vertex 24.7691 34.8 17.3
      vertex 4 0 17.3
      vertex 50.8 0 17.3
    endloop
  endfacet
  facet normal 0 0 1
    outer loop
      vertex 0 34.8 17.3
      vertex 4 38.8 17.3
      vertex 3.47789 38.7658 17.3
    endloop
  endfacet
  facet normal 0 0 1
    outer loop
      vertex 0 4 17.3
      vertex 24.7691 34.8 17.3
      vertex 0 34.8 17.3
    endloop
  endfacet
  facet normal 0 0 1
    outer loop
      vertex 0 34.8 17.3
      vertex 3.47789 38.7658 17.3
      vertex 2.96472 38.6637 17.3
    endloop
  endfacet
  facet normal 0 0 1
    outer loop
      vertex 24.7691 34.8 17.3
      vertex 0 4 17.3
      vertex 4 0 17.3
    endloop
  endfacet
  facet normal 0 0 1
    outer loop
      vertex 0 34.8 17.3
      vertex 2.96472 38.6637 17.3
      vertex 2.46927 38.4955 17.3
    endloop
  endfacet
  facet normal 0 0 1
    outer loop
      vertex 4 0 17.3
      vertex 0 4 17.3
      vertex 3.47789 0.0342197 17.3
    endloop
  endfacet
  facet normal 0 0 1
    outer loop
      vertex 0 34.8 17.3
      vertex 2.46927 38.4955 17.3
      vertex 2 38.2641 17.3
    endloop
  endfacet
  facet normal 0 0 1
    outer loop
      vertex 3.47789 0.0342197 17.3
      vertex 0 4 17.3
      vertex 2.96472 0.136296 17.3
    endloop
  endfacet
  facet normal 0 0 1
    outer loop
      vertex 0 34.8 17.3
      vertex 2 38.2641 17.3
      vertex 1.56495 37.9734 17.3
    endloop
  endfacet
  facet normal 0 0 1
    outer loop
      vertex 2.96472 0.136296 17.3
      vertex 0 4 17.3
      vertex 2.46927 0.304482 17.3
    endloop
  endfacet
  facet normal 0 0 1
    outer loop
      vertex 0 34.8 17.3
      vertex 1.56495 37.9734 17.3
      vertex 1.17157 37.6284 17.3
    endloop
  endfacet
  facet normal 0 0 1
    outer loop
      vertex 2.46927 0.304482 17.3
      vertex 0 4 17.3
      vertex 2 0.535898 17.3
    endloop
  endfacet
  facet normal 0 0 1
    outer loop
      vertex 0 34.8 17.3
      vertex 1.17157 37.6284 17.3
      vertex 0.826586 37.235 17.3
    endloop
  endfacet
  facet normal 0 0 1
    outer loop
      vertex 2 0.535898 17.3
      vertex 0 4 17.3
      vertex 1.56495 0.826586 17.3
    endloop
  endfacet
  facet normal 0 0 1
    outer loop
      vertex 0 34.8 17.3
      vertex 0.826586 37.235 17.3
      vertex 0.535898 36.8 17.3
    endloop
  endfacet
  facet normal 0 0 1
    outer loop
      vertex 1.56495 0.826586 17.3
      vertex 0 4 17.3
      vertex 1.17157 1.17157 17.3
    endloop
  endfacet
  facet normal 0 0 1
    outer loop
      vertex 0 34.8 17.3
      vertex 0.535898 36.8 17.3
      vertex 0.304482 36.3307 17.3
    endloop
  endfacet
  facet normal 0 0 1
    outer loop
      vertex 1.17157 1.17157 17.3
      vertex 0 4 17.3
      vertex 0.826586 1.56495 17.3
    endloop
  endfacet
  facet normal 0 0 1
    outer loop
      vertex 0 34.8 17.3
      vertex 0.304482 36.3307 17.3
      vertex 0.136296 35.8353 17.3
    endloop
  endfacet
  facet normal 0 0 1
    outer loop
      vertex 0.826586 1.56495 17.3
      vertex 0 4 17.3
      vertex 0.535898 2 17.3
    endloop
  endfacet
  facet normal 0 0 1
    outer loop
      vertex 0 34.8 17.3
      vertex 0.136296 35.8353 17.3
      vertex 0.0342197 35.3221 17.3
    endloop
  endfacet
  facet normal 0 0 1
    outer loop
      vertex 0.535898 2 17.3
      vertex 0 4 17.3
      vertex 0.304482 2.46927 17.3
    endloop
  endfacet
  facet normal 0 0 1
    outer loop
      vertex 0.304482 2.46927 17.3
      vertex 0 4 17.3
      vertex 0.136296 2.96472 17.3
    endloop
  endfacet
  facet normal 0 0 1
    outer loop
      vertex 0.136296 2.96472 17.3
      vertex 0 4 17.3
      vertex 0.0342197 3.47789 17.3
    endloop
  endfacet
  facet normal 0.980784 0.195094 0
    outer loop
      vertex 2.06815 3.48236 16.3
      vertex 2.01711 3.73895 2
      vertex 2.01711 3.73895 16.3
    endloop
  endfacet
  facet normal 0.980784 0.195094 0
    outer loop
      vertex 2.01711 3.73895 2
      vertex 2.06815 3.48236 16.3
      vertex 2.06815 3.48236 2
    endloop
  endfacet
  facet normal 0.442299 0.896868 -0
    outer loop
      vertex 3.23463 2.15224 2
      vertex 3 2.26795 16.3
      vertex 3.23463 2.15224 16.3
    endloop
  endfacet
  facet normal 0.442299 0.896868 0
    outer loop
      vertex 3 2.26795 16.3
      vertex 3.23463 2.15224 2
      vertex 3 2.26795 2
    endloop
  endfacet
  facet normal -0.659343 0.751842 0
    outer loop
      vertex 52.2142 2.58579 2
      vertex 52.0175 2.41329 16.3
      vertex 52.2142 2.58579 16.3
    endloop
  endfacet
  facet normal -0.659343 0.751842 0
    outer loop
      vertex 52.0175 2.41329 16.3
      vertex 52.2142 2.58579 2
      vertex 52.0175 2.41329 2
    endloop
  endfacet
  facet normal 0 -1 0
    outer loop
      vertex 4 36.8 16.3
      vertex 23.5167 36.8 16.1214
      vertex 23.6693 36.8 16.3
    endloop
  endfacet
  facet normal 0 -1 0
    outer loop
      vertex 4 36.8 16.3
      vertex 23.1232 36.8 15.4792
      vertex 23.5167 36.8 16.1214
    endloop
  endfacet
  facet normal 0 -1 0
    outer loop
      vertex 4 36.8 16.3
      vertex 22.8349 36.8 14.7833
      vertex 23.1232 36.8 15.4792
    endloop
  endfacet
  facet normal 0 -1 0
    outer loop
      vertex 4 36.8 16.3
      vertex 22.6591 36.8 14.0509
      vertex 22.8349 36.8 14.7833
    endloop
  endfacet
  facet normal 0 -1 0
    outer loop
      vertex 4 36.8 16.3
      vertex 22.6 36.8 13.3
      vertex 22.6591 36.8 14.0509
    endloop
  endfacet
  facet normal 0 -1 0
    outer loop
      vertex 4 36.8 16.3
      vertex 22.6591 36.8 12.5491
      vertex 22.6 36.8 13.3
    endloop
  endfacet
  facet normal 0 -1 0
    outer loop
      vertex 4 36.8 16.3
      vertex 22.8349 36.8 11.8167
      vertex 22.6591 36.8 12.5491
    endloop
  endfacet
  facet normal 0 -1 0
    outer loop
      vertex 4 36.8 2
      vertex 22.8349 36.8 11.8167
      vertex 4 36.8 16.3
    endloop
  endfacet
  facet normal 0 -1 -0
    outer loop
      vertex 22.8349 36.8 11.8167
      vertex 4 36.8 2
      vertex 23.1232 36.8 11.1208
    endloop
  endfacet
  facet normal 0 -1 -0
    outer loop
      vertex 23.1232 36.8 11.1208
      vertex 4 36.8 2
      vertex 23.5167 36.8 10.4786
    endloop
  endfacet
  facet normal 0 -1 -0
    outer loop
      vertex 23.5167 36.8 10.4786
      vertex 4 36.8 2
      vertex 24.0059 36.8 9.90589
    endloop
  endfacet
  facet normal 0 -1 -0
    outer loop
      vertex 24.0059 36.8 9.90589
      vertex 4 36.8 2
      vertex 24.5786 36.8 9.41672
    endloop
  endfacet
  facet normal 0 -1 -0
    outer loop
      vertex 24.5786 36.8 9.41672
      vertex 4 36.8 2
      vertex 25.2208 36.8 9.02317
    endloop
  endfacet
  facet normal 0 -1 -0
    outer loop
      vertex 26.6491 36.8 8.5591
      vertex 4 36.8 2
      vertex 27.4 36.8 8.5
    endloop
  endfacet
  facet normal 0 -1 -0
    outer loop
      vertex 25.9167 36.8 8.73493
      vertex 4 36.8 2
      vertex 26.6491 36.8 8.5591
    endloop
  endfacet
  facet normal 0 -1 -0
    outer loop
      vertex 25.2208 36.8 9.02317
      vertex 4 36.8 2
      vertex 25.9167 36.8 8.73493
    endloop
  endfacet
  facet normal 0 -1 0
    outer loop
      vertex 31.2833 36.8 16.1214
      vertex 50.8 36.8 16.3
      vertex 31.1307 36.8 16.3
    endloop
  endfacet
  facet normal 0 -1 0
    outer loop
      vertex 31.6768 36.8 15.4792
      vertex 50.8 36.8 16.3
      vertex 31.2833 36.8 16.1214
    endloop
  endfacet
  facet normal 0 -1 0
    outer loop
      vertex 31.9651 36.8 14.7833
      vertex 50.8 36.8 16.3
      vertex 31.6768 36.8 15.4792
    endloop
  endfacet
  facet normal 0 -1 0
    outer loop
      vertex 32.1409 36.8 14.0509
      vertex 50.8 36.8 16.3
      vertex 31.9651 36.8 14.7833
    endloop
  endfacet
  facet normal 0 -1 0
    outer loop
      vertex 32.2 36.8 13.3
      vertex 50.8 36.8 16.3
      vertex 32.1409 36.8 14.0509
    endloop
  endfacet
  facet normal 0 -1 0
    outer loop
      vertex 32.1409 36.8 12.5491
      vertex 50.8 36.8 16.3
      vertex 32.2 36.8 13.3
    endloop
  endfacet
  facet normal 0 -1 0
    outer loop
      vertex 31.9651 36.8 11.8167
      vertex 50.8 36.8 16.3
      vertex 32.1409 36.8 12.5491
    endloop
  endfacet
  facet normal 0 -1 0
    outer loop
      vertex 50.8 36.8 2
      vertex 31.9651 36.8 11.8167
      vertex 31.6768 36.8 11.1208
    endloop
  endfacet
  facet normal 0 -1 0
    outer loop
      vertex 50.8 36.8 2
      vertex 31.6768 36.8 11.1208
      vertex 31.2833 36.8 10.4786
    endloop
  endfacet
  facet normal 0 -1 0
    outer loop
      vertex 50.8 36.8 2
      vertex 31.2833 36.8 10.4786
      vertex 30.7941 36.8 9.90589
    endloop
  endfacet
  facet normal 0 -1 0
    outer loop
      vertex 50.8 36.8 2
      vertex 30.7941 36.8 9.90589
      vertex 30.2214 36.8 9.41672
    endloop
  endfacet
  facet normal 0 -1 0
    outer loop
      vertex 50.8 36.8 2
      vertex 30.2214 36.8 9.41672
      vertex 29.5792 36.8 9.02317
    endloop
  endfacet
  facet normal 0 -1 0
    outer loop
      vertex 50.8 36.8 2
      vertex 29.5792 36.8 9.02317
      vertex 28.8833 36.8 8.73493
    endloop
  endfacet
  facet normal 0 -1 0
    outer loop
      vertex 50.8 36.8 2
      vertex 27.4 36.8 8.5
      vertex 4 36.8 2
    endloop
  endfacet
  facet normal 0 -1 0
    outer loop
      vertex 27.4 36.8 8.5
      vertex 50.8 36.8 2
      vertex 28.1509 36.8 8.5591
    endloop
  endfacet
  facet normal 0 -1 0
    outer loop
      vertex 31.9651 36.8 11.8167
      vertex 50.8 36.8 2
      vertex 50.8 36.8 16.3
    endloop
  endfacet
  facet normal 0 -1 0
    outer loop
      vertex 28.1509 36.8 8.5591
      vertex 50.8 36.8 2
      vertex 28.8833 36.8 8.73493
    endloop
  endfacet
  facet normal 0 -1 0
    outer loop
      vertex 27.0871 36.8 15.2754
      vertex 27.7129 36.8 15.2754
      vertex 27.4 36.8 15.3
    endloop
  endfacet
  facet normal 0 -1 0
    outer loop
      vertex 26.782 36.8 15.2021
      vertex 27.7129 36.8 15.2754
      vertex 27.0871 36.8 15.2754
    endloop
  endfacet
  facet normal 0 -1 0
    outer loop
      vertex 26.782 36.8 15.2021
      vertex 28.018 36.8 15.2021
      vertex 27.7129 36.8 15.2754
    endloop
  endfacet
  facet normal 0 -1 0
    outer loop
      vertex 26.492 36.8 15.082
      vertex 28.018 36.8 15.2021
      vertex 26.782 36.8 15.2021
    endloop
  endfacet
  facet normal 0 -1 0
    outer loop
      vertex 26.492 36.8 15.082
      vertex 28.308 36.8 15.082
      vertex 28.018 36.8 15.2021
    endloop
  endfacet
  facet normal 0 -1 0
    outer loop
      vertex 26.2244 36.8 14.918
      vertex 28.308 36.8 15.082
      vertex 26.492 36.8 15.082
    endloop
  endfacet
  facet normal 0 -1 0
    outer loop
      vertex 26.2244 36.8 14.918
      vertex 28.5756 36.8 14.918
      vertex 28.308 36.8 15.082
    endloop
  endfacet
  facet normal 0 -1 0
    outer loop
      vertex 25.9858 36.8 14.7142
      vertex 28.5756 36.8 14.918
      vertex 26.2244 36.8 14.918
    endloop
  endfacet
  facet normal 0 -1 0
    outer loop
      vertex 25.9858 36.8 14.7142
      vertex 28.8142 36.8 14.7142
      vertex 28.5756 36.8 14.918
    endloop
  endfacet
  facet normal 0 -1 0
    outer loop
      vertex 25.782 36.8 14.4756
      vertex 28.8142 36.8 14.7142
      vertex 25.9858 36.8 14.7142
    endloop
  endfacet
  facet normal 0 -1 0
    outer loop
      vertex 25.782 36.8 14.4756
      vertex 29.018 36.8 14.4756
      vertex 28.8142 36.8 14.7142
    endloop
  endfacet
  facet normal 0 -1 0
    outer loop
      vertex 25.618 36.8 14.208
      vertex 29.018 36.8 14.4756
      vertex 25.782 36.8 14.4756
    endloop
  endfacet
  facet normal 0 -1 0
    outer loop
      vertex 25.618 36.8 14.208
      vertex 29.182 36.8 14.208
      vertex 29.018 36.8 14.4756
    endloop
  endfacet
  facet normal 0 -1 0
    outer loop
      vertex 25.4979 36.8 13.918
      vertex 29.182 36.8 14.208
      vertex 25.618 36.8 14.208
    endloop
  endfacet
  facet normal 0 -1 0
    outer loop
      vertex 25.4979 36.8 13.918
      vertex 29.3021 36.8 13.918
      vertex 29.182 36.8 14.208
    endloop
  endfacet
  facet normal 0 -1 0
    outer loop
      vertex 25.4246 36.8 13.6129
      vertex 29.3021 36.8 13.918
      vertex 25.4979 36.8 13.918
    endloop
  endfacet
  facet normal 0 -1 0
    outer loop
      vertex 25.4246 36.8 13.6129
      vertex 29.3754 36.8 13.6129
      vertex 29.3021 36.8 13.918
    endloop
  endfacet
  facet normal 0 -1 0
    outer loop
      vertex 25.4 36.8 13.3
      vertex 29.3754 36.8 13.6129
      vertex 25.4246 36.8 13.6129
    endloop
  endfacet
  facet normal 0 -1 0
    outer loop
      vertex 25.4 36.8 13.3
      vertex 29.4 36.8 13.3
      vertex 29.3754 36.8 13.6129
    endloop
  endfacet
  facet normal 0 -1 0
    outer loop
      vertex 25.4246 36.8 12.9871
      vertex 29.4 36.8 13.3
      vertex 25.4 36.8 13.3
    endloop
  endfacet
  facet normal 0 -1 0
    outer loop
      vertex 25.4246 36.8 12.9871
      vertex 29.3754 36.8 12.9871
      vertex 29.4 36.8 13.3
    endloop
  endfacet
  facet normal 0 -1 0
    outer loop
      vertex 25.4979 36.8 12.682
      vertex 29.3754 36.8 12.9871
      vertex 25.4246 36.8 12.9871
    endloop
  endfacet
  facet normal 0 -1 0
    outer loop
      vertex 25.4979 36.8 12.682
      vertex 29.3021 36.8 12.682
      vertex 29.3754 36.8 12.9871
    endloop
  endfacet
  facet normal 0 -1 0
    outer loop
      vertex 25.618 36.8 12.392
      vertex 29.3021 36.8 12.682
      vertex 25.4979 36.8 12.682
    endloop
  endfacet
  facet normal 0 -1 0
    outer loop
      vertex 25.618 36.8 12.392
      vertex 29.182 36.8 12.392
      vertex 29.3021 36.8 12.682
    endloop
  endfacet
  facet normal 0 -1 0
    outer loop
      vertex 25.782 36.8 12.1244
      vertex 29.182 36.8 12.392
      vertex 25.618 36.8 12.392
    endloop
  endfacet
  facet normal 0 -1 0
    outer loop
      vertex 25.782 36.8 12.1244
      vertex 29.018 36.8 12.1244
      vertex 29.182 36.8 12.392
    endloop
  endfacet
  facet normal 0 -1 0
    outer loop
      vertex 25.9858 36.8 11.8858
      vertex 29.018 36.8 12.1244
      vertex 25.782 36.8 12.1244
    endloop
  endfacet
  facet normal 0 -1 0
    outer loop
      vertex 25.9858 36.8 11.8858
      vertex 28.8142 36.8 11.8858
      vertex 29.018 36.8 12.1244
    endloop
  endfacet
  facet normal 0 -1 0
    outer loop
      vertex 26.2244 36.8 11.682
      vertex 28.8142 36.8 11.8858
      vertex 25.9858 36.8 11.8858
    endloop
  endfacet
  facet normal 0 -1 0
    outer loop
      vertex 26.2244 36.8 11.682
      vertex 28.5756 36.8 11.682
      vertex 28.8142 36.8 11.8858
    endloop
  endfacet
  facet normal 0 -1 0
    outer loop
      vertex 26.492 36.8 11.518
      vertex 28.5756 36.8 11.682
      vertex 26.2244 36.8 11.682
    endloop
  endfacet
  facet normal 0 -1 0
    outer loop
      vertex 26.492 36.8 11.518
      vertex 28.308 36.8 11.518
      vertex 28.5756 36.8 11.682
    endloop
  endfacet
  facet normal 0 -1 0
    outer loop
      vertex 26.782 36.8 11.3979
      vertex 28.308 36.8 11.518
      vertex 26.492 36.8 11.518
    endloop
  endfacet
  facet normal 0 -1 0
    outer loop
      vertex 26.782 36.8 11.3979
      vertex 28.018 36.8 11.3979
      vertex 28.308 36.8 11.518
    endloop
  endfacet
  facet normal 0 -1 0
    outer loop
      vertex 27.0871 36.8 11.3246
      vertex 28.018 36.8 11.3979
      vertex 26.782 36.8 11.3979
    endloop
  endfacet
  facet normal 0 -1 0
    outer loop
      vertex 27.0871 36.8 11.3246
      vertex 27.7129 36.8 11.3246
      vertex 28.018 36.8 11.3979
    endloop
  endfacet
  facet normal -0 -1 0
    outer loop
      vertex 27.7129 36.8 11.3246
      vertex 27.0871 36.8 11.3246
      vertex 27.4 36.8 11.3
    endloop
  endfacet
  facet normal 0.83145 -0.5556 0
    outer loop
      vertex 2.26795 35.8 16.3
      vertex 2.41329 36.0175 2
      vertex 2.41329 36.0175 16.3
    endloop
  endfacet
  facet normal 0.83145 -0.5556 0
    outer loop
      vertex 2.41329 36.0175 2
      vertex 2.26795 35.8 16.3
      vertex 2.26795 35.8 2
    endloop
  endfacet
  facet normal 0.442268 -0.896883 0
    outer loop
      vertex 3 36.5321 2
      vertex 3.23463 36.6478 16.3
      vertex 3 36.5321 16.3
    endloop
  endfacet
  facet normal 0.442268 -0.896883 0
    outer loop
      vertex 3.23463 36.6478 16.3
      vertex 3 36.5321 2
      vertex 3.23463 36.6478 2
    endloop
  endfacet
  facet normal 0 1 0
    outer loop
      vertex 50.8 2 16.3
      vertex 32.15 2 7.5
      vertex 4 2 16.3
    endloop
  endfacet
  facet normal 0 1 -0
    outer loop
      vertex 50.8 2 2
      vertex 32.15 2 7.5
      vertex 50.8 2 16.3
    endloop
  endfacet
  facet normal 0 1 0
    outer loop
      vertex 32.15 2 4
      vertex 50.8 2 2
      vertex 22.65 2 4
    endloop
  endfacet
  facet normal 0 1 0
    outer loop
      vertex 32.15 2 7.5
      vertex 50.8 2 2
      vertex 32.15 2 4
    endloop
  endfacet
  facet normal 0 1 -0
    outer loop
      vertex 22.65 2 7.5
      vertex 4 2 16.3
      vertex 32.15 2 7.5
    endloop
  endfacet
  facet normal 0 1 0
    outer loop
      vertex 4 2 2
      vertex 22.65 2 7.5
      vertex 22.65 2 4
    endloop
  endfacet
  facet normal 0 1 0
    outer loop
      vertex 22.65 2 7.5
      vertex 4 2 2
      vertex 4 2 16.3
    endloop
  endfacet
  facet normal 0 1 0
    outer loop
      vertex 4 2 2
      vertex 22.65 2 4
      vertex 50.8 2 2
    endloop
  endfacet
  facet normal 0.659362 -0.751826 0
    outer loop
      vertex 2.58579 36.2142 2
      vertex 2.78248 36.3867 16.3
      vertex 2.58579 36.2142 16.3
    endloop
  endfacet
  facet normal 0.659362 -0.751826 0
    outer loop
      vertex 2.78248 36.3867 16.3
      vertex 2.58579 36.2142 2
      vertex 2.78248 36.3867 2
    endloop
  endfacet
  facet normal 0.195094 0.980784 -0
    outer loop
      vertex 3.73895 2.01711 2
      vertex 3.48236 2.06815 16.3
      vertex 3.73895 2.01711 16.3
    endloop
  endfacet
  facet normal 0.195094 0.980784 0
    outer loop
      vertex 3.48236 2.06815 16.3
      vertex 3.73895 2.01711 2
      vertex 3.48236 2.06815 2
    endloop
  endfacet
  facet normal 0.751842 -0.659343 0
    outer loop
      vertex 2.41329 36.0175 16.3
      vertex 2.58579 36.2142 2
      vertex 2.58579 36.2142 16.3
    endloop
  endfacet
  facet normal 0.751842 -0.659343 0
    outer loop
      vertex 2.58579 36.2142 2
      vertex 2.41329 36.0175 16.3
      vertex 2.41329 36.0175 2
    endloop
  endfacet
  facet normal 1 0 0
    outer loop
      vertex 2 34.8 16.3
      vertex 2 21.4 8.65
      vertex 2 34.8 2
    endloop
  endfacet
  facet normal 1 0 0
    outer loop
      vertex 2 34.8 16.3
      vertex 2 21.3616 9.04018
      vertex 2 21.4 8.65
    endloop
  endfacet
  facet normal 1 0 0
    outer loop
      vertex 2 34.8 16.3
      vertex 2 21.2478 9.41537
      vertex 2 21.3616 9.04018
    endloop
  endfacet
  facet normal 1 0 0
    outer loop
      vertex 2 34.8 16.3
      vertex 2 21.0629 9.76114
      vertex 2 21.2478 9.41537
    endloop
  endfacet
  facet normal 1 0 0
    outer loop
      vertex 2 34.8 16.3
      vertex 2 20.8142 10.0642
      vertex 2 21.0629 9.76114
    endloop
  endfacet
  facet normal 1 0 0
    outer loop
      vertex 2 34.8 16.3
      vertex 2 20.5111 10.3129
      vertex 2 20.8142 10.0642
    endloop
  endfacet
  facet normal 1 0 0
    outer loop
      vertex 2 34.8 16.3
      vertex 2 20.1654 10.4978
      vertex 2 20.5111 10.3129
    endloop
  endfacet
  facet normal 1 0 0
    outer loop
      vertex 2 34.8 16.3
      vertex 2 19.7902 10.6116
      vertex 2 20.1654 10.4978
    endloop
  endfacet
  facet normal 1 0 0
    outer loop
      vertex 2 34.8 16.3
      vertex 2 19.4 10.65
      vertex 2 19.7902 10.6116
    endloop
  endfacet
  facet normal 1 -0 0
    outer loop
      vertex 2 4 16.3
      vertex 2 19.4 10.65
      vertex 2 34.8 16.3
    endloop
  endfacet
  facet normal 1 0 0
    outer loop
      vertex 2 19.4 10.65
      vertex 2 4 16.3
      vertex 2 19.0098 10.6116
    endloop
  endfacet
  facet normal 1 0 0
    outer loop
      vertex 2 17.4384 9.04018
      vertex 2 4 16.3
      vertex 2 17.4 8.65
    endloop
  endfacet
  facet normal 1 0 0
    outer loop
      vertex 2 17.5522 9.41537
      vertex 2 4 16.3
      vertex 2 17.4384 9.04018
    endloop
  endfacet
  facet normal 1 0 0
    outer loop
      vertex 2 17.7371 9.76114
      vertex 2 4 16.3
      vertex 2 17.5522 9.41537
    endloop
  endfacet
  facet normal 1 0 0
    outer loop
      vertex 2 17.9858 10.0642
      vertex 2 4 16.3
      vertex 2 17.7371 9.76114
    endloop
  endfacet
  facet normal 1 0 0
    outer loop
      vertex 2 18.2889 10.3129
      vertex 2 4 16.3
      vertex 2 17.9858 10.0642
    endloop
  endfacet
  facet normal 1 0 0
    outer loop
      vertex 2 18.6346 10.4978
      vertex 2 4 16.3
      vertex 2 18.2889 10.3129
    endloop
  endfacet
  facet normal 1 0 0
    outer loop
      vertex 2 19.0098 10.6116
      vertex 2 4 16.3
      vertex 2 18.6346 10.4978
    endloop
  endfacet
  facet normal 1 -0 0
    outer loop
      vertex 2 21.3616 8.25982
      vertex 2 34.8 2
      vertex 2 21.4 8.65
    endloop
  endfacet
  facet normal 1 -0 0
    outer loop
      vertex 2 21.2478 7.88463
      vertex 2 34.8 2
      vertex 2 21.3616 8.25982
    endloop
  endfacet
  facet normal 1 -0 0
    outer loop
      vertex 2 21.0629 7.53886
      vertex 2 34.8 2
      vertex 2 21.2478 7.88463
    endloop
  endfacet
  facet normal 1 -0 0
    outer loop
      vertex 2 20.8142 7.23579
      vertex 2 34.8 2
      vertex 2 21.0629 7.53886
    endloop
  endfacet
  facet normal 1 -0 0
    outer loop
      vertex 2 20.5111 6.98706
      vertex 2 34.8 2
      vertex 2 20.8142 7.23579
    endloop
  endfacet
  facet normal 1 -0 0
    outer loop
      vertex 2 20.1654 6.80224
      vertex 2 34.8 2
      vertex 2 20.5111 6.98706
    endloop
  endfacet
  facet normal 1 -0 0
    outer loop
      vertex 2 19.7902 6.68843
      vertex 2 34.8 2
      vertex 2 20.1654 6.80224
    endloop
  endfacet
  facet normal 1 -0 0
    outer loop
      vertex 2 19.4 6.65
      vertex 2 34.8 2
      vertex 2 19.7902 6.68843
    endloop
  endfacet
  facet normal 1 0 0
    outer loop
      vertex 2 4 2
      vertex 2 19.4 6.65
      vertex 2 19.0098 6.68843
    endloop
  endfacet
  facet normal 1 0 0
    outer loop
      vertex 2 4 2
      vertex 2 17.4 8.65
      vertex 2 4 16.3
    endloop
  endfacet
  facet normal 1 0 0
    outer loop
      vertex 2 17.4 8.65
      vertex 2 4 2
      vertex 2 17.4384 8.25982
    endloop
  endfacet
  facet normal 1 0 0
    outer loop
      vertex 2 17.4384 8.25982
      vertex 2 4 2
      vertex 2 17.5522 7.88463
    endloop
  endfacet
  facet normal 1 0 0
    outer loop
      vertex 2 17.5522 7.88463
      vertex 2 4 2
      vertex 2 17.7371 7.53886
    endloop
  endfacet
  facet normal 1 0 0
    outer loop
      vertex 2 17.7371 7.53886
      vertex 2 4 2
      vertex 2 17.9858 7.23579
    endloop
  endfacet
  facet normal 1 0 0
    outer loop
      vertex 2 19.4 6.65
      vertex 2 4 2
      vertex 2 34.8 2
    endloop
  endfacet
  facet normal 1 0 0
    outer loop
      vertex 2 18.6346 6.80224
      vertex 2 4 2
      vertex 2 19.0098 6.68843
    endloop
  endfacet
  facet normal 1 0 0
    outer loop
      vertex 2 18.2889 6.98706
      vertex 2 4 2
      vertex 2 18.6346 6.80224
    endloop
  endfacet
  facet normal 1 0 0
    outer loop
      vertex 2 17.9858 7.23579
      vertex 2 4 2
      vertex 2 18.2889 6.98706
    endloop
  endfacet
  facet normal -0.195381 -0.980727 0
    outer loop
      vertex 51.0611 36.7829 2
      vertex 51.3176 36.7318 16.3
      vertex 51.0611 36.7829 16.3
    endloop
  endfacet
  facet normal -0.195381 -0.980727 -0
    outer loop
      vertex 51.3176 36.7318 16.3
      vertex 51.0611 36.7829 2
      vertex 51.3176 36.7318 2
    endloop
  endfacet
  facet normal 0.831474 0.555564 0
    outer loop
      vertex 2.41329 2.78248 16.3
      vertex 2.26795 3 2
      vertex 2.26795 3 16.3
    endloop
  endfacet
  facet normal 0.831474 0.555564 0
    outer loop
      vertex 2.26795 3 2
      vertex 2.41329 2.78248 16.3
      vertex 2.41329 2.78248 2
    endloop
  endfacet
  facet normal 0.0654027 0.997859 -0
    outer loop
      vertex 4 2 2
      vertex 3.73895 2.01711 16.3
      vertex 4 2 16.3
    endloop
  endfacet
  facet normal 0.0654027 0.997859 0
    outer loop
      vertex 3.73895 2.01711 16.3
      vertex 4 2 2
      vertex 3.73895 2.01711 2
    endloop
  endfacet
  facet normal -0.659343 -0.751842 0
    outer loop
      vertex 52.0175 36.3867 2
      vertex 52.2142 36.2142 16.3
      vertex 52.0175 36.3867 16.3
    endloop
  endfacet
  facet normal -0.659343 -0.751842 -0
    outer loop
      vertex 52.2142 36.2142 16.3
      vertex 52.0175 36.3867 2
      vertex 52.2142 36.2142 2
    endloop
  endfacet
  facet normal 0 0 -1
    outer loop
      vertex 50.8 2 16.3
      vertex 52.8 4 16.3
      vertex 52.7829 3.73895 16.3
    endloop
  endfacet
  facet normal 0 0 -1
    outer loop
      vertex 52.8 4 16.3
      vertex 31.1307 34.8 16.3
      vertex 52.8 34.8 16.3
    endloop
  endfacet
  facet normal 0 0 -1
    outer loop
      vertex 50.8 2 16.3
      vertex 52.7829 3.73895 16.3
      vertex 52.7318 3.48236 16.3
    endloop
  endfacet
  facet normal 0 -0 -1
    outer loop
      vertex 50.8 36.8 16.3
      vertex 52.8 34.8 16.3
      vertex 31.1307 34.8 16.3
    endloop
  endfacet
  facet normal 0 0 -1
    outer loop
      vertex 50.8 2 16.3
      vertex 52.7318 3.48236 16.3
      vertex 52.6478 3.23463 16.3
    endloop
  endfacet
  facet normal 0 0 -1
    outer loop
      vertex 52.8 34.8 16.3
      vertex 50.8 36.8 16.3
      vertex 52.7829 35.0611 16.3
    endloop
  endfacet
  facet normal 0 0 -1
    outer loop
      vertex 50.8 2 16.3
      vertex 52.6478 3.23463 16.3
      vertex 52.5321 3 16.3
    endloop
  endfacet
  facet normal 0 0 -1
    outer loop
      vertex 52.7829 35.0611 16.3
      vertex 50.8 36.8 16.3
      vertex 52.7318 35.3176 16.3
    endloop
  endfacet
  facet normal 0 0 -1
    outer loop
      vertex 50.8 2 16.3
      vertex 52.5321 3 16.3
      vertex 52.3867 2.78248 16.3
    endloop
  endfacet
  facet normal -0 0 -1
    outer loop
      vertex 52.8 4 16.3
      vertex 50.8 2 16.3
      vertex 31.1307 34.8 16.3
    endloop
  endfacet
  facet normal 0 0 -1
    outer loop
      vertex 50.8 2 16.3
      vertex 52.3867 2.78248 16.3
      vertex 52.2142 2.58579 16.3
    endloop
  endfacet
  facet normal 0 0 -1
    outer loop
      vertex 52.7318 35.3176 16.3
      vertex 50.8 36.8 16.3
      vertex 52.6478 35.5654 16.3
    endloop
  endfacet
  facet normal 0 0 -1
    outer loop
      vertex 50.8 2 16.3
      vertex 52.2142 2.58579 16.3
      vertex 52.0175 2.41329 16.3
    endloop
  endfacet
  facet normal 0 0 -1
    outer loop
      vertex 52.5321 35.8 16.3
      vertex 50.8 36.8 16.3
      vertex 52.3867 36.0175 16.3
    endloop
  endfacet
  facet normal 0 0 -1
    outer loop
      vertex 50.8 2 16.3
      vertex 52.0175 2.41329 16.3
      vertex 51.8 2.26795 16.3
    endloop
  endfacet
  facet normal 0 0 -1
    outer loop
      vertex 52.3867 36.0175 16.3
      vertex 50.8 36.8 16.3
      vertex 52.2142 36.2142 16.3
    endloop
  endfacet
  facet normal 0 0 -1
    outer loop
      vertex 50.8 2 16.3
      vertex 51.8 2.26795 16.3
      vertex 51.5654 2.15224 16.3
    endloop
  endfacet
  facet normal 0 0 -1
    outer loop
      vertex 52.2142 36.2142 16.3
      vertex 50.8 36.8 16.3
      vertex 52.0175 36.3867 16.3
    endloop
  endfacet
  facet normal 0 0 -1
    outer loop
      vertex 50.8 2 16.3
      vertex 51.5654 2.15224 16.3
      vertex 51.3176 2.06815 16.3
    endloop
  endfacet
  facet normal 0 0 -1
    outer loop
      vertex 52.0175 36.3867 16.3
      vertex 50.8 36.8 16.3
      vertex 51.8 36.5321 16.3
    endloop
  endfacet
  facet normal 0 0 -1
    outer loop
      vertex 50.8 2 16.3
      vertex 51.3176 2.06815 16.3
      vertex 51.0611 2.01711 16.3
    endloop
  endfacet
  facet normal 0 0 -1
    outer loop
      vertex 51.8 36.5321 16.3
      vertex 50.8 36.8 16.3
      vertex 51.5654 36.6478 16.3
    endloop
  endfacet
  facet normal 0 0 -1
    outer loop
      vertex 51.5654 36.6478 16.3
      vertex 50.8 36.8 16.3
      vertex 51.3176 36.7318 16.3
    endloop
  endfacet
  facet normal 0 0 -1
    outer loop
      vertex 51.3176 36.7318 16.3
      vertex 50.8 36.8 16.3
      vertex 51.0611 36.7829 16.3
    endloop
  endfacet
  facet normal 0 0 -1
    outer loop
      vertex 52.6478 35.5654 16.3
      vertex 50.8 36.8 16.3
      vertex 52.5321 35.8 16.3
    endloop
  endfacet
  facet normal 0 0 -1
    outer loop
      vertex 50.8 2 16.3
      vertex 23.6693 34.8 16.3
      vertex 31.1307 34.8 16.3
    endloop
  endfacet
  facet normal 0 0 -1
    outer loop
      vertex 4 2 16.3
      vertex 23.6693 34.8 16.3
      vertex 50.8 2 16.3
    endloop
  endfacet
  facet normal 0 0 -1
    outer loop
      vertex 2 4 16.3
      vertex 23.6693 34.8 16.3
      vertex 4 2 16.3
    endloop
  endfacet
  facet normal 0 0 -1
    outer loop
      vertex 2 34.8 16.3
      vertex 23.6693 34.8 16.3
      vertex 2 4 16.3
    endloop
  endfacet
  facet normal 0 0 -1
    outer loop
      vertex 2 4 16.3
      vertex 4 2 16.3
      vertex 3.73895 2.01711 16.3
    endloop
  endfacet
  facet normal 0 -0 -1
    outer loop
      vertex 4 36.8 16.3
      vertex 23.6693 34.8 16.3
      vertex 2 34.8 16.3
    endloop
  endfacet
  facet normal 0 0 -1
    outer loop
      vertex 2 4 16.3
      vertex 3.73895 2.01711 16.3
      vertex 3.48236 2.06815 16.3
    endloop
  endfacet
  facet normal 0 0 -1
    outer loop
      vertex 23.6693 34.8 16.3
      vertex 4 36.8 16.3
      vertex 23.6693 36.8 16.3
    endloop
  endfacet
  facet normal 0 0 -1
    outer loop
      vertex 2 4 16.3
      vertex 3.48236 2.06815 16.3
      vertex 3.23463 2.15224 16.3
    endloop
  endfacet
  facet normal 0 0 -1
    outer loop
      vertex 4 36.8 16.3
      vertex 2 34.8 16.3
      vertex 3.73895 36.7829 16.3
    endloop
  endfacet
  facet normal 0 0 -1
    outer loop
      vertex 2 4 16.3
      vertex 3.23463 2.15224 16.3
      vertex 3 2.26795 16.3
    endloop
  endfacet
  facet normal 0 0 -1
    outer loop
      vertex 3.73895 36.7829 16.3
      vertex 2 34.8 16.3
      vertex 3.48236 36.7318 16.3
    endloop
  endfacet
  facet normal 0 0 -1
    outer loop
      vertex 2 4 16.3
      vertex 3 2.26795 16.3
      vertex 2.78248 2.41329 16.3
    endloop
  endfacet
  facet normal 0 0 -1
    outer loop
      vertex 3.48236 36.7318 16.3
      vertex 2 34.8 16.3
      vertex 3.23463 36.6478 16.3
    endloop
  endfacet
  facet normal 0 0 -1
    outer loop
      vertex 2 4 16.3
      vertex 2.78248 2.41329 16.3
      vertex 2.58579 2.58579 16.3
    endloop
  endfacet
  facet normal 0 0 -1
    outer loop
      vertex 3.23463 36.6478 16.3
      vertex 2 34.8 16.3
      vertex 3 36.5321 16.3
    endloop
  endfacet
  facet normal 0 0 -1
    outer loop
      vertex 2 4 16.3
      vertex 2.58579 2.58579 16.3
      vertex 2.41329 2.78248 16.3
    endloop
  endfacet
  facet normal 0 0 -1
    outer loop
      vertex 3 36.5321 16.3
      vertex 2 34.8 16.3
      vertex 2.78248 36.3867 16.3
    endloop
  endfacet
  facet normal 0 0 -1
    outer loop
      vertex 2 4 16.3
      vertex 2.41329 2.78248 16.3
      vertex 2.26795 3 16.3
    endloop
  endfacet
  facet normal 0 0 -1
    outer loop
      vertex 2.78248 36.3867 16.3
      vertex 2 34.8 16.3
      vertex 2.58579 36.2142 16.3
    endloop
  endfacet
  facet normal 0 0 -1
    outer loop
      vertex 2 4 16.3
      vertex 2.26795 3 16.3
      vertex 2.15224 3.23463 16.3
    endloop
  endfacet
  facet normal 0 0 -1
    outer loop
      vertex 2.58579 36.2142 16.3
      vertex 2 34.8 16.3
      vertex 2.41329 36.0175 16.3
    endloop
  endfacet
  facet normal 0 0 -1
    outer loop
      vertex 2 4 16.3
      vertex 2.15224 3.23463 16.3
      vertex 2.06815 3.48236 16.3
    endloop
  endfacet
  facet normal 0 0 -1
    outer loop
      vertex 2.41329 36.0175 16.3
      vertex 2 34.8 16.3
      vertex 2.26795 35.8 16.3
    endloop
  endfacet
  facet normal 0 0 -1
    outer loop
      vertex 2 4 16.3
      vertex 2.06815 3.48236 16.3
      vertex 2.01711 3.73895 16.3
    endloop
  endfacet
  facet normal 0 0 -1
    outer loop
      vertex 2.26795 35.8 16.3
      vertex 2 34.8 16.3
      vertex 2.15224 35.5654 16.3
    endloop
  endfacet
  facet normal 0 0 -1
    outer loop
      vertex 2.15224 35.5654 16.3
      vertex 2 34.8 16.3
      vertex 2.06815 35.3176 16.3
    endloop
  endfacet
  facet normal 0 0 -1
    outer loop
      vertex 2.06815 35.3176 16.3
      vertex 2 34.8 16.3
      vertex 2.01711 35.0611 16.3
    endloop
  endfacet
  facet normal -0 0 -1
    outer loop
      vertex 50.8 36.8 16.3
      vertex 31.1307 34.8 16.3
      vertex 31.1307 36.8 16.3
    endloop
  endfacet
  facet normal -1 0 0
    outer loop
      vertex 52.8 4 2
      vertex 52.8 34.8 16.3
      vertex 52.8 34.8 2
    endloop
  endfacet
  facet normal -1 -0 0
    outer loop
      vertex 52.8 34.8 16.3
      vertex 52.8 4 2
      vertex 52.8 4 16.3
    endloop
  endfacet
  facet normal 0.99786 -0.0653902 0
    outer loop
      vertex 2 34.8 16.3
      vertex 2.01711 35.0611 2
      vertex 2.01711 35.0611 16.3
    endloop
  endfacet
  facet normal 0.99786 -0.0653902 0
    outer loop
      vertex 2.01711 35.0611 2
      vertex 2 34.8 16.3
      vertex 2 34.8 2
    endloop
  endfacet
  facet normal 0.946961 -0.321348 0
    outer loop
      vertex 2.06815 35.3176 16.3
      vertex 2.15224 35.5654 2
      vertex 2.15224 35.5654 16.3
    endloop
  endfacet
  facet normal 0.946961 -0.321348 0
    outer loop
      vertex 2.15224 35.5654 2
      vertex 2.06815 35.3176 16.3
      vertex 2.06815 35.3176 2
    endloop
  endfacet
  facet normal -0.555758 -0.831344 0
    outer loop
      vertex 51.8 36.5321 2
      vertex 52.0175 36.3867 16.3
      vertex 51.8 36.5321 16.3
    endloop
  endfacet
  facet normal -0.555758 -0.831344 -0
    outer loop
      vertex 52.0175 36.3867 16.3
      vertex 51.8 36.5321 2
      vertex 52.0175 36.3867 2
    endloop
  endfacet
  facet normal 0.555564 0.831474 -0
    outer loop
      vertex 3 2.26795 2
      vertex 2.78248 2.41329 16.3
      vertex 3 2.26795 16.3
    endloop
  endfacet
  facet normal 0.555564 0.831474 0
    outer loop
      vertex 2.78248 2.41329 16.3
      vertex 3 2.26795 2
      vertex 2.78248 2.41329 2
    endloop
  endfacet
  facet normal -0.980727 -0.195381 0
    outer loop
      vertex 52.7829 35.0611 2
      vertex 52.7318 35.3176 16.3
      vertex 52.7318 35.3176 2
    endloop
  endfacet
  facet normal -0.980727 -0.195381 0
    outer loop
      vertex 52.7318 35.3176 16.3
      vertex 52.7829 35.0611 2
      vertex 52.7829 35.0611 16.3
    endloop
  endfacet
  facet normal -0.89686 -0.442314 0
    outer loop
      vertex 52.6478 35.5654 2
      vertex 52.5321 35.8 16.3
      vertex 52.5321 35.8 2
    endloop
  endfacet
  facet normal -0.89686 -0.442314 0
    outer loop
      vertex 52.5321 35.8 16.3
      vertex 52.6478 35.5654 2
      vertex 52.6478 35.5654 16.3
    endloop
  endfacet
  facet normal -0.997861 0.0653646 0
    outer loop
      vertex 52.7829 3.73895 2
      vertex 52.8 4 16.3
      vertex 52.8 4 2
    endloop
  endfacet
  facet normal -0.997861 0.0653646 0
    outer loop
      vertex 52.8 4 16.3
      vertex 52.7829 3.73895 2
      vertex 52.7829 3.73895 16.3
    endloop
  endfacet
  facet normal -0.0653521 -0.997862 0
    outer loop
      vertex 50.8 36.8 2
      vertex 51.0611 36.7829 16.3
      vertex 50.8 36.8 16.3
    endloop
  endfacet
  facet normal -0.0653521 -0.997862 -0
    outer loop
      vertex 51.0611 36.7829 16.3
      vertex 50.8 36.8 2
      vertex 51.0611 36.7829 2
    endloop
  endfacet
  facet normal -0.0653902 0.99786 0
    outer loop
      vertex 51.0611 2.01711 2
      vertex 50.8 2 16.3
      vertex 51.0611 2.01711 16.3
    endloop
  endfacet
  facet normal -0.0653902 0.99786 0
    outer loop
      vertex 50.8 2 16.3
      vertex 51.0611 2.01711 2
      vertex 50.8 2 2
    endloop
  endfacet
  facet normal -0.19516 0.980771 0
    outer loop
      vertex 51.3176 2.06815 2
      vertex 51.0611 2.01711 16.3
      vertex 51.3176 2.06815 16.3
    endloop
  endfacet
  facet normal -0.19516 0.980771 0
    outer loop
      vertex 51.0611 2.01711 16.3
      vertex 51.3176 2.06815 2
      vertex 51.0611 2.01711 2
    endloop
  endfacet
  facet normal 0.195315 -0.980741 0
    outer loop
      vertex 3.48236 36.7318 2
      vertex 3.73895 36.7829 16.3
      vertex 3.48236 36.7318 16.3
    endloop
  endfacet
  facet normal 0.195315 -0.980741 0
    outer loop
      vertex 3.73895 36.7829 16.3
      vertex 3.48236 36.7318 2
      vertex 3.73895 36.7829 2
    endloop
  endfacet
  facet normal 0.0653646 -0.997861 0
    outer loop
      vertex 3.73895 36.7829 2
      vertex 4 36.8 16.3
      vertex 3.73895 36.7829 16.3
    endloop
  endfacet
  facet normal 0.0653646 -0.997861 0
    outer loop
      vertex 4 36.8 16.3
      vertex 3.73895 36.7829 2
      vertex 4 36.8 2
    endloop
  endfacet
  facet normal 0.321429 0.946934 -0
    outer loop
      vertex 3.48236 2.06815 2
      vertex 3.23463 2.15224 16.3
      vertex 3.48236 2.06815 16.3
    endloop
  endfacet
  facet normal 0.321429 0.946934 0
    outer loop
      vertex 3.23463 2.15224 16.3
      vertex 3.48236 2.06815 2
      vertex 3.23463 2.15224 2
    endloop
  endfacet
  facet normal -0.980741 0.195315 0
    outer loop
      vertex 52.7318 3.48236 2
      vertex 52.7829 3.73895 16.3
      vertex 52.7829 3.73895 2
    endloop
  endfacet
  facet normal -0.980741 0.195315 0
    outer loop
      vertex 52.7829 3.73895 16.3
      vertex 52.7318 3.48236 2
      vertex 52.7318 3.48236 16.3
    endloop
  endfacet
  facet normal 0.659362 0.751826 -0
    outer loop
      vertex 2.78248 2.41329 2
      vertex 2.58579 2.58579 16.3
      vertex 2.78248 2.41329 16.3
    endloop
  endfacet
  facet normal 0.659362 0.751826 0
    outer loop
      vertex 2.58579 2.58579 16.3
      vertex 2.78248 2.41329 2
      vertex 2.58579 2.58579 2
    endloop
  endfacet
  facet normal -0.321039 -0.947066 0
    outer loop
      vertex 51.3176 36.7318 2
      vertex 51.5654 36.6478 16.3
      vertex 51.3176 36.7318 16.3
    endloop
  endfacet
  facet normal -0.321039 -0.947066 -0
    outer loop
      vertex 51.5654 36.6478 16.3
      vertex 51.3176 36.7318 2
      vertex 51.5654 36.6478 2
    endloop
  endfacet
  facet normal 0.980771 -0.19516 0
    outer loop
      vertex 2.01711 35.0611 16.3
      vertex 2.06815 35.3176 2
      vertex 2.06815 35.3176 16.3
    endloop
  endfacet
  facet normal 0.980771 -0.19516 0
    outer loop
      vertex 2.06815 35.3176 2
      vertex 2.01711 35.0611 16.3
      vertex 2.01711 35.0611 2
    endloop
  endfacet
  facet normal -0.997862 -0.0653521 0
    outer loop
      vertex 52.8 34.8 2
      vertex 52.7829 35.0611 16.3
      vertex 52.7829 35.0611 2
    endloop
  endfacet
  facet normal -0.997862 -0.0653521 0
    outer loop
      vertex 52.7829 35.0611 16.3
      vertex 52.8 34.8 2
      vertex 52.8 34.8 16.3
    endloop
  endfacet
  facet normal 0.555723 -0.831368 0
    outer loop
      vertex 2.78248 36.3867 2
      vertex 3 36.5321 16.3
      vertex 2.78248 36.3867 16.3
    endloop
  endfacet
  facet normal 0.555723 -0.831368 0
    outer loop
      vertex 3 36.5321 16.3
      vertex 2.78248 36.3867 2
      vertex 3 36.5321 2
    endloop
  endfacet
  facet normal 0.946934 0.321429 0
    outer loop
      vertex 2.15224 3.23463 16.3
      vertex 2.06815 3.48236 2
      vertex 2.06815 3.48236 16.3
    endloop
  endfacet
  facet normal 0.946934 0.321429 0
    outer loop
      vertex 2.06815 3.48236 2
      vertex 2.15224 3.23463 16.3
      vertex 2.15224 3.23463 2
    endloop
  endfacet
  facet normal -0.947038 0.321121 0
    outer loop
      vertex 52.6478 3.23463 2
      vertex 52.7318 3.48236 16.3
      vertex 52.7318 3.48236 2
    endloop
  endfacet
  facet normal -0.947038 0.321121 0
    outer loop
      vertex 52.7318 3.48236 16.3
      vertex 52.6478 3.23463 2
      vertex 52.6478 3.23463 16.3
    endloop
  endfacet
  facet normal 0.321121 -0.947038 0
    outer loop
      vertex 3.23463 36.6478 2
      vertex 3.48236 36.7318 16.3
      vertex 3.23463 36.6478 16.3
    endloop
  endfacet
  facet normal 0.321121 -0.947038 0
    outer loop
      vertex 3.48236 36.7318 16.3
      vertex 3.23463 36.6478 2
      vertex 3.48236 36.7318 2
    endloop
  endfacet
  facet normal -0.5556 0.83145 0
    outer loop
      vertex 52.0175 2.41329 2
      vertex 51.8 2.26795 16.3
      vertex 52.0175 2.41329 16.3
    endloop
  endfacet
  facet normal -0.5556 0.83145 0
    outer loop
      vertex 51.8 2.26795 16.3
      vertex 52.0175 2.41329 2
      vertex 51.8 2.26795 2
    endloop
  endfacet
  facet normal -0.831368 0.555723 0
    outer loop
      vertex 52.3867 2.78248 2
      vertex 52.5321 3 16.3
      vertex 52.5321 3 2
    endloop
  endfacet
  facet normal -0.831368 0.555723 0
    outer loop
      vertex 52.5321 3 16.3
      vertex 52.3867 2.78248 2
      vertex 52.3867 2.78248 16.3
    endloop
  endfacet
  facet normal -0.321348 0.946961 0
    outer loop
      vertex 51.5654 2.15224 2
      vertex 51.3176 2.06815 16.3
      vertex 51.5654 2.15224 16.3
    endloop
  endfacet
  facet normal -0.321348 0.946961 0
    outer loop
      vertex 51.3176 2.06815 16.3
      vertex 51.5654 2.15224 2
      vertex 51.3176 2.06815 2
    endloop
  endfacet
  facet normal -0.947066 -0.321039 0
    outer loop
      vertex 52.7318 35.3176 2
      vertex 52.6478 35.5654 16.3
      vertex 52.6478 35.5654 2
    endloop
  endfacet
  facet normal -0.947066 -0.321039 0
    outer loop
      vertex 52.6478 35.5654 16.3
      vertex 52.7318 35.3176 2
      vertex 52.7318 35.3176 16.3
    endloop
  endfacet
  facet normal 0.896845 -0.442344 0
    outer loop
      vertex 2.15224 35.5654 16.3
      vertex 2.26795 35.8 2
      vertex 2.26795 35.8 16.3
    endloop
  endfacet
  facet normal 0.896845 -0.442344 0
    outer loop
      vertex 2.26795 35.8 2
      vertex 2.15224 35.5654 16.3
      vertex 2.15224 35.5654 2
    endloop
  endfacet
  facet normal 0.751826 0.659362 0
    outer loop
      vertex 2.58579 2.58579 16.3
      vertex 2.41329 2.78248 2
      vertex 2.41329 2.78248 16.3
    endloop
  endfacet
  facet normal 0.751826 0.659362 0
    outer loop
      vertex 2.41329 2.78248 2
      vertex 2.58579 2.58579 16.3
      vertex 2.58579 2.58579 2
    endloop
  endfacet
  facet normal -0.751826 0.659362 0
    outer loop
      vertex 52.2142 2.58579 2
      vertex 52.3867 2.78248 16.3
      vertex 52.3867 2.78248 2
    endloop
  endfacet
  facet normal -0.751826 0.659362 0
    outer loop
      vertex 52.3867 2.78248 16.3
      vertex 52.2142 2.58579 2
      vertex 52.2142 2.58579 16.3
    endloop
  endfacet
  facet normal 0.997859 0.0654027 0
    outer loop
      vertex 2.01711 3.73895 16.3
      vertex 2 4 2
      vertex 2 4 16.3
    endloop
  endfacet
  facet normal 0.997859 0.0654027 0
    outer loop
      vertex 2 4 2
      vertex 2.01711 3.73895 16.3
      vertex 2.01711 3.73895 2
    endloop
  endfacet
  facet normal -0.831344 -0.555758 0
    outer loop
      vertex 52.5321 35.8 2
      vertex 52.3867 36.0175 16.3
      vertex 52.3867 36.0175 2
    endloop
  endfacet
  facet normal -0.831344 -0.555758 0
    outer loop
      vertex 52.3867 36.0175 16.3
      vertex 52.5321 35.8 2
      vertex 52.5321 35.8 16.3
    endloop
  endfacet
  facet normal -0.751842 -0.659343 0
    outer loop
      vertex 52.3867 36.0175 2
      vertex 52.2142 36.2142 16.3
      vertex 52.2142 36.2142 2
    endloop
  endfacet
  facet normal -0.751842 -0.659343 0
    outer loop
      vertex 52.2142 36.2142 16.3
      vertex 52.3867 36.0175 2
      vertex 52.3867 36.0175 16.3
    endloop
  endfacet
  facet normal -0.896883 0.442268 0
    outer loop
      vertex 52.5321 3 2
      vertex 52.6478 3.23463 16.3
      vertex 52.6478 3.23463 2
    endloop
  endfacet
  facet normal -0.896883 0.442268 0
    outer loop
      vertex 52.6478 3.23463 16.3
      vertex 52.5321 3 2
      vertex 52.5321 3 16.3
    endloop
  endfacet
  facet normal -0.442314 -0.89686 0
    outer loop
      vertex 51.5654 36.6478 2
      vertex 51.8 36.5321 16.3
      vertex 51.5654 36.6478 16.3
    endloop
  endfacet
  facet normal -0.442314 -0.89686 -0
    outer loop
      vertex 51.8 36.5321 16.3
      vertex 51.5654 36.6478 2
      vertex 51.8 36.5321 2
    endloop
  endfacet
  facet normal -0.442344 0.896845 0
    outer loop
      vertex 51.8 2.26795 2
      vertex 51.5654 2.15224 16.3
      vertex 51.8 2.26795 16.3
    endloop
  endfacet
  facet normal -0.442344 0.896845 0
    outer loop
      vertex 51.5654 2.15224 16.3
      vertex 51.8 2.26795 2
      vertex 51.5654 2.15224 2
    endloop
  endfacet
  facet normal 0.896868 0.442299 0
    outer loop
      vertex 2.26795 3 16.3
      vertex 2.15224 3.23463 2
      vertex 2.15224 3.23463 16.3
    endloop
  endfacet
  facet normal 0.896868 0.442299 0
    outer loop
      vertex 2.15224 3.23463 2
      vertex 2.26795 3 16.3
      vertex 2.26795 3 2
    endloop
  endfacet
  facet normal 0 0 1
    outer loop
      vertex 50.8 36.8 2
      vertex 52.8 34.8 2
      vertex 52.7829 35.0611 2
    endloop
  endfacet
  facet normal 0 0 1
    outer loop
      vertex 52.8 34.8 2
      vertex 31.9 19.4 2
      vertex 52.8 4 2
    endloop
  endfacet
  facet normal 0 0 1
    outer loop
      vertex 50.8 36.8 2
      vertex 52.7829 35.0611 2
      vertex 52.7318 35.3176 2
    endloop
  endfacet
  facet normal -0 0 1
    outer loop
      vertex 31.8615 18.8126 2
      vertex 52.8 4 2
      vertex 31.9 19.4 2
    endloop
  endfacet
  facet normal 0 0 1
    outer loop
      vertex 50.8 36.8 2
      vertex 52.7318 35.3176 2
      vertex 52.6478 35.5654 2
    endloop
  endfacet
  facet normal -0 0 1
    outer loop
      vertex 31.7467 18.2353 2
      vertex 52.8 4 2
      vertex 31.8615 18.8126 2
    endloop
  endfacet
  facet normal 0 0 1
    outer loop
      vertex 50.8 36.8 2
      vertex 52.6478 35.5654 2
      vertex 52.5321 35.8 2
    endloop
  endfacet
  facet normal -0 0 1
    outer loop
      vertex 31.5575 17.6779 2
      vertex 52.8 4 2
      vertex 31.7467 18.2353 2
    endloop
  endfacet
  facet normal 0 0 1
    outer loop
      vertex 50.8 36.8 2
      vertex 52.5321 35.8 2
      vertex 52.3867 36.0175 2
    endloop
  endfacet
  facet normal 0 -0 1
    outer loop
      vertex 50.8 2 2
      vertex 52.8 4 2
      vertex 31.5575 17.6779 2
    endloop
  endfacet
  facet normal 0 0 1
    outer loop
      vertex 50.8 36.8 2
      vertex 52.3867 36.0175 2
      vertex 52.2142 36.2142 2
    endloop
  endfacet
  facet normal 0 0 1
    outer loop
      vertex 52.8 4 2
      vertex 50.8 2 2
      vertex 52.7829 3.73895 2
    endloop
  endfacet
  facet normal 0 0 1
    outer loop
      vertex 50.8 36.8 2
      vertex 52.2142 36.2142 2
      vertex 52.0175 36.3867 2
    endloop
  endfacet
  facet normal 0 0 1
    outer loop
      vertex 52.7318 3.48236 2
      vertex 50.8 2 2
      vertex 52.6478 3.23463 2
    endloop
  endfacet
  facet normal 0 0 1
    outer loop
      vertex 50.8 36.8 2
      vertex 52.0175 36.3867 2
      vertex 51.8 36.5321 2
    endloop
  endfacet
  facet normal 0 0 1
    outer loop
      vertex 52.6478 3.23463 2
      vertex 50.8 2 2
      vertex 52.5321 3 2
    endloop
  endfacet
  facet normal 0 0 1
    outer loop
      vertex 50.8 36.8 2
      vertex 51.8 36.5321 2
      vertex 51.5654 36.6478 2
    endloop
  endfacet
  facet normal 0 0 1
    outer loop
      vertex 52.3867 2.78248 2
      vertex 50.8 2 2
      vertex 52.2142 2.58579 2
    endloop
  endfacet
  facet normal 0 0 1
    outer loop
      vertex 50.8 36.8 2
      vertex 51.5654 36.6478 2
      vertex 51.3176 36.7318 2
    endloop
  endfacet
  facet normal 0 0 1
    outer loop
      vertex 52.2142 2.58579 2
      vertex 50.8 2 2
      vertex 52.0175 2.41329 2
    endloop
  endfacet
  facet normal 0 0 1
    outer loop
      vertex 50.8 36.8 2
      vertex 51.3176 36.7318 2
      vertex 51.0611 36.7829 2
    endloop
  endfacet
  facet normal 0 0 1
    outer loop
      vertex 52.8 34.8 2
      vertex 50.8 36.8 2
      vertex 31.5575 21.1221 2
    endloop
  endfacet
  facet normal 0 0 1
    outer loop
      vertex 51.8 2.26795 2
      vertex 50.8 2 2
      vertex 51.5654 2.15224 2
    endloop
  endfacet
  facet normal 0 0 1
    outer loop
      vertex 51.3176 2.06815 2
      vertex 50.8 2 2
      vertex 51.0611 2.01711 2
    endloop
  endfacet
  facet normal 0 0 1
    outer loop
      vertex 51.5654 2.15224 2
      vertex 50.8 2 2
      vertex 51.3176 2.06815 2
    endloop
  endfacet
  facet normal 0 0 1
    outer loop
      vertex 52.8 34.8 2
      vertex 31.8615 19.9874 2
      vertex 31.9 19.4 2
    endloop
  endfacet
  facet normal 0 0 1
    outer loop
      vertex 52.8 34.8 2
      vertex 31.7467 20.5647 2
      vertex 31.8615 19.9874 2
    endloop
  endfacet
  facet normal 0 0 1
    outer loop
      vertex 52.8 34.8 2
      vertex 31.5575 21.1221 2
      vertex 31.7467 20.5647 2
    endloop
  endfacet
  facet normal 0 0 1
    outer loop
      vertex 50.8 36.8 2
      vertex 31.2971 21.65 2
      vertex 31.5575 21.1221 2
    endloop
  endfacet
  facet normal 0 0 1
    outer loop
      vertex 50.8 36.8 2
      vertex 30.9701 22.1394 2
      vertex 31.2971 21.65 2
    endloop
  endfacet
  facet normal 0 0 1
    outer loop
      vertex 50.8 36.8 2
      vertex 30.582 22.582 2
      vertex 30.9701 22.1394 2
    endloop
  endfacet
  facet normal 0 0 1
    outer loop
      vertex 50.8 36.8 2
      vertex 30.1394 22.9701 2
      vertex 30.582 22.582 2
    endloop
  endfacet
  facet normal 0 0 1
    outer loop
      vertex 50.8 36.8 2
      vertex 29.65 23.2971 2
      vertex 30.1394 22.9701 2
    endloop
  endfacet
  facet normal 0 0 1
    outer loop
      vertex 50.8 36.8 2
      vertex 29.1221 23.5575 2
      vertex 29.65 23.2971 2
    endloop
  endfacet
  facet normal 0 0 1
    outer loop
      vertex 50.8 36.8 2
      vertex 28.5647 23.7467 2
      vertex 29.1221 23.5575 2
    endloop
  endfacet
  facet normal 0 0 1
    outer loop
      vertex 50.8 36.8 2
      vertex 27.9874 23.8615 2
      vertex 28.5647 23.7467 2
    endloop
  endfacet
  facet normal 0 0 1
    outer loop
      vertex 50.8 36.8 2
      vertex 27.4 23.9 2
      vertex 27.9874 23.8615 2
    endloop
  endfacet
  facet normal -0 0 1
    outer loop
      vertex 4 36.8 2
      vertex 27.4 23.9 2
      vertex 50.8 36.8 2
    endloop
  endfacet
  facet normal 0 0 1
    outer loop
      vertex 27.4 23.9 2
      vertex 4 36.8 2
      vertex 26.8126 23.8615 2
    endloop
  endfacet
  facet normal 0 0 1
    outer loop
      vertex 26.8126 23.8615 2
      vertex 4 36.8 2
      vertex 26.2353 23.7467 2
    endloop
  endfacet
  facet normal 0 0 1
    outer loop
      vertex 26.2353 23.7467 2
      vertex 4 36.8 2
      vertex 25.6779 23.5575 2
    endloop
  endfacet
  facet normal 0 0 1
    outer loop
      vertex 23.0533 20.5647 2
      vertex 2 34.8 2
      vertex 22.9385 19.9874 2
    endloop
  endfacet
  facet normal 0 0 1
    outer loop
      vertex 23.2425 21.1221 2
      vertex 2 34.8 2
      vertex 23.0533 20.5647 2
    endloop
  endfacet
  facet normal -0 0 1
    outer loop
      vertex 2 34.8 2
      vertex 23.2425 21.1221 2
      vertex 4 36.8 2
    endloop
  endfacet
  facet normal 0 0 1
    outer loop
      vertex 23.5029 21.65 2
      vertex 4 36.8 2
      vertex 23.2425 21.1221 2
    endloop
  endfacet
  facet normal 0 0 1
    outer loop
      vertex 23.8299 22.1394 2
      vertex 4 36.8 2
      vertex 23.5029 21.65 2
    endloop
  endfacet
  facet normal 0 0 1
    outer loop
      vertex 24.218 22.582 2
      vertex 4 36.8 2
      vertex 23.8299 22.1394 2
    endloop
  endfacet
  facet normal 0 0 1
    outer loop
      vertex 24.6606 22.9701 2
      vertex 4 36.8 2
      vertex 24.218 22.582 2
    endloop
  endfacet
  facet normal 0 0 1
    outer loop
      vertex 25.15 23.2971 2
      vertex 4 36.8 2
      vertex 24.6606 22.9701 2
    endloop
  endfacet
  facet normal 0 0 1
    outer loop
      vertex 25.6779 23.5575 2
      vertex 4 36.8 2
      vertex 25.15 23.2971 2
    endloop
  endfacet
  facet normal 0 0 1
    outer loop
      vertex 52.0175 2.41329 2
      vertex 50.8 2 2
      vertex 51.8 2.26795 2
    endloop
  endfacet
  facet normal 0 0 1
    outer loop
      vertex 52.5321 3 2
      vertex 50.8 2 2
      vertex 52.3867 2.78248 2
    endloop
  endfacet
  facet normal 0 0 1
    outer loop
      vertex 52.7829 3.73895 2
      vertex 50.8 2 2
      vertex 52.7318 3.48236 2
    endloop
  endfacet
  facet normal -0 0 1
    outer loop
      vertex 31.2971 17.15 2
      vertex 50.8 2 2
      vertex 31.5575 17.6779 2
    endloop
  endfacet
  facet normal -0 0 1
    outer loop
      vertex 30.9701 16.6606 2
      vertex 50.8 2 2
      vertex 31.2971 17.15 2
    endloop
  endfacet
  facet normal -0 0 1
    outer loop
      vertex 30.582 16.218 2
      vertex 50.8 2 2
      vertex 30.9701 16.6606 2
    endloop
  endfacet
  facet normal -0 0 1
    outer loop
      vertex 30.1394 15.8299 2
      vertex 50.8 2 2
      vertex 30.582 16.218 2
    endloop
  endfacet
  facet normal -0 0 1
    outer loop
      vertex 29.65 15.5029 2
      vertex 50.8 2 2
      vertex 30.1394 15.8299 2
    endloop
  endfacet
  facet normal -0 0 1
    outer loop
      vertex 29.1221 15.2425 2
      vertex 50.8 2 2
      vertex 29.65 15.5029 2
    endloop
  endfacet
  facet normal -0 0 1
    outer loop
      vertex 28.5647 15.0533 2
      vertex 50.8 2 2
      vertex 29.1221 15.2425 2
    endloop
  endfacet
  facet normal -0 0 1
    outer loop
      vertex 27.9874 14.9385 2
      vertex 50.8 2 2
      vertex 28.5647 15.0533 2
    endloop
  endfacet
  facet normal -0 0 1
    outer loop
      vertex 27.4 14.9 2
      vertex 50.8 2 2
      vertex 27.9874 14.9385 2
    endloop
  endfacet
  facet normal 0 0 1
    outer loop
      vertex 4 2 2
      vertex 27.4 14.9 2
      vertex 26.8126 14.9385 2
    endloop
  endfacet
  facet normal 0 0 1
    outer loop
      vertex 4 2 2
      vertex 26.8126 14.9385 2
      vertex 26.2353 15.0533 2
    endloop
  endfacet
  facet normal 0 0 1
    outer loop
      vertex 4 2 2
      vertex 26.2353 15.0533 2
      vertex 25.6779 15.2425 2
    endloop
  endfacet
  facet normal 0 0 1
    outer loop
      vertex 4 2 2
      vertex 25.6779 15.2425 2
      vertex 25.15 15.5029 2
    endloop
  endfacet
  facet normal 0 0 1
    outer loop
      vertex 22.9385 19.9874 2
      vertex 2 34.8 2
      vertex 22.9 19.4 2
    endloop
  endfacet
  facet normal 0 0 1
    outer loop
      vertex 2 4 2
      vertex 22.9 19.4 2
      vertex 2 34.8 2
    endloop
  endfacet
  facet normal 0 0 1
    outer loop
      vertex 22.9 19.4 2
      vertex 2 4 2
      vertex 22.9385 18.8126 2
    endloop
  endfacet
  facet normal 0 0 1
    outer loop
      vertex 22.9385 18.8126 2
      vertex 2 4 2
      vertex 23.0533 18.2353 2
    endloop
  endfacet
  facet normal 0 0 1
    outer loop
      vertex 23.0533 18.2353 2
      vertex 2 4 2
      vertex 23.2425 17.6779 2
    endloop
  endfacet
  facet normal 0 -0 1
    outer loop
      vertex 4 2 2
      vertex 23.2425 17.6779 2
      vertex 2 4 2
    endloop
  endfacet
  facet normal 0 0 1
    outer loop
      vertex 27.4 14.9 2
      vertex 4 2 2
      vertex 50.8 2 2
    endloop
  endfacet
  facet normal 0 0 1
    outer loop
      vertex 24.6606 15.8299 2
      vertex 4 2 2
      vertex 25.15 15.5029 2
    endloop
  endfacet
  facet normal 0 0 1
    outer loop
      vertex 24.218 16.218 2
      vertex 4 2 2
      vertex 24.6606 15.8299 2
    endloop
  endfacet
  facet normal 0 0 1
    outer loop
      vertex 23.2425 17.6779 2
      vertex 4 2 2
      vertex 23.5029 17.15 2
    endloop
  endfacet
  facet normal 0 0 1
    outer loop
      vertex 2 34.8 2
      vertex 4 36.8 2
      vertex 3.73895 36.7829 2
    endloop
  endfacet
  facet normal 0 0 1
    outer loop
      vertex 23.5029 17.15 2
      vertex 4 2 2
      vertex 23.8299 16.6606 2
    endloop
  endfacet
  facet normal 0 0 1
    outer loop
      vertex 2 34.8 2
      vertex 3.73895 36.7829 2
      vertex 3.48236 36.7318 2
    endloop
  endfacet
  facet normal 0 0 1
    outer loop
      vertex 23.8299 16.6606 2
      vertex 4 2 2
      vertex 24.218 16.218 2
    endloop
  endfacet
  facet normal 0 0 1
    outer loop
      vertex 2 34.8 2
      vertex 3.48236 36.7318 2
      vertex 3.23463 36.6478 2
    endloop
  endfacet
  facet normal 0 0 1
    outer loop
      vertex 4 2 2
      vertex 2 4 2
      vertex 3.73895 2.01711 2
    endloop
  endfacet
  facet normal 0 0 1
    outer loop
      vertex 2 34.8 2
      vertex 3.23463 36.6478 2
      vertex 3 36.5321 2
    endloop
  endfacet
  facet normal 0 0 1
    outer loop
      vertex 3.73895 2.01711 2
      vertex 2 4 2
      vertex 3.48236 2.06815 2
    endloop
  endfacet
  facet normal 0 0 1
    outer loop
      vertex 2 34.8 2
      vertex 3 36.5321 2
      vertex 2.78248 36.3867 2
    endloop
  endfacet
  facet normal 0 0 1
    outer loop
      vertex 3.48236 2.06815 2
      vertex 2 4 2
      vertex 3.23463 2.15224 2
    endloop
  endfacet
  facet normal 0 0 1
    outer loop
      vertex 2 34.8 2
      vertex 2.78248 36.3867 2
      vertex 2.58579 36.2142 2
    endloop
  endfacet
  facet normal 0 0 1
    outer loop
      vertex 3.23463 2.15224 2
      vertex 2 4 2
      vertex 3 2.26795 2
    endloop
  endfacet
  facet normal 0 0 1
    outer loop
      vertex 2 34.8 2
      vertex 2.58579 36.2142 2
      vertex 2.41329 36.0175 2
    endloop
  endfacet
  facet normal 0 0 1
    outer loop
      vertex 3 2.26795 2
      vertex 2 4 2
      vertex 2.78248 2.41329 2
    endloop
  endfacet
  facet normal 0 0 1
    outer loop
      vertex 2 34.8 2
      vertex 2.41329 36.0175 2
      vertex 2.26795 35.8 2
    endloop
  endfacet
  facet normal 0 0 1
    outer loop
      vertex 2.78248 2.41329 2
      vertex 2 4 2
      vertex 2.58579 2.58579 2
    endloop
  endfacet
  facet normal 0 0 1
    outer loop
      vertex 2 34.8 2
      vertex 2.26795 35.8 2
      vertex 2.15224 35.5654 2
    endloop
  endfacet
  facet normal 0 0 1
    outer loop
      vertex 2.58579 2.58579 2
      vertex 2 4 2
      vertex 2.41329 2.78248 2
    endloop
  endfacet
  facet normal 0 0 1
    outer loop
      vertex 2 34.8 2
      vertex 2.15224 35.5654 2
      vertex 2.06815 35.3176 2
    endloop
  endfacet
  facet normal 0 0 1
    outer loop
      vertex 2.41329 2.78248 2
      vertex 2 4 2
      vertex 2.26795 3 2
    endloop
  endfacet
  facet normal 0 0 1
    outer loop
      vertex 2 34.8 2
      vertex 2.06815 35.3176 2
      vertex 2.01711 35.0611 2
    endloop
  endfacet
  facet normal 0 0 1
    outer loop
      vertex 2.26795 3 2
      vertex 2 4 2
      vertex 2.15224 3.23463 2
    endloop
  endfacet
  facet normal 0 0 1
    outer loop
      vertex 2.15224 3.23463 2
      vertex 2 4 2
      vertex 2.06815 3.48236 2
    endloop
  endfacet
  facet normal 0 0 1
    outer loop
      vertex 2.06815 3.48236 2
      vertex 2 4 2
      vertex 2.01711 3.73895 2
    endloop
  endfacet
  facet normal -0.195038 0.980796 0
    outer loop
      vertex 28.5647 15.0533 0
      vertex 27.9874 14.9385 2
      vertex 28.5647 15.0533 2
    endloop
  endfacet
  facet normal -0.195038 0.980796 0
    outer loop
      vertex 27.9874 14.9385 2
      vertex 28.5647 15.0533 0
      vertex 27.9874 14.9385 0
    endloop
  endfacet
  facet normal -0.0654027 -0.997859 0
    outer loop
      vertex 27.4 23.9 0
      vertex 27.9874 23.8615 2
      vertex 27.4 23.9 2
    endloop
  endfacet
  facet normal -0.0654027 -0.997859 -0
    outer loop
      vertex 27.9874 23.8615 2
      vertex 27.4 23.9 0
      vertex 27.9874 23.8615 0
    endloop
  endfacet
  facet normal 0.0654027 -0.997859 0
    outer loop
      vertex 26.8126 23.8615 0
      vertex 27.4 23.9 2
      vertex 26.8126 23.8615 2
    endloop
  endfacet
  facet normal 0.0654027 -0.997859 0
    outer loop
      vertex 27.4 23.9 2
      vertex 26.8126 23.8615 0
      vertex 27.4 23.9 0
    endloop
  endfacet
  facet normal -0.195038 -0.980796 0
    outer loop
      vertex 27.9874 23.8615 0
      vertex 28.5647 23.7467 2
      vertex 27.9874 23.8615 2
    endloop
  endfacet
  facet normal -0.195038 -0.980796 -0
    outer loop
      vertex 28.5647 23.7467 2
      vertex 27.9874 23.8615 0
      vertex 28.5647 23.7467 0
    endloop
  endfacet
  facet normal -0.321421 0.946936 0
    outer loop
      vertex 29.1221 15.2425 0
      vertex 28.5647 15.0533 2
      vertex 29.1221 15.2425 2
    endloop
  endfacet
  facet normal -0.321421 0.946936 0
    outer loop
      vertex 28.5647 15.0533 2
      vertex 29.1221 15.2425 0
      vertex 28.5647 15.0533 0
    endloop
  endfacet
  facet normal 0.195038 -0.980796 0
    outer loop
      vertex 26.2353 23.7467 0
      vertex 26.8126 23.8615 2
      vertex 26.2353 23.7467 2
    endloop
  endfacet
  facet normal 0.195038 -0.980796 0
    outer loop
      vertex 26.8126 23.8615 2
      vertex 26.2353 23.7467 0
      vertex 26.8126 23.8615 0
    endloop
  endfacet
  facet normal -0.442382 -0.896827 0
    outer loop
      vertex 29.1221 23.5575 0
      vertex 29.65 23.2971 2
      vertex 29.1221 23.5575 2
    endloop
  endfacet
  facet normal -0.442382 -0.896827 -0
    outer loop
      vertex 29.65 23.2971 2
      vertex 29.1221 23.5575 0
      vertex 29.65 23.2971 0
    endloop
  endfacet
  facet normal 0.442382 0.896827 -0
    outer loop
      vertex 25.6779 15.2425 0
      vertex 25.15 15.5029 2
      vertex 25.6779 15.2425 2
    endloop
  endfacet
  facet normal 0.442382 0.896827 0
    outer loop
      vertex 25.15 15.5029 2
      vertex 25.6779 15.2425 0
      vertex 25.15 15.5029 0
    endloop
  endfacet
  facet normal -0.751882 -0.659298 0
    outer loop
      vertex 30.9701 22.1394 0
      vertex 30.582 22.582 2
      vertex 30.582 22.582 0
    endloop
  endfacet
  facet normal -0.751882 -0.659298 0
    outer loop
      vertex 30.582 22.582 2
      vertex 30.9701 22.1394 0
      vertex 30.9701 22.1394 2
    endloop
  endfacet
  facet normal -0.555562 -0.831475 0
    outer loop
      vertex 29.65 23.2971 0
      vertex 30.1394 22.9701 2
      vertex 29.65 23.2971 2
    endloop
  endfacet
  facet normal -0.555562 -0.831475 -0
    outer loop
      vertex 30.1394 22.9701 2
      vertex 29.65 23.2971 0
      vertex 30.1394 22.9701 0
    endloop
  endfacet
  facet normal 0.321421 -0.946936 0
    outer loop
      vertex 25.6779 23.5575 0
      vertex 26.2353 23.7467 2
      vertex 25.6779 23.5575 2
    endloop
  endfacet
  facet normal 0.321421 -0.946936 0
    outer loop
      vertex 26.2353 23.7467 2
      vertex 25.6779 23.5575 0
      vertex 26.2353 23.7467 0
    endloop
  endfacet
  facet normal 0.997859 -0.0654027 0
    outer loop
      vertex 22.9 19.4 2
      vertex 22.9385 19.9874 0
      vertex 22.9385 19.9874 2
    endloop
  endfacet
  facet normal 0.997859 -0.0654027 0
    outer loop
      vertex 22.9385 19.9874 0
      vertex 22.9 19.4 2
      vertex 22.9 19.4 0
    endloop
  endfacet
  facet normal -0.980796 -0.195038 0
    outer loop
      vertex 31.8615 19.9874 0
      vertex 31.7467 20.5647 2
      vertex 31.7467 20.5647 0
    endloop
  endfacet
  facet normal -0.980796 -0.195038 0
    outer loop
      vertex 31.7467 20.5647 2
      vertex 31.8615 19.9874 0
      vertex 31.8615 19.9874 2
    endloop
  endfacet
  facet normal 0.896827 0.442382 0
    outer loop
      vertex 23.5029 17.15 2
      vertex 23.2425 17.6779 0
      vertex 23.2425 17.6779 2
    endloop
  endfacet
  facet normal 0.896827 0.442382 0
    outer loop
      vertex 23.2425 17.6779 0
      vertex 23.5029 17.15 2
      vertex 23.5029 17.15 0
    endloop
  endfacet
  facet normal 0.195038 0.980796 -0
    outer loop
      vertex 26.8126 14.9385 0
      vertex 26.2353 15.0533 2
      vertex 26.8126 14.9385 2
    endloop
  endfacet
  facet normal 0.195038 0.980796 0
    outer loop
      vertex 26.2353 15.0533 2
      vertex 26.8126 14.9385 0
      vertex 26.2353 15.0533 0
    endloop
  endfacet
  facet normal -0.997859 -0.0654027 0
    outer loop
      vertex 31.9 19.4 0
      vertex 31.8615 19.9874 2
      vertex 31.8615 19.9874 0
    endloop
  endfacet
  facet normal -0.997859 -0.0654027 0
    outer loop
      vertex 31.8615 19.9874 2
      vertex 31.9 19.4 0
      vertex 31.9 19.4 2
    endloop
  endfacet
  facet normal 0.442382 -0.896827 0
    outer loop
      vertex 25.15 23.2971 0
      vertex 25.6779 23.5575 2
      vertex 25.15 23.2971 2
    endloop
  endfacet
  facet normal 0.442382 -0.896827 0
    outer loop
      vertex 25.6779 23.5575 2
      vertex 25.15 23.2971 0
      vertex 25.6779 23.5575 0
    endloop
  endfacet
  facet normal -0.946936 0.321421 0
    outer loop
      vertex 31.5575 17.6779 0
      vertex 31.7467 18.2353 2
      vertex 31.7467 18.2353 0
    endloop
  endfacet
  facet normal -0.946936 0.321421 0
    outer loop
      vertex 31.7467 18.2353 2
      vertex 31.5575 17.6779 0
      vertex 31.5575 17.6779 2
    endloop
  endfacet
  facet normal -0.997859 0.0654027 0
    outer loop
      vertex 31.8615 18.8126 0
      vertex 31.9 19.4 2
      vertex 31.9 19.4 0
    endloop
  endfacet
  facet normal -0.997859 0.0654027 0
    outer loop
      vertex 31.9 19.4 2
      vertex 31.8615 18.8126 0
      vertex 31.8615 18.8126 2
    endloop
  endfacet
  facet normal 0.997859 0.0654027 0
    outer loop
      vertex 22.9385 18.8126 2
      vertex 22.9 19.4 0
      vertex 22.9 19.4 2
    endloop
  endfacet
  facet normal 0.997859 0.0654027 0
    outer loop
      vertex 22.9 19.4 0
      vertex 22.9385 18.8126 2
      vertex 22.9385 18.8126 0
    endloop
  endfacet
  facet normal -0.980796 0.195038 0
    outer loop
      vertex 31.7467 18.2353 0
      vertex 31.8615 18.8126 2
      vertex 31.8615 18.8126 0
    endloop
  endfacet
  facet normal -0.980796 0.195038 0
    outer loop
      vertex 31.8615 18.8126 2
      vertex 31.7467 18.2353 0
      vertex 31.7467 18.2353 2
    endloop
  endfacet
  facet normal -0.751882 0.659298 0
    outer loop
      vertex 30.582 16.218 0
      vertex 30.9701 16.6606 2
      vertex 30.9701 16.6606 0
    endloop
  endfacet
  facet normal -0.751882 0.659298 0
    outer loop
      vertex 30.9701 16.6606 2
      vertex 30.582 16.218 0
      vertex 30.582 16.218 2
    endloop
  endfacet
  facet normal -0.831475 -0.555562 0
    outer loop
      vertex 31.2971 21.65 0
      vertex 30.9701 22.1394 2
      vertex 30.9701 22.1394 0
    endloop
  endfacet
  facet normal -0.831475 -0.555562 0
    outer loop
      vertex 30.9701 22.1394 2
      vertex 31.2971 21.65 0
      vertex 31.2971 21.65 2
    endloop
  endfacet
  facet normal 0.751882 0.659298 0
    outer loop
      vertex 24.218 16.218 2
      vertex 23.8299 16.6606 0
      vertex 23.8299 16.6606 2
    endloop
  endfacet
  facet normal 0.751882 0.659298 0
    outer loop
      vertex 23.8299 16.6606 0
      vertex 24.218 16.218 2
      vertex 24.218 16.218 0
    endloop
  endfacet
  facet normal -0.321421 -0.946936 0
    outer loop
      vertex 28.5647 23.7467 0
      vertex 29.1221 23.5575 2
      vertex 28.5647 23.7467 2
    endloop
  endfacet
  facet normal -0.321421 -0.946936 -0
    outer loop
      vertex 29.1221 23.5575 2
      vertex 28.5647 23.7467 0
      vertex 29.1221 23.5575 0
    endloop
  endfacet
  facet normal -0.946936 -0.321421 0
    outer loop
      vertex 31.7467 20.5647 0
      vertex 31.5575 21.1221 2
      vertex 31.5575 21.1221 0
    endloop
  endfacet
  facet normal -0.946936 -0.321421 0
    outer loop
      vertex 31.5575 21.1221 2
      vertex 31.7467 20.5647 0
      vertex 31.7467 20.5647 2
    endloop
  endfacet
  facet normal 0.555562 -0.831475 0
    outer loop
      vertex 24.6606 22.9701 0
      vertex 25.15 23.2971 2
      vertex 24.6606 22.9701 2
    endloop
  endfacet
  facet normal 0.555562 -0.831475 0
    outer loop
      vertex 25.15 23.2971 2
      vertex 24.6606 22.9701 0
      vertex 25.15 23.2971 0
    endloop
  endfacet
  facet normal -0.831475 0.555562 0
    outer loop
      vertex 30.9701 16.6606 0
      vertex 31.2971 17.15 2
      vertex 31.2971 17.15 0
    endloop
  endfacet
  facet normal -0.831475 0.555562 0
    outer loop
      vertex 31.2971 17.15 2
      vertex 30.9701 16.6606 0
      vertex 30.9701 16.6606 2
    endloop
  endfacet
  facet normal -0.896827 0.442382 0
    outer loop
      vertex 31.2971 17.15 0
      vertex 31.5575 17.6779 2
      vertex 31.5575 17.6779 0
    endloop
  endfacet
  facet normal -0.896827 0.442382 0
    outer loop
      vertex 31.5575 17.6779 2
      vertex 31.2971 17.15 0
      vertex 31.2971 17.15 2
    endloop
  endfacet
  facet normal 0.555562 0.831475 -0
    outer loop
      vertex 25.15 15.5029 0
      vertex 24.6606 15.8299 2
      vertex 25.15 15.5029 2
    endloop
  endfacet
  facet normal 0.555562 0.831475 0
    outer loop
      vertex 24.6606 15.8299 2
      vertex 25.15 15.5029 0
      vertex 24.6606 15.8299 0
    endloop
  endfacet
  facet normal -0.659298 -0.751882 0
    outer loop
      vertex 30.1394 22.9701 0
      vertex 30.582 22.582 2
      vertex 30.1394 22.9701 2
    endloop
  endfacet
  facet normal -0.659298 -0.751882 -0
    outer loop
      vertex 30.582 22.582 2
      vertex 30.1394 22.9701 0
      vertex 30.582 22.582 0
    endloop
  endfacet
  facet normal 0.980796 0.195038 0
    outer loop
      vertex 23.0533 18.2353 2
      vertex 22.9385 18.8126 0
      vertex 22.9385 18.8126 2
    endloop
  endfacet
  facet normal 0.980796 0.195038 0
    outer loop
      vertex 22.9385 18.8126 0
      vertex 23.0533 18.2353 2
      vertex 23.0533 18.2353 0
    endloop
  endfacet
  facet normal -0.442382 0.896827 0
    outer loop
      vertex 29.65 15.5029 0
      vertex 29.1221 15.2425 2
      vertex 29.65 15.5029 2
    endloop
  endfacet
  facet normal -0.442382 0.896827 0
    outer loop
      vertex 29.1221 15.2425 2
      vertex 29.65 15.5029 0
      vertex 29.1221 15.2425 0
    endloop
  endfacet
  facet normal 0.751882 -0.659298 0
    outer loop
      vertex 23.8299 22.1394 2
      vertex 24.218 22.582 0
      vertex 24.218 22.582 2
    endloop
  endfacet
  facet normal 0.751882 -0.659298 0
    outer loop
      vertex 24.218 22.582 0
      vertex 23.8299 22.1394 2
      vertex 23.8299 22.1394 0
    endloop
  endfacet
  facet normal -0.896827 -0.442382 0
    outer loop
      vertex 31.5575 21.1221 0
      vertex 31.2971 21.65 2
      vertex 31.2971 21.65 0
    endloop
  endfacet
  facet normal -0.896827 -0.442382 0
    outer loop
      vertex 31.2971 21.65 2
      vertex 31.5575 21.1221 0
      vertex 31.5575 21.1221 2
    endloop
  endfacet
  facet normal 0.896827 -0.442382 0
    outer loop
      vertex 23.2425 21.1221 2
      vertex 23.5029 21.65 0
      vertex 23.5029 21.65 2
    endloop
  endfacet
  facet normal 0.896827 -0.442382 0
    outer loop
      vertex 23.5029 21.65 0
      vertex 23.2425 21.1221 2
      vertex 23.2425 21.1221 0
    endloop
  endfacet
  facet normal 0.321421 0.946936 -0
    outer loop
      vertex 26.2353 15.0533 0
      vertex 25.6779 15.2425 2
      vertex 26.2353 15.0533 2
    endloop
  endfacet
  facet normal 0.321421 0.946936 0
    outer loop
      vertex 25.6779 15.2425 2
      vertex 26.2353 15.0533 0
      vertex 25.6779 15.2425 0
    endloop
  endfacet
  facet normal 0.831475 -0.555562 0
    outer loop
      vertex 23.5029 21.65 2
      vertex 23.8299 22.1394 0
      vertex 23.8299 22.1394 2
    endloop
  endfacet
  facet normal 0.831475 -0.555562 0
    outer loop
      vertex 23.8299 22.1394 0
      vertex 23.5029 21.65 2
      vertex 23.5029 21.65 0
    endloop
  endfacet
  facet normal -0.0654027 0.997859 0
    outer loop
      vertex 27.9874 14.9385 0
      vertex 27.4 14.9 2
      vertex 27.9874 14.9385 2
    endloop
  endfacet
  facet normal -0.0654027 0.997859 0
    outer loop
      vertex 27.4 14.9 2
      vertex 27.9874 14.9385 0
      vertex 27.4 14.9 0
    endloop
  endfacet
  facet normal -0.659298 0.751882 0
    outer loop
      vertex 30.582 16.218 0
      vertex 30.1394 15.8299 2
      vertex 30.582 16.218 2
    endloop
  endfacet
  facet normal -0.659298 0.751882 0
    outer loop
      vertex 30.1394 15.8299 2
      vertex 30.582 16.218 0
      vertex 30.1394 15.8299 0
    endloop
  endfacet
  facet normal 0.659298 -0.751882 0
    outer loop
      vertex 24.218 22.582 0
      vertex 24.6606 22.9701 2
      vertex 24.218 22.582 2
    endloop
  endfacet
  facet normal 0.659298 -0.751882 0
    outer loop
      vertex 24.6606 22.9701 2
      vertex 24.218 22.582 0
      vertex 24.6606 22.9701 0
    endloop
  endfacet
  facet normal -0.555562 0.831475 0
    outer loop
      vertex 30.1394 15.8299 0
      vertex 29.65 15.5029 2
      vertex 30.1394 15.8299 2
    endloop
  endfacet
  facet normal -0.555562 0.831475 0
    outer loop
      vertex 29.65 15.5029 2
      vertex 30.1394 15.8299 0
      vertex 29.65 15.5029 0
    endloop
  endfacet
  facet normal 0.0654027 0.997859 -0
    outer loop
      vertex 27.4 14.9 0
      vertex 26.8126 14.9385 2
      vertex 27.4 14.9 2
    endloop
  endfacet
  facet normal 0.0654027 0.997859 0
    outer loop
      vertex 26.8126 14.9385 2
      vertex 27.4 14.9 0
      vertex 26.8126 14.9385 0
    endloop
  endfacet
  facet normal 0.831475 0.555562 0
    outer loop
      vertex 23.8299 16.6606 2
      vertex 23.5029 17.15 0
      vertex 23.5029 17.15 2
    endloop
  endfacet
  facet normal 0.831475 0.555562 0
    outer loop
      vertex 23.5029 17.15 0
      vertex 23.8299 16.6606 2
      vertex 23.8299 16.6606 0
    endloop
  endfacet
  facet normal 0.659298 0.751882 -0
    outer loop
      vertex 24.6606 15.8299 0
      vertex 24.218 16.218 2
      vertex 24.6606 15.8299 2
    endloop
  endfacet
  facet normal 0.659298 0.751882 0
    outer loop
      vertex 24.218 16.218 2
      vertex 24.6606 15.8299 0
      vertex 24.218 16.218 0
    endloop
  endfacet
  facet normal 0.946936 0.321421 0
    outer loop
      vertex 23.2425 17.6779 2
      vertex 23.0533 18.2353 0
      vertex 23.0533 18.2353 2
    endloop
  endfacet
  facet normal 0.946936 0.321421 0
    outer loop
      vertex 23.0533 18.2353 0
      vertex 23.2425 17.6779 2
      vertex 23.2425 17.6779 0
    endloop
  endfacet
  facet normal 0.946936 -0.321421 0
    outer loop
      vertex 23.0533 20.5647 2
      vertex 23.2425 21.1221 0
      vertex 23.2425 21.1221 2
    endloop
  endfacet
  facet normal 0.946936 -0.321421 0
    outer loop
      vertex 23.2425 21.1221 0
      vertex 23.0533 20.5647 2
      vertex 23.0533 20.5647 0
    endloop
  endfacet
  facet normal 0.980796 -0.195038 0
    outer loop
      vertex 22.9385 19.9874 2
      vertex 23.0533 20.5647 0
      vertex 23.0533 20.5647 2
    endloop
  endfacet
  facet normal 0.980796 -0.195038 0
    outer loop
      vertex 23.0533 20.5647 0
      vertex 22.9385 19.9874 2
      vertex 22.9385 19.9874 0
    endloop
  endfacet
  facet normal -1 0 0
    outer loop
      vertex 32.15 0 4
      vertex 32.15 2 7.5
      vertex 32.15 2 4
    endloop
  endfacet
  facet normal -1 -0 0
    outer loop
      vertex 32.15 2 7.5
      vertex 32.15 0 4
      vertex 32.15 0 7.5
    endloop
  endfacet
  facet normal 0 0 -1
    outer loop
      vertex 22.65 0 7.5
      vertex 32.15 2 7.5
      vertex 32.15 0 7.5
    endloop
  endfacet
  facet normal -0 0 -1
    outer loop
      vertex 32.15 2 7.5
      vertex 22.65 0 7.5
      vertex 22.65 2 7.5
    endloop
  endfacet
  facet normal -0 0 1
    outer loop
      vertex 22.65 2 4
      vertex 32.15 0 4
      vertex 32.15 2 4
    endloop
  endfacet
  facet normal 0 0 1
    outer loop
      vertex 32.15 0 4
      vertex 22.65 2 4
      vertex 22.65 0 4
    endloop
  endfacet
  facet normal 1 -0 0
    outer loop
      vertex 22.65 0 7.5
      vertex 22.65 2 4
      vertex 22.65 2 7.5
    endloop
  endfacet
  facet normal 1 0 0
    outer loop
      vertex 22.65 2 4
      vertex 22.65 0 7.5
      vertex 22.65 0 4
    endloop
  endfacet
  facet normal 0 -0.956949 0.290255
    outer loop
      vertex 0 21.2478 7.88463
      vertex 2 21.3616 8.25982
      vertex 0 21.3616 8.25982
    endloop
  endfacet
  facet normal 0 -0.956949 0.290255
    outer loop
      vertex 2 21.3616 8.25982
      vertex 0 21.2478 7.88463
      vertex 2 21.2478 7.88463
    endloop
  endfacet
  facet normal 0 -0.290271 0.956944
    outer loop
      vertex 0 20.1654 6.80224
      vertex 2 19.7902 6.68843
      vertex 2 20.1654 6.80224
    endloop
  endfacet
  facet normal 0 -0.290271 0.956944
    outer loop
      vertex 2 19.7902 6.68843
      vertex 0 20.1654 6.80224
      vertex 0 19.7902 6.68843
    endloop
  endfacet
  facet normal -0 0.0980137 0.995185
    outer loop
      vertex 0 19.4 6.65
      vertex 2 19.0098 6.68843
      vertex 2 19.4 6.65
    endloop
  endfacet
  facet normal 0 0.0980137 0.995185
    outer loop
      vertex 2 19.0098 6.68843
      vertex 0 19.4 6.65
      vertex 0 19.0098 6.68843
    endloop
  endfacet
  facet normal 0 -0.471475 0.881879
    outer loop
      vertex 0 20.5111 6.98706
      vertex 2 20.1654 6.80224
      vertex 2 20.5111 6.98706
    endloop
  endfacet
  facet normal 0 -0.471475 0.881879
    outer loop
      vertex 2 20.1654 6.80224
      vertex 0 20.5111 6.98706
      vertex 0 20.1654 6.80224
    endloop
  endfacet
  facet normal 0 -0.634321 -0.77307
    outer loop
      vertex 0 20.5111 10.3129
      vertex 2 20.8142 10.0642
      vertex 2 20.5111 10.3129
    endloop
  endfacet
  facet normal -0 -0.634321 -0.77307
    outer loop
      vertex 2 20.8142 10.0642
      vertex 0 20.5111 10.3129
      vertex 0 20.8142 10.0642
    endloop
  endfacet
  facet normal 0 0.097938 -0.995193
    outer loop
      vertex 0 19.0098 10.6116
      vertex 2 19.4 10.65
      vertex 2 19.0098 10.6116
    endloop
  endfacet
  facet normal 0 0.097938 -0.995193
    outer loop
      vertex 2 19.4 10.65
      vertex 0 19.0098 10.6116
      vertex 0 19.4 10.65
    endloop
  endfacet
  facet normal 0 0.773029 -0.634371
    outer loop
      vertex 2 17.7371 9.76114
      vertex 0 17.9858 10.0642
      vertex 2 17.9858 10.0642
    endloop
  endfacet
  facet normal 0 0.773029 -0.634371
    outer loop
      vertex 0 17.9858 10.0642
      vertex 2 17.7371 9.76114
      vertex 0 17.7371 9.76114
    endloop
  endfacet
  facet normal 0 -0.773029 -0.634371
    outer loop
      vertex 0 21.0629 9.76114
      vertex 2 20.8142 10.0642
      vertex 0 20.8142 10.0642
    endloop
  endfacet
  facet normal 0 -0.773029 -0.634371
    outer loop
      vertex 2 20.8142 10.0642
      vertex 0 21.0629 9.76114
      vertex 2 21.0629 9.76114
    endloop
  endfacet
  facet normal 0 -0.995192 0.0979429
    outer loop
      vertex 0 21.3616 8.25982
      vertex 2 21.4 8.65
      vertex 0 21.4 8.65
    endloop
  endfacet
  facet normal 0 -0.995192 0.0979429
    outer loop
      vertex 2 21.4 8.65
      vertex 0 21.3616 8.25982
      vertex 2 21.3616 8.25982
    endloop
  endfacet
  facet normal 0 -0.956949 -0.290255
    outer loop
      vertex 0 21.3616 9.04018
      vertex 2 21.2478 9.41537
      vertex 0 21.2478 9.41537
    endloop
  endfacet
  facet normal 0 -0.956949 -0.290255
    outer loop
      vertex 2 21.2478 9.41537
      vertex 0 21.3616 9.04018
      vertex 2 21.3616 9.04018
    endloop
  endfacet
  facet normal 0 0.881834 -0.47156
    outer loop
      vertex 2 17.5522 9.41537
      vertex 0 17.7371 9.76114
      vertex 2 17.7371 9.76114
    endloop
  endfacet
  facet normal 0 0.881834 -0.47156
    outer loop
      vertex 0 17.7371 9.76114
      vertex 2 17.5522 9.41537
      vertex 0 17.5522 9.41537
    endloop
  endfacet
  facet normal 0 -0.0980137 0.995185
    outer loop
      vertex 0 19.7902 6.68843
      vertex 2 19.4 6.65
      vertex 2 19.7902 6.68843
    endloop
  endfacet
  facet normal 0 -0.0980137 0.995185
    outer loop
      vertex 2 19.4 6.65
      vertex 0 19.7902 6.68843
      vertex 0 19.4 6.65
    endloop
  endfacet
  facet normal -0 0.290271 0.956944
    outer loop
      vertex 0 19.0098 6.68843
      vertex 2 18.6346 6.80224
      vertex 2 19.0098 6.68843
    endloop
  endfacet
  facet normal 0 0.290271 0.956944
    outer loop
      vertex 2 18.6346 6.80224
      vertex 0 19.0098 6.68843
      vertex 0 18.6346 6.80224
    endloop
  endfacet
  facet normal 0 0.773039 0.634358
    outer loop
      vertex 2 17.9858 7.23579
      vertex 0 17.7371 7.53886
      vertex 2 17.7371 7.53886
    endloop
  endfacet
  facet normal 0 0.773039 0.634358
    outer loop
      vertex 0 17.7371 7.53886
      vertex 2 17.9858 7.23579
      vertex 0 17.9858 7.23579
    endloop
  endfacet
  facet normal -0 0.471475 0.881879
    outer loop
      vertex 0 18.6346 6.80224
      vertex 2 18.2889 6.98706
      vertex 2 18.6346 6.80224
    endloop
  endfacet
  facet normal 0 0.471475 0.881879
    outer loop
      vertex 2 18.2889 6.98706
      vertex 0 18.6346 6.80224
      vertex 0 18.2889 6.98706
    endloop
  endfacet
  facet normal 0 -0.290248 -0.956951
    outer loop
      vertex 0 19.7902 10.6116
      vertex 2 20.1654 10.4978
      vertex 2 19.7902 10.6116
    endloop
  endfacet
  facet normal -0 -0.290248 -0.956951
    outer loop
      vertex 2 20.1654 10.4978
      vertex 0 19.7902 10.6116
      vertex 0 20.1654 10.4978
    endloop
  endfacet
  facet normal 0 0.881834 0.47156
    outer loop
      vertex 2 17.7371 7.53886
      vertex 0 17.5522 7.88463
      vertex 2 17.5522 7.88463
    endloop
  endfacet
  facet normal 0 0.881834 0.47156
    outer loop
      vertex 0 17.5522 7.88463
      vertex 2 17.7371 7.53886
      vertex 0 17.7371 7.53886
    endloop
  endfacet
  facet normal -0 0.634366 0.773033
    outer loop
      vertex 0 18.2889 6.98706
      vertex 2 17.9858 7.23579
      vertex 2 18.2889 6.98706
    endloop
  endfacet
  facet normal 0 0.634366 0.773033
    outer loop
      vertex 2 17.9858 7.23579
      vertex 0 18.2889 6.98706
      vertex 0 17.9858 7.23579
    endloop
  endfacet
  facet normal 0 -0.097938 -0.995193
    outer loop
      vertex 0 19.4 10.65
      vertex 2 19.7902 10.6116
      vertex 2 19.4 10.65
    endloop
  endfacet
  facet normal -0 -0.097938 -0.995193
    outer loop
      vertex 2 19.7902 10.6116
      vertex 0 19.4 10.65
      vertex 0 19.7902 10.6116
    endloop
  endfacet
  facet normal 0 -0.773039 0.634358
    outer loop
      vertex 0 20.8142 7.23579
      vertex 2 21.0629 7.53886
      vertex 0 21.0629 7.53886
    endloop
  endfacet
  facet normal 0 -0.773039 0.634358
    outer loop
      vertex 2 21.0629 7.53886
      vertex 0 20.8142 7.23579
      vertex 2 20.8142 7.23579
    endloop
  endfacet
  facet normal 0 -0.634366 0.773033
    outer loop
      vertex 0 20.8142 7.23579
      vertex 2 20.5111 6.98706
      vertex 2 20.8142 7.23579
    endloop
  endfacet
  facet normal 0 -0.634366 0.773033
    outer loop
      vertex 2 20.5111 6.98706
      vertex 0 20.8142 7.23579
      vertex 0 20.5111 6.98706
    endloop
  endfacet
  facet normal 0 -0.881834 0.47156
    outer loop
      vertex 0 21.0629 7.53886
      vertex 2 21.2478 7.88463
      vertex 0 21.2478 7.88463
    endloop
  endfacet
  facet normal 0 -0.881834 0.47156
    outer loop
      vertex 2 21.2478 7.88463
      vertex 0 21.0629 7.53886
      vertex 2 21.0629 7.53886
    endloop
  endfacet
  facet normal 0 0.634321 -0.77307
    outer loop
      vertex 0 17.9858 10.0642
      vertex 2 18.2889 10.3129
      vertex 2 17.9858 10.0642
    endloop
  endfacet
  facet normal 0 0.634321 -0.77307
    outer loop
      vertex 2 18.2889 10.3129
      vertex 0 17.9858 10.0642
      vertex 0 18.2889 10.3129
    endloop
  endfacet
  facet normal 0 0.956949 -0.290255
    outer loop
      vertex 2 17.4384 9.04018
      vertex 0 17.5522 9.41537
      vertex 2 17.5522 9.41537
    endloop
  endfacet
  facet normal 0 0.956949 -0.290255
    outer loop
      vertex 0 17.5522 9.41537
      vertex 2 17.4384 9.04018
      vertex 0 17.4384 9.04018
    endloop
  endfacet
  facet normal 0 -0.471634 -0.881795
    outer loop
      vertex 0 20.1654 10.4978
      vertex 2 20.5111 10.3129
      vertex 2 20.1654 10.4978
    endloop
  endfacet
  facet normal -0 -0.471634 -0.881795
    outer loop
      vertex 2 20.5111 10.3129
      vertex 0 20.1654 10.4978
      vertex 0 20.5111 10.3129
    endloop
  endfacet
  facet normal 0 0.471634 -0.881795
    outer loop
      vertex 0 18.2889 10.3129
      vertex 2 18.6346 10.4978
      vertex 2 18.2889 10.3129
    endloop
  endfacet
  facet normal 0 0.471634 -0.881795
    outer loop
      vertex 2 18.6346 10.4978
      vertex 0 18.2889 10.3129
      vertex 0 18.6346 10.4978
    endloop
  endfacet
  facet normal 0 -0.881834 -0.47156
    outer loop
      vertex 0 21.2478 9.41537
      vertex 2 21.0629 9.76114
      vertex 0 21.0629 9.76114
    endloop
  endfacet
  facet normal 0 -0.881834 -0.47156
    outer loop
      vertex 2 21.0629 9.76114
      vertex 0 21.2478 9.41537
      vertex 2 21.2478 9.41537
    endloop
  endfacet
  facet normal 0 0.995192 0.0979429
    outer loop
      vertex 2 17.4384 8.25982
      vertex 0 17.4 8.65
      vertex 2 17.4 8.65
    endloop
  endfacet
  facet normal 0 0.995192 0.0979429
    outer loop
      vertex 0 17.4 8.65
      vertex 2 17.4384 8.25982
      vertex 0 17.4384 8.25982
    endloop
  endfacet
  facet normal 0 0.956949 0.290255
    outer loop
      vertex 2 17.5522 7.88463
      vertex 0 17.4384 8.25982
      vertex 2 17.4384 8.25982
    endloop
  endfacet
  facet normal 0 0.956949 0.290255
    outer loop
      vertex 0 17.4384 8.25982
      vertex 2 17.5522 7.88463
      vertex 0 17.5522 7.88463
    endloop
  endfacet
  facet normal 0 0.290248 -0.956951
    outer loop
      vertex 0 18.6346 10.4978
      vertex 2 19.0098 10.6116
      vertex 2 18.6346 10.4978
    endloop
  endfacet
  facet normal 0 0.290248 -0.956951
    outer loop
      vertex 2 19.0098 10.6116
      vertex 0 18.6346 10.4978
      vertex 0 19.0098 10.6116
    endloop
  endfacet
  facet normal 0 -0.995192 -0.0979429
    outer loop
      vertex 0 21.4 8.65
      vertex 2 21.3616 9.04018
      vertex 0 21.3616 9.04018
    endloop
  endfacet
  facet normal 0 -0.995192 -0.0979429
    outer loop
      vertex 2 21.3616 9.04018
      vertex 0 21.4 8.65
      vertex 2 21.4 8.65
    endloop
  endfacet
  facet normal 0 0.995192 -0.0979429
    outer loop
      vertex 2 17.4 8.65
      vertex 0 17.4384 9.04018
      vertex 2 17.4384 9.04018
    endloop
  endfacet
  facet normal 0 0.995192 -0.0979429
    outer loop
      vertex 0 17.4384 9.04018
      vertex 2 17.4 8.65
      vertex 0 17.4 8.65
    endloop
  endfacet
  facet normal 0.97238 -0 0.233403
    outer loop
      vertex 31.9651 34.8 14.7833
      vertex 32.1409 36.8 14.0509
      vertex 31.9651 36.8 14.7833
    endloop
  endfacet
  facet normal 0.97238 0 0.233403
    outer loop
      vertex 32.1409 36.8 14.0509
      vertex 31.9651 34.8 14.7833
      vertex 32.1409 34.8 14.0509
    endloop
  endfacet
  facet normal 0.996917 -0 0.0784629
    outer loop
      vertex 32.1409 34.8 14.0509
      vertex 32.2 36.8 13.3
      vertex 32.1409 36.8 14.0509
    endloop
  endfacet
  facet normal 0.996917 0 0.0784629
    outer loop
      vertex 32.2 36.8 13.3
      vertex 32.1409 34.8 14.0509
      vertex 32.2 34.8 13.3
    endloop
  endfacet
  facet normal 0.923857 -0 0.382739
    outer loop
      vertex 31.6768 34.8 15.4792
      vertex 31.9651 36.8 14.7833
      vertex 31.6768 36.8 15.4792
    endloop
  endfacet
  facet normal 0.923857 0 0.382739
    outer loop
      vertex 31.9651 36.8 14.7833
      vertex 31.6768 34.8 15.4792
      vertex 31.9651 34.8 14.7833
    endloop
  endfacet
  facet normal 0.852664 0 -0.522459
    outer loop
      vertex 31.6768 34.8 11.1208
      vertex 31.2833 36.8 10.4786
      vertex 31.6768 36.8 11.1208
    endloop
  endfacet
  facet normal 0.852664 0 -0.522459
    outer loop
      vertex 31.2833 36.8 10.4786
      vertex 31.6768 34.8 11.1208
      vertex 31.2833 34.8 10.4786
    endloop
  endfacet
  facet normal 0.97238 0 -0.233403
    outer loop
      vertex 32.1409 34.8 12.5491
      vertex 31.9651 36.8 11.8167
      vertex 32.1409 36.8 12.5491
    endloop
  endfacet
  facet normal 0.97238 0 -0.233403
    outer loop
      vertex 31.9651 36.8 11.8167
      vertex 32.1409 34.8 12.5491
      vertex 31.9651 34.8 11.8167
    endloop
  endfacet
  facet normal -0.97238 0 0.233403
    outer loop
      vertex 22.6591 34.8 14.0509
      vertex 22.8349 36.8 14.7833
      vertex 22.6591 36.8 14.0509
    endloop
  endfacet
  facet normal -0.97238 0 0.233403
    outer loop
      vertex 22.8349 36.8 14.7833
      vertex 22.6591 34.8 14.0509
      vertex 22.8349 34.8 14.7833
    endloop
  endfacet
  facet normal 0.852664 -0 0.522459
    outer loop
      vertex 31.2833 34.8 16.1214
      vertex 31.6768 36.8 15.4792
      vertex 31.2833 36.8 16.1214
    endloop
  endfacet
  facet normal 0.852664 0 0.522459
    outer loop
      vertex 31.6768 36.8 15.4792
      vertex 31.2833 34.8 16.1214
      vertex 31.6768 34.8 15.4792
    endloop
  endfacet
  facet normal -0.996917 0 -0.0784629
    outer loop
      vertex 22.6591 34.8 12.5491
      vertex 22.6 36.8 13.3
      vertex 22.6591 36.8 12.5491
    endloop
  endfacet
  facet normal -0.996917 -0 -0.0784629
    outer loop
      vertex 22.6 36.8 13.3
      vertex 22.6591 34.8 12.5491
      vertex 22.6 34.8 13.3
    endloop
  endfacet
  facet normal -0.923857 0 0.382739
    outer loop
      vertex 22.8349 34.8 14.7833
      vertex 23.1232 36.8 15.4792
      vertex 22.8349 36.8 14.7833
    endloop
  endfacet
  facet normal -0.923857 0 0.382739
    outer loop
      vertex 23.1232 36.8 15.4792
      vertex 22.8349 34.8 14.7833
      vertex 23.1232 34.8 15.4792
    endloop
  endfacet
  facet normal 0.923857 0 -0.382739
    outer loop
      vertex 31.9651 34.8 11.8167
      vertex 31.6768 36.8 11.1208
      vertex 31.9651 36.8 11.8167
    endloop
  endfacet
  facet normal 0.923857 0 -0.382739
    outer loop
      vertex 31.6768 36.8 11.1208
      vertex 31.9651 34.8 11.8167
      vertex 31.6768 34.8 11.1208
    endloop
  endfacet
  facet normal 0.382739 0 0.923857
    outer loop
      vertex 28.8833 37.8 17.8651
      vertex 29.5792 34.8 17.5768
      vertex 29.5792 37.8 17.5768
    endloop
  endfacet
  facet normal 0.382739 0 0.923857
    outer loop
      vertex 29.5792 34.8 17.5768
      vertex 28.8833 37.8 17.8651
      vertex 28.8833 34.8 17.8651
    endloop
  endfacet
  facet normal -0.522496 0 0.852642
    outer loop
      vertex 24.7691 37.8 17.3
      vertex 25.2208 34.8 17.5768
      vertex 25.2208 37.8 17.5768
    endloop
  endfacet
  facet normal -0.522496 0 0.852642
    outer loop
      vertex 25.2208 34.8 17.5768
      vertex 24.7691 37.8 17.3
      vertex 24.7691 34.8 17.3
    endloop
  endfacet
  facet normal 0.760367 0 -0.649494
    outer loop
      vertex 31.2833 34.8 10.4786
      vertex 30.7941 36.8 9.90589
      vertex 31.2833 36.8 10.4786
    endloop
  endfacet
  facet normal 0.760367 0 -0.649494
    outer loop
      vertex 30.7941 36.8 9.90589
      vertex 31.2833 34.8 10.4786
      vertex 30.7941 34.8 9.90589
    endloop
  endfacet
  facet normal -0.760367 0 -0.649494
    outer loop
      vertex 24.0059 34.8 9.90589
      vertex 23.5167 36.8 10.4786
      vertex 24.0059 36.8 9.90589
    endloop
  endfacet
  facet normal -0.760367 -0 -0.649494
    outer loop
      vertex 23.5167 36.8 10.4786
      vertex 24.0059 34.8 9.90589
      vertex 23.5167 34.8 10.4786
    endloop
  endfacet
  facet normal -0.0784629 0 -0.996917
    outer loop
      vertex 26.6491 34.8 8.5591
      vertex 27.4 36.8 8.5
      vertex 27.4 34.8 8.5
    endloop
  endfacet
  facet normal -0.0784629 0 -0.996917
    outer loop
      vertex 27.4 36.8 8.5
      vertex 26.6491 34.8 8.5591
      vertex 26.6491 36.8 8.5591
    endloop
  endfacet
  facet normal 0.996917 0 -0.0784629
    outer loop
      vertex 32.2 34.8 13.3
      vertex 32.1409 36.8 12.5491
      vertex 32.2 36.8 13.3
    endloop
  endfacet
  facet normal 0.996917 0 -0.0784629
    outer loop
      vertex 32.1409 36.8 12.5491
      vertex 32.2 34.8 13.3
      vertex 32.1409 34.8 12.5491
    endloop
  endfacet
  facet normal 0.233441 0 -0.972371
    outer loop
      vertex 28.1509 34.8 8.5591
      vertex 28.8833 36.8 8.73493
      vertex 28.8833 34.8 8.73493
    endloop
  endfacet
  facet normal 0.233441 0 -0.972371
    outer loop
      vertex 28.8833 36.8 8.73493
      vertex 28.1509 34.8 8.5591
      vertex 28.1509 36.8 8.5591
    endloop
  endfacet
  facet normal -0.649477 0 -0.760381
    outer loop
      vertex 24.0059 34.8 9.90589
      vertex 24.5786 36.8 9.41672
      vertex 24.5786 34.8 9.41672
    endloop
  endfacet
  facet normal -0.649477 0 -0.760381
    outer loop
      vertex 24.5786 36.8 9.41672
      vertex 24.0059 34.8 9.90589
      vertex 24.0059 36.8 9.90589
    endloop
  endfacet
  facet normal 0.522496 0 0.852642
    outer loop
      vertex 29.5792 37.8 17.5768
      vertex 30.0309 34.8 17.3
      vertex 30.0309 37.8 17.3
    endloop
  endfacet
  facet normal 0.522496 0 0.852642
    outer loop
      vertex 30.0309 34.8 17.3
      vertex 29.5792 37.8 17.5768
      vertex 29.5792 34.8 17.5768
    endloop
  endfacet
  facet normal -0.382739 0 0.923857
    outer loop
      vertex 25.2208 37.8 17.5768
      vertex 25.9167 34.8 17.8651
      vertex 25.9167 37.8 17.8651
    endloop
  endfacet
  facet normal -0.382739 0 0.923857
    outer loop
      vertex 25.9167 34.8 17.8651
      vertex 25.2208 37.8 17.5768
      vertex 25.2208 34.8 17.5768
    endloop
  endfacet
  facet normal -0.97238 0 -0.233403
    outer loop
      vertex 22.8349 34.8 11.8167
      vertex 22.6591 36.8 12.5491
      vertex 22.8349 36.8 11.8167
    endloop
  endfacet
  facet normal -0.97238 -0 -0.233403
    outer loop
      vertex 22.6591 36.8 12.5491
      vertex 22.8349 34.8 11.8167
      vertex 22.6591 34.8 12.5491
    endloop
  endfacet
  facet normal -0.852664 0 0.522459
    outer loop
      vertex 23.1232 34.8 15.4792
      vertex 23.5167 36.8 16.1214
      vertex 23.1232 36.8 15.4792
    endloop
  endfacet
  facet normal -0.852664 0 0.522459
    outer loop
      vertex 23.5167 36.8 16.1214
      vertex 23.1232 34.8 15.4792
      vertex 23.5167 34.8 16.1214
    endloop
  endfacet
  facet normal -0.233403 0 0.97238
    outer loop
      vertex 25.9167 37.8 17.8651
      vertex 26.6491 34.8 18.0409
      vertex 26.6491 37.8 18.0409
    endloop
  endfacet
  facet normal -0.233403 0 0.97238
    outer loop
      vertex 26.6491 34.8 18.0409
      vertex 25.9167 37.8 17.8651
      vertex 25.9167 34.8 17.8651
    endloop
  endfacet
  facet normal -0.760277 0 0.649599
    outer loop
      vertex 23.5167 34.8 16.1214
      vertex 23.6693 36.8 16.3
      vertex 23.5167 36.8 16.1214
    endloop
  endfacet
  facet normal -0.760277 0 0.649599
    outer loop
      vertex 23.6693 36.8 16.3
      vertex 23.5167 34.8 16.1214
      vertex 23.6693 34.8 16.3
    endloop
  endfacet
  facet normal 0 1 0
    outer loop
      vertex 28.1509 37.8 18.0409
      vertex 26.6491 37.8 18.0409
      vertex 27.4 37.8 18.1
    endloop
  endfacet
  facet normal 0 1 0
    outer loop
      vertex 28.8833 37.8 17.8651
      vertex 26.6491 37.8 18.0409
      vertex 28.1509 37.8 18.0409
    endloop
  endfacet
  facet normal 0 1 0
    outer loop
      vertex 28.8833 37.8 17.8651
      vertex 25.9167 37.8 17.8651
      vertex 26.6491 37.8 18.0409
    endloop
  endfacet
  facet normal 0 1 0
    outer loop
      vertex 30.0309 37.8 17.3
      vertex 28.8833 37.8 17.8651
      vertex 29.5792 37.8 17.5768
    endloop
  endfacet
  facet normal 0 1 0
    outer loop
      vertex 28.8833 37.8 17.8651
      vertex 30.0309 37.8 17.3
      vertex 25.9167 37.8 17.8651
    endloop
  endfacet
  facet normal 0 1 0
    outer loop
      vertex 24.7691 37.8 17.3
      vertex 25.9167 37.8 17.8651
      vertex 30.0309 37.8 17.3
    endloop
  endfacet
  facet normal 0 1 0
    outer loop
      vertex 25.9167 37.8 17.8651
      vertex 24.7691 37.8 17.3
      vertex 25.2208 37.8 17.5768
    endloop
  endfacet
  facet normal 0.760277 -0 0.649599
    outer loop
      vertex 31.1307 34.8 16.3
      vertex 31.2833 36.8 16.1214
      vertex 31.1307 36.8 16.3
    endloop
  endfacet
  facet normal 0.760277 0 0.649599
    outer loop
      vertex 31.2833 36.8 16.1214
      vertex 31.1307 34.8 16.3
      vertex 31.2833 34.8 16.1214
    endloop
  endfacet
  facet normal 0.382671 0 -0.923885
    outer loop
      vertex 28.8833 34.8 8.73493
      vertex 29.5792 36.8 9.02317
      vertex 29.5792 34.8 9.02317
    endloop
  endfacet
  facet normal 0.382671 0 -0.923885
    outer loop
      vertex 29.5792 36.8 9.02317
      vertex 28.8833 34.8 8.73493
      vertex 28.8833 36.8 8.73493
    endloop
  endfacet
  facet normal -0.923857 0 -0.382739
    outer loop
      vertex 23.1232 34.8 11.1208
      vertex 22.8349 36.8 11.8167
      vertex 23.1232 36.8 11.1208
    endloop
  endfacet
  facet normal -0.923857 -0 -0.382739
    outer loop
      vertex 22.8349 36.8 11.8167
      vertex 23.1232 34.8 11.1208
      vertex 22.8349 34.8 11.8167
    endloop
  endfacet
  facet normal 0.0784629 0 0.996917
    outer loop
      vertex 27.4 37.8 18.1
      vertex 28.1509 34.8 18.0409
      vertex 28.1509 37.8 18.0409
    endloop
  endfacet
  facet normal 0.0784629 0 0.996917
    outer loop
      vertex 28.1509 34.8 18.0409
      vertex 27.4 37.8 18.1
      vertex 27.4 34.8 18.1
    endloop
  endfacet
  facet normal 0.233403 0 0.97238
    outer loop
      vertex 28.1509 37.8 18.0409
      vertex 28.8833 34.8 17.8651
      vertex 28.8833 37.8 17.8651
    endloop
  endfacet
  facet normal 0.233403 0 0.97238
    outer loop
      vertex 28.8833 34.8 17.8651
      vertex 28.1509 37.8 18.0409
      vertex 28.1509 34.8 18.0409
    endloop
  endfacet
  facet normal -0.996917 0 0.0784629
    outer loop
      vertex 22.6 34.8 13.3
      vertex 22.6591 36.8 14.0509
      vertex 22.6 36.8 13.3
    endloop
  endfacet
  facet normal -0.996917 0 0.0784629
    outer loop
      vertex 22.6591 36.8 14.0509
      vertex 22.6 34.8 13.3
      vertex 22.6591 34.8 14.0509
    endloop
  endfacet
  facet normal 0.522508 0 -0.852635
    outer loop
      vertex 29.5792 34.8 9.02317
      vertex 30.2214 36.8 9.41672
      vertex 30.2214 34.8 9.41672
    endloop
  endfacet
  facet normal 0.522508 0 -0.852635
    outer loop
      vertex 30.2214 36.8 9.41672
      vertex 29.5792 34.8 9.02317
      vertex 29.5792 36.8 9.02317
    endloop
  endfacet
  facet normal -0.852664 0 -0.522459
    outer loop
      vertex 23.5167 34.8 10.4786
      vertex 23.1232 36.8 11.1208
      vertex 23.5167 36.8 10.4786
    endloop
  endfacet
  facet normal -0.852664 -0 -0.522459
    outer loop
      vertex 23.1232 36.8 11.1208
      vertex 23.5167 34.8 10.4786
      vertex 23.1232 34.8 11.1208
    endloop
  endfacet
  facet normal 0 -1 0
    outer loop
      vertex 25.782 34.8 14.4756
      vertex 23.6693 34.8 16.3
      vertex 23.5167 34.8 16.1214
    endloop
  endfacet
  facet normal 0 -1 0
    outer loop
      vertex 23.6693 34.8 16.3
      vertex 27.4 34.8 15.3
      vertex 31.1307 34.8 16.3
    endloop
  endfacet
  facet normal 0 -1 0
    outer loop
      vertex 25.782 34.8 14.4756
      vertex 23.5167 34.8 16.1214
      vertex 23.1232 34.8 15.4792
    endloop
  endfacet
  facet normal 0 -1 0
    outer loop
      vertex 27.7129 34.8 15.2754
      vertex 31.1307 34.8 16.3
      vertex 27.4 34.8 15.3
    endloop
  endfacet
  facet normal 0 -1 0
    outer loop
      vertex 28.018 34.8 15.2021
      vertex 31.1307 34.8 16.3
      vertex 27.7129 34.8 15.2754
    endloop
  endfacet
  facet normal 0 -1 0
    outer loop
      vertex 23.6693 34.8 16.3
      vertex 27.0871 34.8 15.2754
      vertex 27.4 34.8 15.3
    endloop
  endfacet
  facet normal 0 -1 0
    outer loop
      vertex 23.6693 34.8 16.3
      vertex 26.782 34.8 15.2021
      vertex 27.0871 34.8 15.2754
    endloop
  endfacet
  facet normal 0 -1 0
    outer loop
      vertex 23.6693 34.8 16.3
      vertex 26.492 34.8 15.082
      vertex 26.782 34.8 15.2021
    endloop
  endfacet
  facet normal 0 -1 0
    outer loop
      vertex 23.6693 34.8 16.3
      vertex 26.2244 34.8 14.918
      vertex 26.492 34.8 15.082
    endloop
  endfacet
  facet normal 0 -1 0
    outer loop
      vertex 25.618 34.8 14.208
      vertex 23.1232 34.8 15.4792
      vertex 22.8349 34.8 14.7833
    endloop
  endfacet
  facet normal 0 -1 0
    outer loop
      vertex 23.6693 34.8 16.3
      vertex 25.9858 34.8 14.7142
      vertex 26.2244 34.8 14.918
    endloop
  endfacet
  facet normal 0 -1 0
    outer loop
      vertex 23.6693 34.8 16.3
      vertex 25.782 34.8 14.4756
      vertex 25.9858 34.8 14.7142
    endloop
  endfacet
  facet normal 0 -1 0
    outer loop
      vertex 23.1232 34.8 15.4792
      vertex 25.618 34.8 14.208
      vertex 25.782 34.8 14.4756
    endloop
  endfacet
  facet normal 0 -1 0
    outer loop
      vertex 25.4979 34.8 13.918
      vertex 22.8349 34.8 14.7833
      vertex 22.6591 34.8 14.0509
    endloop
  endfacet
  facet normal 0 -1 0
    outer loop
      vertex 22.8349 34.8 14.7833
      vertex 25.4979 34.8 13.918
      vertex 25.618 34.8 14.208
    endloop
  endfacet
  facet normal 0 -1 0
    outer loop
      vertex 22.6591 34.8 14.0509
      vertex 25.4246 34.8 13.6129
      vertex 25.4979 34.8 13.918
    endloop
  endfacet
  facet normal 0 -1 0
    outer loop
      vertex 22.6 34.8 13.3
      vertex 25.4246 34.8 13.6129
      vertex 22.6591 34.8 14.0509
    endloop
  endfacet
  facet normal 0 -1 0
    outer loop
      vertex 22.6 34.8 13.3
      vertex 25.4 34.8 13.3
      vertex 25.4246 34.8 13.6129
    endloop
  endfacet
  facet normal 0 -1 0
    outer loop
      vertex 22.6 34.8 13.3
      vertex 25.4246 34.8 12.9871
      vertex 25.4 34.8 13.3
    endloop
  endfacet
  facet normal 0 -1 0
    outer loop
      vertex 22.6591 34.8 12.5491
      vertex 25.4246 34.8 12.9871
      vertex 22.6 34.8 13.3
    endloop
  endfacet
  facet normal 0 -1 -0
    outer loop
      vertex 25.4246 34.8 12.9871
      vertex 22.6591 34.8 12.5491
      vertex 25.4979 34.8 12.682
    endloop
  endfacet
  facet normal 0 -1 0
    outer loop
      vertex 22.8349 34.8 11.8167
      vertex 25.4979 34.8 12.682
      vertex 22.6591 34.8 12.5491
    endloop
  endfacet
  facet normal 0 -1 -0
    outer loop
      vertex 25.4979 34.8 12.682
      vertex 22.8349 34.8 11.8167
      vertex 25.618 34.8 12.392
    endloop
  endfacet
  facet normal 0 -1 0
    outer loop
      vertex 23.1232 34.8 11.1208
      vertex 25.618 34.8 12.392
      vertex 22.8349 34.8 11.8167
    endloop
  endfacet
  facet normal 0 -1 -0
    outer loop
      vertex 25.618 34.8 12.392
      vertex 23.1232 34.8 11.1208
      vertex 25.782 34.8 12.1244
    endloop
  endfacet
  facet normal 0 -1 0
    outer loop
      vertex 23.5167 34.8 10.4786
      vertex 25.782 34.8 12.1244
      vertex 23.1232 34.8 11.1208
    endloop
  endfacet
  facet normal 0 -1 -0
    outer loop
      vertex 25.782 34.8 12.1244
      vertex 23.5167 34.8 10.4786
      vertex 25.9858 34.8 11.8858
    endloop
  endfacet
  facet normal 0 -1 0
    outer loop
      vertex 24.0059 34.8 9.90589
      vertex 25.9858 34.8 11.8858
      vertex 23.5167 34.8 10.4786
    endloop
  endfacet
  facet normal 0 -1 -0
    outer loop
      vertex 25.9858 34.8 11.8858
      vertex 24.0059 34.8 9.90589
      vertex 26.2244 34.8 11.682
    endloop
  endfacet
  facet normal 0 -1 -0
    outer loop
      vertex 26.2244 34.8 11.682
      vertex 24.5786 34.8 9.41672
      vertex 26.492 34.8 11.518
    endloop
  endfacet
  facet normal 0 -1 0
    outer loop
      vertex 24.5786 34.8 9.41672
      vertex 26.2244 34.8 11.682
      vertex 24.0059 34.8 9.90589
    endloop
  endfacet
  facet normal 0 -1 0
    outer loop
      vertex 28.308 34.8 15.082
      vertex 31.1307 34.8 16.3
      vertex 28.018 34.8 15.2021
    endloop
  endfacet
  facet normal 0 -1 0
    outer loop
      vertex 28.5756 34.8 14.918
      vertex 31.1307 34.8 16.3
      vertex 28.308 34.8 15.082
    endloop
  endfacet
  facet normal 0 -1 0
    outer loop
      vertex 28.8142 34.8 14.7142
      vertex 31.1307 34.8 16.3
      vertex 28.5756 34.8 14.918
    endloop
  endfacet
  facet normal 0 -1 0
    outer loop
      vertex 29.018 34.8 14.4756
      vertex 31.1307 34.8 16.3
      vertex 28.8142 34.8 14.7142
    endloop
  endfacet
  facet normal 0 -1 -0
    outer loop
      vertex 31.1307 34.8 16.3
      vertex 29.018 34.8 14.4756
      vertex 31.2833 34.8 16.1214
    endloop
  endfacet
  facet normal 0 -1 -0
    outer loop
      vertex 31.2833 34.8 16.1214
      vertex 29.018 34.8 14.4756
      vertex 31.6768 34.8 15.4792
    endloop
  endfacet
  facet normal 0 -1 0
    outer loop
      vertex 29.182 34.8 14.208
      vertex 31.6768 34.8 15.4792
      vertex 29.018 34.8 14.4756
    endloop
  endfacet
  facet normal 0 -1 -0
    outer loop
      vertex 31.6768 34.8 15.4792
      vertex 29.182 34.8 14.208
      vertex 31.9651 34.8 14.7833
    endloop
  endfacet
  facet normal 0 -1 0
    outer loop
      vertex 29.3021 34.8 13.918
      vertex 31.9651 34.8 14.7833
      vertex 29.182 34.8 14.208
    endloop
  endfacet
  facet normal 0 -1 -0
    outer loop
      vertex 31.9651 34.8 14.7833
      vertex 29.3021 34.8 13.918
      vertex 32.1409 34.8 14.0509
    endloop
  endfacet
  facet normal 0 -1 0
    outer loop
      vertex 29.3754 34.8 13.6129
      vertex 32.1409 34.8 14.0509
      vertex 29.3021 34.8 13.918
    endloop
  endfacet
  facet normal 0 -1 0
    outer loop
      vertex 29.4 34.8 13.3
      vertex 32.1409 34.8 14.0509
      vertex 29.3754 34.8 13.6129
    endloop
  endfacet
  facet normal 0 -1 0
    outer loop
      vertex 29.4 34.8 13.3
      vertex 32.2 34.8 13.3
      vertex 32.1409 34.8 14.0509
    endloop
  endfacet
  facet normal 0 -1 0
    outer loop
      vertex 29.3754 34.8 12.9871
      vertex 32.2 34.8 13.3
      vertex 29.4 34.8 13.3
    endloop
  endfacet
  facet normal 0 -1 0
    outer loop
      vertex 32.1409 34.8 12.5491
      vertex 29.3754 34.8 12.9871
      vertex 29.3021 34.8 12.682
    endloop
  endfacet
  facet normal 0 -1 0
    outer loop
      vertex 29.3754 34.8 12.9871
      vertex 32.1409 34.8 12.5491
      vertex 32.2 34.8 13.3
    endloop
  endfacet
  facet normal 0 -1 0
    outer loop
      vertex 31.9651 34.8 11.8167
      vertex 29.3021 34.8 12.682
      vertex 29.182 34.8 12.392
    endloop
  endfacet
  facet normal 0 -1 0
    outer loop
      vertex 31.6768 34.8 11.1208
      vertex 29.182 34.8 12.392
      vertex 29.018 34.8 12.1244
    endloop
  endfacet
  facet normal 0 -1 0
    outer loop
      vertex 31.2833 34.8 10.4786
      vertex 29.018 34.8 12.1244
      vertex 28.8142 34.8 11.8858
    endloop
  endfacet
  facet normal 0 -1 0
    outer loop
      vertex 29.3021 34.8 12.682
      vertex 31.9651 34.8 11.8167
      vertex 32.1409 34.8 12.5491
    endloop
  endfacet
  facet normal 0 -1 0
    outer loop
      vertex 30.7941 34.8 9.90589
      vertex 28.8142 34.8 11.8858
      vertex 28.5756 34.8 11.682
    endloop
  endfacet
  facet normal 0 -1 0
    outer loop
      vertex 30.2214 34.8 9.41672
      vertex 28.5756 34.8 11.682
      vertex 28.308 34.8 11.518
    endloop
  endfacet
  facet normal 0 -1 0
    outer loop
      vertex 29.5792 34.8 9.02317
      vertex 28.308 34.8 11.518
      vertex 28.018 34.8 11.3979
    endloop
  endfacet
  facet normal 0 -1 0
    outer loop
      vertex 28.8833 34.8 8.73493
      vertex 28.018 34.8 11.3979
      vertex 27.7129 34.8 11.3246
    endloop
  endfacet
  facet normal 0 -1 0
    outer loop
      vertex 29.182 34.8 12.392
      vertex 31.6768 34.8 11.1208
      vertex 31.9651 34.8 11.8167
    endloop
  endfacet
  facet normal 0 -1 0
    outer loop
      vertex 28.1509 34.8 8.5591
      vertex 27.7129 34.8 11.3246
      vertex 27.4 34.8 11.3
    endloop
  endfacet
  facet normal 0 -1 0
    outer loop
      vertex 25.2208 34.8 9.02317
      vertex 26.492 34.8 11.518
      vertex 24.5786 34.8 9.41672
    endloop
  endfacet
  facet normal 0 -1 -0
    outer loop
      vertex 26.492 34.8 11.518
      vertex 25.2208 34.8 9.02317
      vertex 26.782 34.8 11.3979
    endloop
  endfacet
  facet normal 0 -1 0
    outer loop
      vertex 29.018 34.8 12.1244
      vertex 31.2833 34.8 10.4786
      vertex 31.6768 34.8 11.1208
    endloop
  endfacet
  facet normal 0 -1 0
    outer loop
      vertex 25.9167 34.8 8.73493
      vertex 26.782 34.8 11.3979
      vertex 25.2208 34.8 9.02317
    endloop
  endfacet
  facet normal 0 -1 0
    outer loop
      vertex 28.8142 34.8 11.8858
      vertex 30.7941 34.8 9.90589
      vertex 31.2833 34.8 10.4786
    endloop
  endfacet
  facet normal 0 -1 -0
    outer loop
      vertex 26.782 34.8 11.3979
      vertex 25.9167 34.8 8.73493
      vertex 27.0871 34.8 11.3246
    endloop
  endfacet
  facet normal 0 -1 0
    outer loop
      vertex 28.5756 34.8 11.682
      vertex 30.2214 34.8 9.41672
      vertex 30.7941 34.8 9.90589
    endloop
  endfacet
  facet normal 0 -1 0
    outer loop
      vertex 26.6491 34.8 8.5591
      vertex 27.0871 34.8 11.3246
      vertex 25.9167 34.8 8.73493
    endloop
  endfacet
  facet normal 0 -1 0
    outer loop
      vertex 28.308 34.8 11.518
      vertex 29.5792 34.8 9.02317
      vertex 30.2214 34.8 9.41672
    endloop
  endfacet
  facet normal 0 -1 -0
    outer loop
      vertex 27.0871 34.8 11.3246
      vertex 26.6491 34.8 8.5591
      vertex 27.4 34.8 11.3
    endloop
  endfacet
  facet normal 0 -1 0
    outer loop
      vertex 28.018 34.8 11.3979
      vertex 28.8833 34.8 8.73493
      vertex 29.5792 34.8 9.02317
    endloop
  endfacet
  facet normal 0 -1 0
    outer loop
      vertex 27.4 34.8 8.5
      vertex 27.4 34.8 11.3
      vertex 26.6491 34.8 8.5591
    endloop
  endfacet
  facet normal 0 -1 0
    outer loop
      vertex 27.7129 34.8 11.3246
      vertex 28.1509 34.8 8.5591
      vertex 28.8833 34.8 8.73493
    endloop
  endfacet
  facet normal 0 -1 0
    outer loop
      vertex 27.4 34.8 11.3
      vertex 27.4 34.8 8.5
      vertex 28.1509 34.8 8.5591
    endloop
  endfacet
  facet normal 0 -1 0
    outer loop
      vertex 26.6491 34.8 18.0409
      vertex 28.1509 34.8 18.0409
      vertex 27.4 34.8 18.1
    endloop
  endfacet
  facet normal 0 -1 0
    outer loop
      vertex 25.9167 34.8 17.8651
      vertex 28.1509 34.8 18.0409
      vertex 26.6491 34.8 18.0409
    endloop
  endfacet
  facet normal 0 -1 0
    outer loop
      vertex 25.9167 34.8 17.8651
      vertex 28.8833 34.8 17.8651
      vertex 28.1509 34.8 18.0409
    endloop
  endfacet
  facet normal 0 -1 0
    outer loop
      vertex 24.7691 34.8 17.3
      vertex 25.9167 34.8 17.8651
      vertex 25.2208 34.8 17.5768
    endloop
  endfacet
  facet normal 0 -1 -0
    outer loop
      vertex 25.9167 34.8 17.8651
      vertex 24.7691 34.8 17.3
      vertex 28.8833 34.8 17.8651
    endloop
  endfacet
  facet normal 0 -1 0
    outer loop
      vertex 30.0309 34.8 17.3
      vertex 28.8833 34.8 17.8651
      vertex 24.7691 34.8 17.3
    endloop
  endfacet
  facet normal 0 -1 0
    outer loop
      vertex 28.8833 34.8 17.8651
      vertex 30.0309 34.8 17.3
      vertex 29.5792 34.8 17.5768
    endloop
  endfacet
  facet normal -0.0784629 0 0.996917
    outer loop
      vertex 26.6491 37.8 18.0409
      vertex 27.4 34.8 18.1
      vertex 27.4 37.8 18.1
    endloop
  endfacet
  facet normal -0.0784629 0 0.996917
    outer loop
      vertex 27.4 34.8 18.1
      vertex 26.6491 37.8 18.0409
      vertex 26.6491 34.8 18.0409
    endloop
  endfacet
  facet normal -0.233441 0 -0.972371
    outer loop
      vertex 25.9167 34.8 8.73493
      vertex 26.6491 36.8 8.5591
      vertex 26.6491 34.8 8.5591
    endloop
  endfacet
  facet normal -0.233441 0 -0.972371
    outer loop
      vertex 26.6491 36.8 8.5591
      vertex 25.9167 34.8 8.73493
      vertex 25.9167 36.8 8.73493
    endloop
  endfacet
  facet normal 0.0784629 0 -0.996917
    outer loop
      vertex 27.4 34.8 8.5
      vertex 28.1509 36.8 8.5591
      vertex 28.1509 34.8 8.5591
    endloop
  endfacet
  facet normal 0.0784629 0 -0.996917
    outer loop
      vertex 28.1509 36.8 8.5591
      vertex 27.4 34.8 8.5
      vertex 27.4 36.8 8.5
    endloop
  endfacet
  facet normal 0.649477 0 -0.760381
    outer loop
      vertex 30.2214 34.8 9.41672
      vertex 30.7941 36.8 9.90589
      vertex 30.7941 34.8 9.90589
    endloop
  endfacet
  facet normal 0.649477 0 -0.760381
    outer loop
      vertex 30.7941 36.8 9.90589
      vertex 30.2214 34.8 9.41672
      vertex 30.2214 36.8 9.41672
    endloop
  endfacet
  facet normal -0.522508 0 -0.852635
    outer loop
      vertex 24.5786 34.8 9.41672
      vertex 25.2208 36.8 9.02317
      vertex 25.2208 34.8 9.02317
    endloop
  endfacet
  facet normal -0.522508 0 -0.852635
    outer loop
      vertex 25.2208 36.8 9.02317
      vertex 24.5786 34.8 9.41672
      vertex 24.5786 36.8 9.41672
    endloop
  endfacet
  facet normal -0.382671 0 -0.923885
    outer loop
      vertex 25.2208 34.8 9.02317
      vertex 25.9167 36.8 8.73493
      vertex 25.9167 34.8 8.73493
    endloop
  endfacet
  facet normal -0.382671 0 -0.923885
    outer loop
      vertex 25.9167 36.8 8.73493
      vertex 25.2208 34.8 9.02317
      vertex 25.2208 36.8 9.02317
    endloop
  endfacet
  facet normal -0.972332 0 0.233602
    outer loop
      vertex 29.3021 34.8 12.682
      vertex 29.3754 36.8 12.9871
      vertex 29.3021 36.8 12.682
    endloop
  endfacet
  facet normal -0.972332 0 0.233602
    outer loop
      vertex 29.3754 36.8 12.9871
      vertex 29.3021 34.8 12.682
      vertex 29.3754 34.8 12.9871
    endloop
  endfacet
  facet normal -0.972332 0 -0.233602
    outer loop
      vertex 29.3754 34.8 13.6129
      vertex 29.3021 36.8 13.918
      vertex 29.3754 36.8 13.6129
    endloop
  endfacet
  facet normal -0.972332 -0 -0.233602
    outer loop
      vertex 29.3021 36.8 13.918
      vertex 29.3754 34.8 13.6129
      vertex 29.3021 34.8 13.918
    endloop
  endfacet
  facet normal -0.996924 0 -0.0783775
    outer loop
      vertex 29.4 34.8 13.3
      vertex 29.3754 36.8 13.6129
      vertex 29.4 36.8 13.3
    endloop
  endfacet
  facet normal -0.996924 -0 -0.0783775
    outer loop
      vertex 29.3754 36.8 13.6129
      vertex 29.4 34.8 13.3
      vertex 29.3754 34.8 13.6129
    endloop
  endfacet
  facet normal -0.923904 0 -0.382624
    outer loop
      vertex 29.3021 34.8 13.918
      vertex 29.182 36.8 14.208
      vertex 29.3021 36.8 13.918
    endloop
  endfacet
  facet normal -0.923904 -0 -0.382624
    outer loop
      vertex 29.182 36.8 14.208
      vertex 29.3021 34.8 13.918
      vertex 29.182 34.8 14.208
    endloop
  endfacet
  facet normal 0.923904 -0 0.382624
    outer loop
      vertex 25.4979 34.8 12.682
      vertex 25.618 36.8 12.392
      vertex 25.4979 36.8 12.682
    endloop
  endfacet
  facet normal 0.923904 0 0.382624
    outer loop
      vertex 25.618 36.8 12.392
      vertex 25.4979 34.8 12.682
      vertex 25.618 34.8 12.392
    endloop
  endfacet
  facet normal 0.649478 0 0.76038
    outer loop
      vertex 25.9858 36.8 11.8858
      vertex 26.2244 34.8 11.682
      vertex 26.2244 36.8 11.682
    endloop
  endfacet
  facet normal 0.649478 0 0.76038
    outer loop
      vertex 26.2244 34.8 11.682
      vertex 25.9858 36.8 11.8858
      vertex 25.9858 34.8 11.8858
    endloop
  endfacet
  facet normal 0.233602 0 -0.972332
    outer loop
      vertex 26.782 34.8 15.2021
      vertex 27.0871 36.8 15.2754
      vertex 27.0871 34.8 15.2754
    endloop
  endfacet
  facet normal 0.233602 0 -0.972332
    outer loop
      vertex 27.0871 36.8 15.2754
      vertex 26.782 34.8 15.2021
      vertex 26.782 36.8 15.2021
    endloop
  endfacet
  facet normal -0.0783775 0 0.996924
    outer loop
      vertex 27.4 36.8 11.3
      vertex 27.7129 34.8 11.3246
      vertex 27.7129 36.8 11.3246
    endloop
  endfacet
  facet normal -0.0783775 0 0.996924
    outer loop
      vertex 27.7129 34.8 11.3246
      vertex 27.4 36.8 11.3
      vertex 27.4 34.8 11.3
    endloop
  endfacet
  facet normal 0.522532 0 -0.85262
    outer loop
      vertex 26.2244 34.8 14.918
      vertex 26.492 36.8 15.082
      vertex 26.492 34.8 15.082
    endloop
  endfacet
  facet normal 0.522532 0 -0.85262
    outer loop
      vertex 26.492 36.8 15.082
      vertex 26.2244 34.8 14.918
      vertex 26.2244 36.8 14.918
    endloop
  endfacet
  facet normal 0.76038 0 -0.649478
    outer loop
      vertex 25.9858 34.8 14.7142
      vertex 25.782 36.8 14.4756
      vertex 25.9858 36.8 14.7142
    endloop
  endfacet
  facet normal 0.76038 0 -0.649478
    outer loop
      vertex 25.782 36.8 14.4756
      vertex 25.9858 34.8 14.7142
      vertex 25.782 34.8 14.4756
    endloop
  endfacet
  facet normal -0.85262 0 -0.522532
    outer loop
      vertex 29.182 34.8 14.208
      vertex 29.018 36.8 14.4756
      vertex 29.182 36.8 14.208
    endloop
  endfacet
  facet normal -0.85262 -0 -0.522532
    outer loop
      vertex 29.018 36.8 14.4756
      vertex 29.182 34.8 14.208
      vertex 29.018 34.8 14.4756
    endloop
  endfacet
  facet normal -0.923904 0 0.382624
    outer loop
      vertex 29.182 34.8 12.392
      vertex 29.3021 36.8 12.682
      vertex 29.182 36.8 12.392
    endloop
  endfacet
  facet normal -0.923904 0 0.382624
    outer loop
      vertex 29.3021 36.8 12.682
      vertex 29.182 34.8 12.392
      vertex 29.3021 34.8 12.682
    endloop
  endfacet
  facet normal -0.76038 0 -0.649478
    outer loop
      vertex 29.018 34.8 14.4756
      vertex 28.8142 36.8 14.7142
      vertex 29.018 36.8 14.4756
    endloop
  endfacet
  facet normal -0.76038 -0 -0.649478
    outer loop
      vertex 28.8142 36.8 14.7142
      vertex 29.018 34.8 14.4756
      vertex 28.8142 34.8 14.7142
    endloop
  endfacet
  facet normal -0.233602 0 -0.972332
    outer loop
      vertex 27.7129 34.8 15.2754
      vertex 28.018 36.8 15.2021
      vertex 28.018 34.8 15.2021
    endloop
  endfacet
  facet normal -0.233602 0 -0.972332
    outer loop
      vertex 28.018 36.8 15.2021
      vertex 27.7129 34.8 15.2754
      vertex 27.7129 36.8 15.2754
    endloop
  endfacet
  facet normal -0.85262 0 0.522532
    outer loop
      vertex 29.018 34.8 12.1244
      vertex 29.182 36.8 12.392
      vertex 29.018 36.8 12.1244
    endloop
  endfacet
  facet normal -0.85262 0 0.522532
    outer loop
      vertex 29.182 36.8 12.392
      vertex 29.018 34.8 12.1244
      vertex 29.182 34.8 12.392
    endloop
  endfacet
  facet normal -0.382624 0 0.923904
    outer loop
      vertex 28.018 36.8 11.3979
      vertex 28.308 34.8 11.518
      vertex 28.308 36.8 11.518
    endloop
  endfacet
  facet normal -0.382624 0 0.923904
    outer loop
      vertex 28.308 34.8 11.518
      vertex 28.018 36.8 11.3979
      vertex 28.018 34.8 11.3979
    endloop
  endfacet
  facet normal 0.0783775 0 -0.996924
    outer loop
      vertex 27.0871 34.8 15.2754
      vertex 27.4 36.8 15.3
      vertex 27.4 34.8 15.3
    endloop
  endfacet
  facet normal 0.0783775 0 -0.996924
    outer loop
      vertex 27.4 36.8 15.3
      vertex 27.0871 34.8 15.2754
      vertex 27.0871 36.8 15.2754
    endloop
  endfacet
  facet normal 0.0783775 0 0.996924
    outer loop
      vertex 27.0871 36.8 11.3246
      vertex 27.4 34.8 11.3
      vertex 27.4 36.8 11.3
    endloop
  endfacet
  facet normal 0.0783775 0 0.996924
    outer loop
      vertex 27.4 34.8 11.3
      vertex 27.0871 36.8 11.3246
      vertex 27.0871 34.8 11.3246
    endloop
  endfacet
  facet normal 0.972332 0 -0.233602
    outer loop
      vertex 25.4979 34.8 13.918
      vertex 25.4246 36.8 13.6129
      vertex 25.4979 36.8 13.918
    endloop
  endfacet
  facet normal 0.972332 0 -0.233602
    outer loop
      vertex 25.4246 36.8 13.6129
      vertex 25.4979 34.8 13.918
      vertex 25.4246 34.8 13.6129
    endloop
  endfacet
  facet normal 0.649478 0 -0.76038
    outer loop
      vertex 25.9858 34.8 14.7142
      vertex 26.2244 36.8 14.918
      vertex 26.2244 34.8 14.918
    endloop
  endfacet
  facet normal 0.649478 0 -0.76038
    outer loop
      vertex 26.2244 36.8 14.918
      vertex 25.9858 34.8 14.7142
      vertex 25.9858 36.8 14.7142
    endloop
  endfacet
  facet normal -0.522532 0 -0.85262
    outer loop
      vertex 28.308 34.8 15.082
      vertex 28.5756 36.8 14.918
      vertex 28.5756 34.8 14.918
    endloop
  endfacet
  facet normal -0.522532 0 -0.85262
    outer loop
      vertex 28.5756 36.8 14.918
      vertex 28.308 34.8 15.082
      vertex 28.308 36.8 15.082
    endloop
  endfacet
  facet normal 0.522532 0 0.85262
    outer loop
      vertex 26.2244 36.8 11.682
      vertex 26.492 34.8 11.518
      vertex 26.492 36.8 11.518
    endloop
  endfacet
  facet normal 0.522532 0 0.85262
    outer loop
      vertex 26.492 34.8 11.518
      vertex 26.2244 36.8 11.682
      vertex 26.2244 34.8 11.682
    endloop
  endfacet
  facet normal -0.76038 0 0.649478
    outer loop
      vertex 28.8142 34.8 11.8858
      vertex 29.018 36.8 12.1244
      vertex 28.8142 36.8 11.8858
    endloop
  endfacet
  facet normal -0.76038 0 0.649478
    outer loop
      vertex 29.018 36.8 12.1244
      vertex 28.8142 34.8 11.8858
      vertex 29.018 34.8 12.1244
    endloop
  endfacet
  facet normal -0.522532 0 0.85262
    outer loop
      vertex 28.308 36.8 11.518
      vertex 28.5756 34.8 11.682
      vertex 28.5756 36.8 11.682
    endloop
  endfacet
  facet normal -0.522532 0 0.85262
    outer loop
      vertex 28.5756 34.8 11.682
      vertex 28.308 36.8 11.518
      vertex 28.308 34.8 11.518
    endloop
  endfacet
  facet normal -0.996924 0 0.0783775
    outer loop
      vertex 29.3754 34.8 12.9871
      vertex 29.4 36.8 13.3
      vertex 29.3754 36.8 12.9871
    endloop
  endfacet
  facet normal -0.996924 0 0.0783775
    outer loop
      vertex 29.4 36.8 13.3
      vertex 29.3754 34.8 12.9871
      vertex 29.4 34.8 13.3
    endloop
  endfacet
  facet normal -0.649478 0 -0.76038
    outer loop
      vertex 28.5756 34.8 14.918
      vertex 28.8142 36.8 14.7142
      vertex 28.8142 34.8 14.7142
    endloop
  endfacet
  facet normal -0.649478 0 -0.76038
    outer loop
      vertex 28.8142 36.8 14.7142
      vertex 28.5756 34.8 14.918
      vertex 28.5756 36.8 14.918
    endloop
  endfacet
  facet normal -0.382624 0 -0.923904
    outer loop
      vertex 28.018 34.8 15.2021
      vertex 28.308 36.8 15.082
      vertex 28.308 34.8 15.082
    endloop
  endfacet
  facet normal -0.382624 0 -0.923904
    outer loop
      vertex 28.308 36.8 15.082
      vertex 28.018 34.8 15.2021
      vertex 28.018 36.8 15.2021
    endloop
  endfacet
  facet normal 0.923904 0 -0.382624
    outer loop
      vertex 25.618 34.8 14.208
      vertex 25.4979 36.8 13.918
      vertex 25.618 36.8 14.208
    endloop
  endfacet
  facet normal 0.923904 0 -0.382624
    outer loop
      vertex 25.4979 36.8 13.918
      vertex 25.618 34.8 14.208
      vertex 25.4979 34.8 13.918
    endloop
  endfacet
  facet normal -0.233602 0 0.972332
    outer loop
      vertex 27.7129 36.8 11.3246
      vertex 28.018 34.8 11.3979
      vertex 28.018 36.8 11.3979
    endloop
  endfacet
  facet normal -0.233602 0 0.972332
    outer loop
      vertex 28.018 34.8 11.3979
      vertex 27.7129 36.8 11.3246
      vertex 27.7129 34.8 11.3246
    endloop
  endfacet
  facet normal -0.0783775 0 -0.996924
    outer loop
      vertex 27.4 34.8 15.3
      vertex 27.7129 36.8 15.2754
      vertex 27.7129 34.8 15.2754
    endloop
  endfacet
  facet normal -0.0783775 0 -0.996924
    outer loop
      vertex 27.7129 36.8 15.2754
      vertex 27.4 34.8 15.3
      vertex 27.4 36.8 15.3
    endloop
  endfacet
  facet normal 0.382624 0 -0.923904
    outer loop
      vertex 26.492 34.8 15.082
      vertex 26.782 36.8 15.2021
      vertex 26.782 34.8 15.2021
    endloop
  endfacet
  facet normal 0.382624 0 -0.923904
    outer loop
      vertex 26.782 36.8 15.2021
      vertex 26.492 34.8 15.082
      vertex 26.492 36.8 15.082
    endloop
  endfacet
  facet normal 0.233602 0 0.972332
    outer loop
      vertex 26.782 36.8 11.3979
      vertex 27.0871 34.8 11.3246
      vertex 27.0871 36.8 11.3246
    endloop
  endfacet
  facet normal 0.233602 0 0.972332
    outer loop
      vertex 27.0871 34.8 11.3246
      vertex 26.782 36.8 11.3979
      vertex 26.782 34.8 11.3979
    endloop
  endfacet
  facet normal 0.972332 -0 0.233602
    outer loop
      vertex 25.4246 34.8 12.9871
      vertex 25.4979 36.8 12.682
      vertex 25.4246 36.8 12.9871
    endloop
  endfacet
  facet normal 0.972332 0 0.233602
    outer loop
      vertex 25.4979 36.8 12.682
      vertex 25.4246 34.8 12.9871
      vertex 25.4979 34.8 12.682
    endloop
  endfacet
  facet normal 0.85262 -0 0.522532
    outer loop
      vertex 25.618 34.8 12.392
      vertex 25.782 36.8 12.1244
      vertex 25.618 36.8 12.392
    endloop
  endfacet
  facet normal 0.85262 0 0.522532
    outer loop
      vertex 25.782 36.8 12.1244
      vertex 25.618 34.8 12.392
      vertex 25.782 34.8 12.1244
    endloop
  endfacet
  facet normal 0.76038 -0 0.649478
    outer loop
      vertex 25.782 34.8 12.1244
      vertex 25.9858 36.8 11.8858
      vertex 25.782 36.8 12.1244
    endloop
  endfacet
  facet normal 0.76038 0 0.649478
    outer loop
      vertex 25.9858 36.8 11.8858
      vertex 25.782 34.8 12.1244
      vertex 25.9858 34.8 11.8858
    endloop
  endfacet
  facet normal 0.996924 -0 0.0783775
    outer loop
      vertex 25.4 34.8 13.3
      vertex 25.4246 36.8 12.9871
      vertex 25.4 36.8 13.3
    endloop
  endfacet
  facet normal 0.996924 0 0.0783775
    outer loop
      vertex 25.4246 36.8 12.9871
      vertex 25.4 34.8 13.3
      vertex 25.4246 34.8 12.9871
    endloop
  endfacet
  facet normal 0.382624 0 0.923904
    outer loop
      vertex 26.492 36.8 11.518
      vertex 26.782 34.8 11.3979
      vertex 26.782 36.8 11.3979
    endloop
  endfacet
  facet normal 0.382624 0 0.923904
    outer loop
      vertex 26.782 34.8 11.3979
      vertex 26.492 36.8 11.518
      vertex 26.492 34.8 11.518
    endloop
  endfacet
  facet normal 0.996924 0 -0.0783775
    outer loop
      vertex 25.4246 34.8 13.6129
      vertex 25.4 36.8 13.3
      vertex 25.4246 36.8 13.6129
    endloop
  endfacet
  facet normal 0.996924 0 -0.0783775
    outer loop
      vertex 25.4 36.8 13.3
      vertex 25.4246 34.8 13.6129
      vertex 25.4 34.8 13.3
    endloop
  endfacet
  facet normal 0.85262 0 -0.522532
    outer loop
      vertex 25.782 34.8 14.4756
      vertex 25.618 36.8 14.208
      vertex 25.782 36.8 14.4756
    endloop
  endfacet
  facet normal 0.85262 0 -0.522532
    outer loop
      vertex 25.618 36.8 14.208
      vertex 25.782 34.8 14.4756
      vertex 25.618 34.8 14.208
    endloop
  endfacet
  facet normal -0.649478 0 0.76038
    outer loop
      vertex 28.5756 36.8 11.682
      vertex 28.8142 34.8 11.8858
      vertex 28.8142 36.8 11.8858
    endloop
  endfacet
  facet normal -0.649478 0 0.76038
    outer loop
      vertex 28.8142 34.8 11.8858
      vertex 28.5756 36.8 11.682
      vertex 28.5756 34.8 11.682
    endloop
  endfacet
  facet normal -0.946918 -0.321474 0
    outer loop
      vertex 0.304482 49.2693 0
      vertex 0.136296 49.7647 2
      vertex 0.136296 49.7647 0
    endloop
  endfacet
  facet normal -0.946918 -0.321474 0
    outer loop
      vertex 0.136296 49.7647 2
      vertex 0.304482 49.2693 0
      vertex 0.304482 49.2693 2
    endloop
  endfacet
  facet normal 0.0653646 0.997861 -0
    outer loop
      vertex 51.3221 85.5658 0
      vertex 50.8 85.6 2
      vertex 51.3221 85.5658 2
    endloop
  endfacet
  facet normal 0.0653646 0.997861 0
    outer loop
      vertex 50.8 85.6 2
      vertex 51.3221 85.5658 0
      vertex 50.8 85.6 0
    endloop
  endfacet
  facet normal 0.659343 -0.751842 0
    outer loop
      vertex 53.235 47.6266 0
      vertex 53.6284 47.9716 2
      vertex 53.235 47.6266 2
    endloop
  endfacet
  facet normal 0.659343 -0.751842 0
    outer loop
      vertex 53.6284 47.9716 2
      vertex 53.235 47.6266 0
      vertex 53.6284 47.9716 0
    endloop
  endfacet
  facet normal 1 -0 0
    outer loop
      vertex 54.8 50.8 2
      vertex 54.8 81.6 0
      vertex 54.8 81.6 2
    endloop
  endfacet
  facet normal 1 0 0
    outer loop
      vertex 54.8 81.6 0
      vertex 54.8 50.8 2
      vertex 54.8 50.8 0
    endloop
  endfacet
  facet normal 0.751842 -0.659343 0
    outer loop
      vertex 53.6284 47.9716 2
      vertex 53.9734 48.365 0
      vertex 53.9734 48.365 2
    endloop
  endfacet
  facet normal 0.751842 -0.659343 0
    outer loop
      vertex 53.9734 48.365 0
      vertex 53.6284 47.9716 2
      vertex 53.6284 47.9716 0
    endloop
  endfacet
  facet normal 0.997861 0.0653646 0
    outer loop
      vertex 54.8 81.6 2
      vertex 54.7658 82.1221 0
      vertex 54.7658 82.1221 2
    endloop
  endfacet
  facet normal 0.997861 0.0653646 0
    outer loop
      vertex 54.7658 82.1221 0
      vertex 54.8 81.6 2
      vertex 54.8 81.6 0
    endloop
  endfacet
  facet normal 0.980779 0.195124 0
    outer loop
      vertex 54.7658 82.1221 2
      vertex 54.6637 82.6353 0
      vertex 54.6637 82.6353 2
    endloop
  endfacet
  facet normal 0.980779 0.195124 0
    outer loop
      vertex 54.6637 82.6353 0
      vertex 54.7658 82.1221 2
      vertex 54.7658 82.1221 0
    endloop
  endfacet
  facet normal 0.831432 0.555626 0
    outer loop
      vertex 54.2641 83.6 2
      vertex 53.9734 84.035 0
      vertex 53.9734 84.035 2
    endloop
  endfacet
  facet normal 0.831432 0.555626 0
    outer loop
      vertex 53.9734 84.035 0
      vertex 54.2641 83.6 2
      vertex 54.2641 83.6 0
    endloop
  endfacet
  facet normal -0.659362 -0.751826 0
    outer loop
      vertex 1.17157 47.9716 0
      vertex 1.56495 47.6266 2
      vertex 1.17157 47.9716 2
    endloop
  endfacet
  facet normal -0.659362 -0.751826 -0
    outer loop
      vertex 1.56495 47.6266 2
      vertex 1.17157 47.9716 0
      vertex 1.56495 47.6266 0
    endloop
  endfacet
  facet normal 0 -1 0
    outer loop
      vertex 4 46.8 0
      vertex 50.8 46.8 2
      vertex 4 46.8 2
    endloop
  endfacet
  facet normal 0 -1 -0
    outer loop
      vertex 50.8 46.8 2
      vertex 4 46.8 0
      vertex 50.8 46.8 0
    endloop
  endfacet
  facet normal 0.94691 -0.321498 0
    outer loop
      vertex 54.4955 49.2693 2
      vertex 54.6637 49.7647 0
      vertex 54.6637 49.7647 2
    endloop
  endfacet
  facet normal 0.94691 -0.321498 0
    outer loop
      vertex 54.6637 49.7647 0
      vertex 54.4955 49.2693 2
      vertex 54.4955 49.2693 0
    endloop
  endfacet
  facet normal -0.659362 0.751826 0
    outer loop
      vertex 1.56495 84.7734 0
      vertex 1.17157 84.4284 2
      vertex 1.56495 84.7734 2
    endloop
  endfacet
  facet normal -0.659362 0.751826 0
    outer loop
      vertex 1.17157 84.4284 2
      vertex 1.56495 84.7734 0
      vertex 1.17157 84.4284 0
    endloop
  endfacet
  facet normal -1 0 0
    outer loop
      vertex 0 50.8 0
      vertex 0 81.6 2
      vertex 0 81.6 0
    endloop
  endfacet
  facet normal -1 -0 0
    outer loop
      vertex 0 81.6 2
      vertex 0 50.8 0
      vertex 0 50.8 2
    endloop
  endfacet
  facet normal -0.946918 0.321474 0
    outer loop
      vertex 0.136296 82.6353 0
      vertex 0.304482 83.1307 2
      vertex 0.304482 83.1307 0
    endloop
  endfacet
  facet normal -0.946918 0.321474 0
    outer loop
      vertex 0.304482 83.1307 2
      vertex 0.136296 82.6353 0
      vertex 0.136296 82.6353 2
    endloop
  endfacet
  facet normal 0 1 -0
    outer loop
      vertex 50.8 85.6 0
      vertex 4 85.6 2
      vertex 50.8 85.6 2
    endloop
  endfacet
  facet normal 0 1 0
    outer loop
      vertex 4 85.6 2
      vertex 50.8 85.6 0
      vertex 4 85.6 0
    endloop
  endfacet
  facet normal 0.0653646 -0.997861 0
    outer loop
      vertex 50.8 46.8 0
      vertex 51.3221 46.8342 2
      vertex 50.8 46.8 2
    endloop
  endfacet
  facet normal 0.0653646 -0.997861 0
    outer loop
      vertex 51.3221 46.8342 2
      vertex 50.8 46.8 0
      vertex 51.3221 46.8342 0
    endloop
  endfacet
  facet normal -0.997859 -0.0654021 0
    outer loop
      vertex 0.0342197 50.2779 0
      vertex 0 50.8 2
      vertex 0 50.8 0
    endloop
  endfacet
  facet normal -0.997859 -0.0654021 0
    outer loop
      vertex 0 50.8 2
      vertex 0.0342197 50.2779 0
      vertex 0.0342197 50.2779 2
    endloop
  endfacet
  facet normal -0.195135 -0.980776 0
    outer loop
      vertex 2.96472 46.9363 0
      vertex 3.47789 46.8342 2
      vertex 2.96472 46.9363 2
    endloop
  endfacet
  facet normal -0.195135 -0.980776 -0
    outer loop
      vertex 3.47789 46.8342 2
      vertex 2.96472 46.9363 0
      vertex 3.47789 46.8342 0
    endloop
  endfacet
  facet normal 0.896898 -0.442238 0
    outer loop
      vertex 54.2641 48.8 2
      vertex 54.4955 49.2693 0
      vertex 54.4955 49.2693 2
    endloop
  endfacet
  facet normal 0.896898 -0.442238 0
    outer loop
      vertex 54.4955 49.2693 0
      vertex 54.2641 48.8 2
      vertex 54.2641 48.8 0
    endloop
  endfacet
  facet normal -0.321469 -0.94692 0
    outer loop
      vertex 2.46927 47.1045 0
      vertex 2.96472 46.9363 2
      vertex 2.46927 47.1045 2
    endloop
  endfacet
  facet normal -0.321469 -0.94692 -0
    outer loop
      vertex 2.96472 46.9363 2
      vertex 2.46927 47.1045 0
      vertex 2.96472 46.9363 0
    endloop
  endfacet
  facet normal -0.321469 0.94692 0
    outer loop
      vertex 2.96472 85.4637 0
      vertex 2.46927 85.2955 2
      vertex 2.96472 85.4637 2
    endloop
  endfacet
  facet normal -0.321469 0.94692 0
    outer loop
      vertex 2.46927 85.2955 2
      vertex 2.96472 85.4637 0
      vertex 2.46927 85.2955 0
    endloop
  endfacet
  facet normal -0.44226 0.896887 0
    outer loop
      vertex 2.46927 85.2955 0
      vertex 2 85.0641 2
      vertex 2.46927 85.2955 2
    endloop
  endfacet
  facet normal -0.44226 0.896887 0
    outer loop
      vertex 2 85.0641 2
      vertex 2.46927 85.2955 0
      vertex 2 85.0641 0
    endloop
  endfacet
  facet normal 0.997861 -0.0653646 0
    outer loop
      vertex 54.7658 50.2779 2
      vertex 54.8 50.8 0
      vertex 54.8 50.8 2
    endloop
  endfacet
  facet normal 0.997861 -0.0653646 0
    outer loop
      vertex 54.8 50.8 0
      vertex 54.7658 50.2779 2
      vertex 54.7658 50.2779 0
    endloop
  endfacet
  facet normal -0.195135 0.980776 0
    outer loop
      vertex 3.47789 85.5658 0
      vertex 2.96472 85.4637 2
      vertex 3.47789 85.5658 2
    endloop
  endfacet
  facet normal -0.195135 0.980776 0
    outer loop
      vertex 2.96472 85.4637 2
      vertex 3.47789 85.5658 0
      vertex 2.96472 85.4637 0
    endloop
  endfacet
  facet normal 0.94691 0.321498 0
    outer loop
      vertex 54.6637 82.6353 2
      vertex 54.4955 83.1307 0
      vertex 54.4955 83.1307 2
    endloop
  endfacet
  facet normal 0.94691 0.321498 0
    outer loop
      vertex 54.4955 83.1307 0
      vertex 54.6637 82.6353 2
      vertex 54.6637 82.6353 0
    endloop
  endfacet
  facet normal 0.555626 0.831432 -0
    outer loop
      vertex 53.235 84.7734 0
      vertex 52.8 85.0641 2
      vertex 53.235 84.7734 2
    endloop
  endfacet
  facet normal 0.555626 0.831432 0
    outer loop
      vertex 52.8 85.0641 2
      vertex 53.235 84.7734 0
      vertex 52.8 85.0641 0
    endloop
  endfacet
  facet normal 0.980779 -0.195124 0
    outer loop
      vertex 54.6637 49.7647 2
      vertex 54.7658 50.2779 0
      vertex 54.7658 50.2779 2
    endloop
  endfacet
  facet normal 0.980779 -0.195124 0
    outer loop
      vertex 54.7658 50.2779 0
      vertex 54.6637 49.7647 2
      vertex 54.6637 49.7647 0
    endloop
  endfacet
  facet normal 0.896898 0.442238 0
    outer loop
      vertex 54.4955 83.1307 2
      vertex 54.2641 83.6 0
      vertex 54.2641 83.6 2
    endloop
  endfacet
  facet normal 0.896898 0.442238 0
    outer loop
      vertex 54.2641 83.6 0
      vertex 54.4955 83.1307 2
      vertex 54.4955 83.1307 0
    endloop
  endfacet
  facet normal -0.896886 0.442262 0
    outer loop
      vertex 0.304482 83.1307 0
      vertex 0.535898 83.6 2
      vertex 0.535898 83.6 0
    endloop
  endfacet
  facet normal -0.896886 0.442262 0
    outer loop
      vertex 0.535898 83.6 2
      vertex 0.304482 83.1307 0
      vertex 0.304482 83.1307 2
    endloop
  endfacet
  facet normal -0.896886 -0.442262 0
    outer loop
      vertex 0.535898 48.8 0
      vertex 0.304482 49.2693 2
      vertex 0.304482 49.2693 0
    endloop
  endfacet
  facet normal -0.896886 -0.442262 0
    outer loop
      vertex 0.304482 49.2693 2
      vertex 0.535898 48.8 0
      vertex 0.535898 48.8 2
    endloop
  endfacet
  facet normal 0.195124 0.980779 -0
    outer loop
      vertex 51.8353 85.4637 0
      vertex 51.3221 85.5658 2
      vertex 51.8353 85.4637 2
    endloop
  endfacet
  facet normal 0.195124 0.980779 0
    outer loop
      vertex 51.3221 85.5658 2
      vertex 51.8353 85.4637 0
      vertex 51.3221 85.5658 0
    endloop
  endfacet
  facet normal 0.195124 -0.980779 0
    outer loop
      vertex 51.3221 46.8342 0
      vertex 51.8353 46.9363 2
      vertex 51.3221 46.8342 2
    endloop
  endfacet
  facet normal 0.195124 -0.980779 0
    outer loop
      vertex 51.8353 46.9363 2
      vertex 51.3221 46.8342 0
      vertex 51.8353 46.9363 0
    endloop
  endfacet
  facet normal -0.44226 -0.896887 0
    outer loop
      vertex 2 47.3359 0
      vertex 2.46927 47.1045 2
      vertex 2 47.3359 2
    endloop
  endfacet
  facet normal -0.44226 -0.896887 -0
    outer loop
      vertex 2.46927 47.1045 2
      vertex 2 47.3359 0
      vertex 2.46927 47.1045 0
    endloop
  endfacet
  facet normal -0.997859 0.0654021 0
    outer loop
      vertex 0 81.6 0
      vertex 0.0342197 82.1221 2
      vertex 0.0342197 82.1221 0
    endloop
  endfacet
  facet normal -0.997859 0.0654021 0
    outer loop
      vertex 0.0342197 82.1221 2
      vertex 0 81.6 0
      vertex 0 81.6 2
    endloop
  endfacet
  facet normal -0.0653634 -0.997862 0
    outer loop
      vertex 3.47789 46.8342 0
      vertex 4 46.8 2
      vertex 3.47789 46.8342 2
    endloop
  endfacet
  facet normal -0.0653634 -0.997862 -0
    outer loop
      vertex 4 46.8 2
      vertex 3.47789 46.8342 0
      vertex 4 46.8 0
    endloop
  endfacet
  facet normal 0.659343 0.751842 -0
    outer loop
      vertex 53.6284 84.4284 0
      vertex 53.235 84.7734 2
      vertex 53.6284 84.4284 2
    endloop
  endfacet
  facet normal 0.659343 0.751842 0
    outer loop
      vertex 53.235 84.7734 2
      vertex 53.6284 84.4284 0
      vertex 53.235 84.7734 0
    endloop
  endfacet
  facet normal 0.321498 0.94691 -0
    outer loop
      vertex 52.3307 85.2955 0
      vertex 51.8353 85.4637 2
      vertex 52.3307 85.2955 2
    endloop
  endfacet
  facet normal 0.321498 0.94691 0
    outer loop
      vertex 51.8353 85.4637 2
      vertex 52.3307 85.2955 0
      vertex 51.8353 85.4637 0
    endloop
  endfacet
  facet normal -0.751857 0.659326 0
    outer loop
      vertex 0.826586 84.035 0
      vertex 1.17157 84.4284 2
      vertex 1.17157 84.4284 0
    endloop
  endfacet
  facet normal -0.751857 0.659326 0
    outer loop
      vertex 1.17157 84.4284 2
      vertex 0.826586 84.035 0
      vertex 0.826586 84.035 2
    endloop
  endfacet
  facet normal -0.831443 0.55561 0
    outer loop
      vertex 0.535898 83.6 0
      vertex 0.826586 84.035 2
      vertex 0.826586 84.035 0
    endloop
  endfacet
  facet normal -0.831443 0.55561 0
    outer loop
      vertex 0.826586 84.035 2
      vertex 0.535898 83.6 0
      vertex 0.535898 83.6 2
    endloop
  endfacet
  facet normal 0.751842 0.659343 0
    outer loop
      vertex 53.9734 84.035 2
      vertex 53.6284 84.4284 0
      vertex 53.6284 84.4284 2
    endloop
  endfacet
  facet normal 0.751842 0.659343 0
    outer loop
      vertex 53.6284 84.4284 0
      vertex 53.9734 84.035 2
      vertex 53.9734 84.035 0
    endloop
  endfacet
  facet normal -0.0653634 0.997862 0
    outer loop
      vertex 4 85.6 0
      vertex 3.47789 85.5658 2
      vertex 4 85.6 2
    endloop
  endfacet
  facet normal -0.0653634 0.997862 0
    outer loop
      vertex 3.47789 85.5658 2
      vertex 4 85.6 0
      vertex 3.47789 85.5658 0
    endloop
  endfacet
  facet normal 0.555626 -0.831432 0
    outer loop
      vertex 52.8 47.3359 0
      vertex 53.235 47.6266 2
      vertex 52.8 47.3359 2
    endloop
  endfacet
  facet normal 0.555626 -0.831432 0
    outer loop
      vertex 53.235 47.6266 2
      vertex 52.8 47.3359 0
      vertex 53.235 47.6266 0
    endloop
  endfacet
  facet normal -0.751857 -0.659326 0
    outer loop
      vertex 1.17157 47.9716 0
      vertex 0.826586 48.365 2
      vertex 0.826586 48.365 0
    endloop
  endfacet
  facet normal -0.751857 -0.659326 0
    outer loop
      vertex 0.826586 48.365 2
      vertex 1.17157 47.9716 0
      vertex 1.17157 47.9716 2
    endloop
  endfacet
  facet normal 0 0 1
    outer loop
      vertex 52.3829 81.4611 2
      vertex 54.8 81.6 2
      vertex 54.7658 82.1221 2
    endloop
  endfacet
  facet normal 0 0 1
    outer loop
      vertex 54.8 81.6 2
      vertex 52.4 81.2 2
      vertex 54.8 50.8 2
    endloop
  endfacet
  facet normal 0 0 1
    outer loop
      vertex 52.3319 81.7176 2
      vertex 54.7658 82.1221 2
      vertex 54.6637 82.6353 2
    endloop
  endfacet
  facet normal -0 0 1
    outer loop
      vertex 52.4 51.2 2
      vertex 54.8 50.8 2
      vertex 52.4 81.2 2
    endloop
  endfacet
  facet normal 0 0 1
    outer loop
      vertex 52.2478 81.9654 2
      vertex 54.6637 82.6353 2
      vertex 54.4955 83.1307 2
    endloop
  endfacet
  facet normal -0 0 1
    outer loop
      vertex 52.3829 50.9389 2
      vertex 54.8 50.8 2
      vertex 52.4 51.2 2
    endloop
  endfacet
  facet normal 0 0 1
    outer loop
      vertex 52.132 82.2 2
      vertex 54.4955 83.1307 2
      vertex 54.2641 83.6 2
    endloop
  endfacet
  facet normal 0 0 1
    outer loop
      vertex 54.8 50.8 2
      vertex 52.3829 50.9389 2
      vertex 54.7658 50.2779 2
    endloop
  endfacet
  facet normal 0 0 1
    outer loop
      vertex 51.9867 82.4175 2
      vertex 54.2641 83.6 2
      vertex 53.9734 84.035 2
    endloop
  endfacet
  facet normal -0 0 1
    outer loop
      vertex 52.3319 50.6824 2
      vertex 54.7658 50.2779 2
      vertex 52.3829 50.9389 2
    endloop
  endfacet
  facet normal 0 0 1
    outer loop
      vertex 51.8142 82.6142 2
      vertex 53.9734 84.035 2
      vertex 53.6284 84.4284 2
    endloop
  endfacet
  facet normal 0 0 1
    outer loop
      vertex 54.7658 50.2779 2
      vertex 52.3319 50.6824 2
      vertex 54.6637 49.7647 2
    endloop
  endfacet
  facet normal 0 0 1
    outer loop
      vertex 51.8142 82.6142 2
      vertex 53.6284 84.4284 2
      vertex 53.235 84.7734 2
    endloop
  endfacet
  facet normal -0 0 1
    outer loop
      vertex 52.2478 50.4346 2
      vertex 54.6637 49.7647 2
      vertex 52.3319 50.6824 2
    endloop
  endfacet
  facet normal 0 0 1
    outer loop
      vertex 51.6175 82.7867 2
      vertex 53.235 84.7734 2
      vertex 52.8 85.0641 2
    endloop
  endfacet
  facet normal 0 0 1
    outer loop
      vertex 54.6637 49.7647 2
      vertex 52.2478 50.4346 2
      vertex 54.4955 49.2693 2
    endloop
  endfacet
  facet normal -0 0 1
    outer loop
      vertex 52.132 50.2 2
      vertex 54.4955 49.2693 2
      vertex 52.2478 50.4346 2
    endloop
  endfacet
  facet normal 0 0 1
    outer loop
      vertex 54.8 81.6 2
      vertex 52.3829 81.4611 2
      vertex 52.4 81.2 2
    endloop
  endfacet
  facet normal 0 0 1
    outer loop
      vertex 54.7658 82.1221 2
      vertex 52.3319 81.7176 2
      vertex 52.3829 81.4611 2
    endloop
  endfacet
  facet normal 0 0 1
    outer loop
      vertex 51.4 82.9321 2
      vertex 52.8 85.0641 2
      vertex 52.3307 85.2955 2
    endloop
  endfacet
  facet normal 0 0 1
    outer loop
      vertex 54.6637 82.6353 2
      vertex 52.2478 81.9654 2
      vertex 52.3319 81.7176 2
    endloop
  endfacet
  facet normal 0 0 1
    outer loop
      vertex 54.4955 83.1307 2
      vertex 52.132 82.2 2
      vertex 52.2478 81.9654 2
    endloop
  endfacet
  facet normal 0 0 1
    outer loop
      vertex 54.2641 83.6 2
      vertex 51.9867 82.4175 2
      vertex 52.132 82.2 2
    endloop
  endfacet
  facet normal 0 0 1
    outer loop
      vertex 51.1654 83.0478 2
      vertex 52.3307 85.2955 2
      vertex 51.8353 85.4637 2
    endloop
  endfacet
  facet normal 0 0 1
    outer loop
      vertex 53.9734 84.035 2
      vertex 51.8142 82.6142 2
      vertex 51.9867 82.4175 2
    endloop
  endfacet
  facet normal 0 0 1
    outer loop
      vertex 53.235 84.7734 2
      vertex 51.6175 82.7867 2
      vertex 51.8142 82.6142 2
    endloop
  endfacet
  facet normal 0 0 1
    outer loop
      vertex 52.8 85.0641 2
      vertex 51.4 82.9321 2
      vertex 51.6175 82.7867 2
    endloop
  endfacet
  facet normal 0 0 1
    outer loop
      vertex 50.9176 83.1319 2
      vertex 51.8353 85.4637 2
      vertex 51.3221 85.5658 2
    endloop
  endfacet
  facet normal 0 0 1
    outer loop
      vertex 52.3307 85.2955 2
      vertex 51.1654 83.0478 2
      vertex 51.4 82.9321 2
    endloop
  endfacet
  facet normal 0 0 1
    outer loop
      vertex 51.8353 85.4637 2
      vertex 50.9176 83.1319 2
      vertex 51.1654 83.0478 2
    endloop
  endfacet
  facet normal 0 0 1
    outer loop
      vertex 50.6611 83.1829 2
      vertex 51.3221 85.5658 2
      vertex 50.8 85.6 2
    endloop
  endfacet
  facet normal 0 0 1
    outer loop
      vertex 51.3221 85.5658 2
      vertex 50.6611 83.1829 2
      vertex 50.9176 83.1319 2
    endloop
  endfacet
  facet normal 0 0 1
    outer loop
      vertex 50.8 85.6 2
      vertex 50.4 83.2 2
      vertex 50.6611 83.1829 2
    endloop
  endfacet
  facet normal 0 0 1
    outer loop
      vertex 50.8 85.6 2
      vertex 4.4 83.2 2
      vertex 50.4 83.2 2
    endloop
  endfacet
  facet normal -0 0 1
    outer loop
      vertex 4 85.6 2
      vertex 4.4 83.2 2
      vertex 50.8 85.6 2
    endloop
  endfacet
  facet normal 0 0 1
    outer loop
      vertex 4 85.6 2
      vertex 4.13895 83.1829 2
      vertex 4.4 83.2 2
    endloop
  endfacet
  facet normal -0 0 1
    outer loop
      vertex 3.47789 85.5658 2
      vertex 4.13895 83.1829 2
      vertex 4 85.6 2
    endloop
  endfacet
  facet normal 0 0 1
    outer loop
      vertex 4.13895 83.1829 2
      vertex 3.47789 85.5658 2
      vertex 3.88236 83.1319 2
    endloop
  endfacet
  facet normal -0 0 1
    outer loop
      vertex 2.96472 85.4637 2
      vertex 3.88236 83.1319 2
      vertex 3.47789 85.5658 2
    endloop
  endfacet
  facet normal 0 0 1
    outer loop
      vertex 3.88236 83.1319 2
      vertex 2.96472 85.4637 2
      vertex 3.63463 83.0478 2
    endloop
  endfacet
  facet normal -0 0 1
    outer loop
      vertex 2.46927 85.2955 2
      vertex 3.63463 83.0478 2
      vertex 2.96472 85.4637 2
    endloop
  endfacet
  facet normal 0 0 1
    outer loop
      vertex 3.63463 83.0478 2
      vertex 2.46927 85.2955 2
      vertex 3.4 82.9321 2
    endloop
  endfacet
  facet normal -0 0 1
    outer loop
      vertex 2 85.0641 2
      vertex 3.4 82.9321 2
      vertex 2.46927 85.2955 2
    endloop
  endfacet
  facet normal 0 0 1
    outer loop
      vertex 3.4 82.9321 2
      vertex 2 85.0641 2
      vertex 3.18248 82.7867 2
    endloop
  endfacet
  facet normal -0 0 1
    outer loop
      vertex 1.56495 84.7734 2
      vertex 3.18248 82.7867 2
      vertex 2 85.0641 2
    endloop
  endfacet
  facet normal 0 0 1
    outer loop
      vertex 3.18248 82.7867 2
      vertex 1.56495 84.7734 2
      vertex 2.98579 82.6142 2
    endloop
  endfacet
  facet normal -0 0 1
    outer loop
      vertex 1.17157 84.4284 2
      vertex 2.98579 82.6142 2
      vertex 1.56495 84.7734 2
    endloop
  endfacet
  facet normal -0 0 1
    outer loop
      vertex 0.826586 84.035 2
      vertex 2.98579 82.6142 2
      vertex 1.17157 84.4284 2
    endloop
  endfacet
  facet normal 0 0 1
    outer loop
      vertex 2.98579 82.6142 2
      vertex 0.826586 84.035 2
      vertex 2.81329 82.4175 2
    endloop
  endfacet
  facet normal -0 0 1
    outer loop
      vertex 0.535898 83.6 2
      vertex 2.81329 82.4175 2
      vertex 0.826586 84.035 2
    endloop
  endfacet
  facet normal -0 0 1
    outer loop
      vertex 0.304482 83.1307 2
      vertex 2.66795 82.2 2
      vertex 0.535898 83.6 2
    endloop
  endfacet
  facet normal 0 0 1
    outer loop
      vertex 2.81329 82.4175 2
      vertex 0.535898 83.6 2
      vertex 2.66795 82.2 2
    endloop
  endfacet
  facet normal 0 0 1
    outer loop
      vertex 54.4955 49.2693 2
      vertex 52.132 50.2 2
      vertex 54.2641 48.8 2
    endloop
  endfacet
  facet normal -0 0 1
    outer loop
      vertex 51.9867 49.9825 2
      vertex 54.2641 48.8 2
      vertex 52.132 50.2 2
    endloop
  endfacet
  facet normal 0 0 1
    outer loop
      vertex 54.2641 48.8 2
      vertex 51.9867 49.9825 2
      vertex 53.9734 48.365 2
    endloop
  endfacet
  facet normal -0 0 1
    outer loop
      vertex 51.8142 49.7858 2
      vertex 53.9734 48.365 2
      vertex 51.9867 49.9825 2
    endloop
  endfacet
  facet normal 0 0 1
    outer loop
      vertex 53.9734 48.365 2
      vertex 51.8142 49.7858 2
      vertex 53.6284 47.9716 2
    endloop
  endfacet
  facet normal 0 0 1
    outer loop
      vertex 53.6284 47.9716 2
      vertex 51.8142 49.7858 2
      vertex 53.235 47.6266 2
    endloop
  endfacet
  facet normal -0 0 1
    outer loop
      vertex 51.6175 49.6133 2
      vertex 53.235 47.6266 2
      vertex 51.8142 49.7858 2
    endloop
  endfacet
  facet normal 0 0 1
    outer loop
      vertex 53.235 47.6266 2
      vertex 51.6175 49.6133 2
      vertex 52.8 47.3359 2
    endloop
  endfacet
  facet normal -0 0 1
    outer loop
      vertex 51.4 49.4679 2
      vertex 52.8 47.3359 2
      vertex 51.6175 49.6133 2
    endloop
  endfacet
  facet normal 0 0 1
    outer loop
      vertex 52.8 47.3359 2
      vertex 51.4 49.4679 2
      vertex 52.3307 47.1045 2
    endloop
  endfacet
  facet normal -0 0 1
    outer loop
      vertex 51.1654 49.3522 2
      vertex 52.3307 47.1045 2
      vertex 51.4 49.4679 2
    endloop
  endfacet
  facet normal 0 0 1
    outer loop
      vertex 52.3307 47.1045 2
      vertex 51.1654 49.3522 2
      vertex 51.8353 46.9363 2
    endloop
  endfacet
  facet normal -0 0 1
    outer loop
      vertex 50.9176 49.2681 2
      vertex 51.8353 46.9363 2
      vertex 51.1654 49.3522 2
    endloop
  endfacet
  facet normal 0 0 1
    outer loop
      vertex 51.8353 46.9363 2
      vertex 50.9176 49.2681 2
      vertex 51.3221 46.8342 2
    endloop
  endfacet
  facet normal -0 0 1
    outer loop
      vertex 50.6611 49.2171 2
      vertex 51.3221 46.8342 2
      vertex 50.9176 49.2681 2
    endloop
  endfacet
  facet normal 0 0 1
    outer loop
      vertex 51.3221 46.8342 2
      vertex 50.6611 49.2171 2
      vertex 50.8 46.8 2
    endloop
  endfacet
  facet normal -0 0 1
    outer loop
      vertex 50.4 49.2 2
      vertex 50.8 46.8 2
      vertex 50.6611 49.2171 2
    endloop
  endfacet
  facet normal -0 0 1
    outer loop
      vertex 4.4 49.2 2
      vertex 50.8 46.8 2
      vertex 50.4 49.2 2
    endloop
  endfacet
  facet normal 0 0 1
    outer loop
      vertex 4.4 49.2 2
      vertex 4 46.8 2
      vertex 50.8 46.8 2
    endloop
  endfacet
  facet normal 0 0 1
    outer loop
      vertex 4.13895 49.2171 2
      vertex 4 46.8 2
      vertex 4.4 49.2 2
    endloop
  endfacet
  facet normal 0 0 1
    outer loop
      vertex 3.47789 46.8342 2
      vertex 4.13895 49.2171 2
      vertex 3.88236 49.2681 2
    endloop
  endfacet
  facet normal 0 0 1
    outer loop
      vertex 2.96472 46.9363 2
      vertex 3.88236 49.2681 2
      vertex 3.63463 49.3522 2
    endloop
  endfacet
  facet normal 0 0 1
    outer loop
      vertex 4.13895 49.2171 2
      vertex 3.47789 46.8342 2
      vertex 4 46.8 2
    endloop
  endfacet
  facet normal 0 0 1
    outer loop
      vertex 2.46927 47.1045 2
      vertex 3.63463 49.3522 2
      vertex 3.4 49.4679 2
    endloop
  endfacet
  facet normal 0 0 1
    outer loop
      vertex 2 47.3359 2
      vertex 3.4 49.4679 2
      vertex 3.18248 49.6133 2
    endloop
  endfacet
  facet normal 0 0 1
    outer loop
      vertex 1.56495 47.6266 2
      vertex 3.18248 49.6133 2
      vertex 2.98579 49.7858 2
    endloop
  endfacet
  facet normal 0 0 1
    outer loop
      vertex 3.88236 49.2681 2
      vertex 2.96472 46.9363 2
      vertex 3.47789 46.8342 2
    endloop
  endfacet
  facet normal 0 0 1
    outer loop
      vertex 0.826586 48.365 2
      vertex 2.98579 49.7858 2
      vertex 2.81329 49.9825 2
    endloop
  endfacet
  facet normal 0 0 1
    outer loop
      vertex 0.535898 48.8 2
      vertex 2.81329 49.9825 2
      vertex 2.66795 50.2 2
    endloop
  endfacet
  facet normal 0 0 1
    outer loop
      vertex 0.304482 49.2693 2
      vertex 2.66795 50.2 2
      vertex 2.55224 50.4346 2
    endloop
  endfacet
  facet normal 0 0 1
    outer loop
      vertex 3.63463 49.3522 2
      vertex 2.46927 47.1045 2
      vertex 2.96472 46.9363 2
    endloop
  endfacet
  facet normal 0 0 1
    outer loop
      vertex 0.136296 49.7647 2
      vertex 2.55224 50.4346 2
      vertex 2.46815 50.6824 2
    endloop
  endfacet
  facet normal 0 0 1
    outer loop
      vertex 0.0342197 50.2779 2
      vertex 2.46815 50.6824 2
      vertex 2.41711 50.9389 2
    endloop
  endfacet
  facet normal 0 0 1
    outer loop
      vertex 0 50.8 2
      vertex 2.41711 50.9389 2
      vertex 2.4 51.2 2
    endloop
  endfacet
  facet normal 0 0 1
    outer loop
      vertex 3.4 49.4679 2
      vertex 2 47.3359 2
      vertex 2.46927 47.1045 2
    endloop
  endfacet
  facet normal 0 0 1
    outer loop
      vertex 2.4 81.2 2
      vertex 0 81.6 2
      vertex 2.4 51.2 2
    endloop
  endfacet
  facet normal 0 0 1
    outer loop
      vertex 2.66795 82.2 2
      vertex 0.304482 83.1307 2
      vertex 2.55224 81.9654 2
    endloop
  endfacet
  facet normal 0 0 1
    outer loop
      vertex 0 50.8 2
      vertex 2.4 51.2 2
      vertex 0 81.6 2
    endloop
  endfacet
  facet normal -0 0 1
    outer loop
      vertex 0.136296 82.6353 2
      vertex 2.55224 81.9654 2
      vertex 0.304482 83.1307 2
    endloop
  endfacet
  facet normal 0 0 1
    outer loop
      vertex 2.41711 50.9389 2
      vertex 0 50.8 2
      vertex 0.0342197 50.2779 2
    endloop
  endfacet
  facet normal 0 0 1
    outer loop
      vertex 2.55224 81.9654 2
      vertex 0.136296 82.6353 2
      vertex 2.46815 81.7176 2
    endloop
  endfacet
  facet normal 0 0 1
    outer loop
      vertex 3.18248 49.6133 2
      vertex 1.56495 47.6266 2
      vertex 2 47.3359 2
    endloop
  endfacet
  facet normal -0 0 1
    outer loop
      vertex 0.0342197 82.1221 2
      vertex 2.46815 81.7176 2
      vertex 0.136296 82.6353 2
    endloop
  endfacet
  facet normal 0 0 1
    outer loop
      vertex 2.98579 49.7858 2
      vertex 1.17157 47.9716 2
      vertex 1.56495 47.6266 2
    endloop
  endfacet
  facet normal 0 0 1
    outer loop
      vertex 2.46815 81.7176 2
      vertex 0.0342197 82.1221 2
      vertex 2.41711 81.4611 2
    endloop
  endfacet
  facet normal 0 0 1
    outer loop
      vertex 2.98579 49.7858 2
      vertex 0.826586 48.365 2
      vertex 1.17157 47.9716 2
    endloop
  endfacet
  facet normal -0 0 1
    outer loop
      vertex 0 81.6 2
      vertex 2.41711 81.4611 2
      vertex 0.0342197 82.1221 2
    endloop
  endfacet
  facet normal 0 0 1
    outer loop
      vertex 2.81329 49.9825 2
      vertex 0.535898 48.8 2
      vertex 0.826586 48.365 2
    endloop
  endfacet
  facet normal 0 0 1
    outer loop
      vertex 2.41711 81.4611 2
      vertex 0 81.6 2
      vertex 2.4 81.2 2
    endloop
  endfacet
  facet normal 0 0 1
    outer loop
      vertex 2.66795 50.2 2
      vertex 0.304482 49.2693 2
      vertex 0.535898 48.8 2
    endloop
  endfacet
  facet normal 0 0 1
    outer loop
      vertex 2.55224 50.4346 2
      vertex 0.136296 49.7647 2
      vertex 0.304482 49.2693 2
    endloop
  endfacet
  facet normal 0 0 1
    outer loop
      vertex 2.46815 50.6824 2
      vertex 0.0342197 50.2779 2
      vertex 0.136296 49.7647 2
    endloop
  endfacet
  facet normal -0.980787 -0.19508 0
    outer loop
      vertex 0.136296 49.7647 0
      vertex 0.0342197 50.2779 2
      vertex 0.0342197 50.2779 0
    endloop
  endfacet
  facet normal -0.980787 -0.19508 0
    outer loop
      vertex 0.0342197 50.2779 2
      vertex 0.136296 49.7647 0
      vertex 0.136296 49.7647 2
    endloop
  endfacet
  facet normal 0.442238 0.896898 -0
    outer loop
      vertex 52.8 85.0641 0
      vertex 52.3307 85.2955 2
      vertex 52.8 85.0641 2
    endloop
  endfacet
  facet normal 0.442238 0.896898 0
    outer loop
      vertex 52.3307 85.2955 2
      vertex 52.8 85.0641 0
      vertex 52.3307 85.2955 0
    endloop
  endfacet
  facet normal -0.555582 -0.831462 0
    outer loop
      vertex 1.56495 47.6266 0
      vertex 2 47.3359 2
      vertex 1.56495 47.6266 2
    endloop
  endfacet
  facet normal -0.555582 -0.831462 -0
    outer loop
      vertex 2 47.3359 2
      vertex 1.56495 47.6266 0
      vertex 2 47.3359 0
    endloop
  endfacet
  facet normal 0.321498 -0.94691 0
    outer loop
      vertex 51.8353 46.9363 0
      vertex 52.3307 47.1045 2
      vertex 51.8353 46.9363 2
    endloop
  endfacet
  facet normal 0.321498 -0.94691 0
    outer loop
      vertex 52.3307 47.1045 2
      vertex 51.8353 46.9363 0
      vertex 52.3307 47.1045 0
    endloop
  endfacet
  facet normal -0.980787 0.19508 0
    outer loop
      vertex 0.0342197 82.1221 0
      vertex 0.136296 82.6353 2
      vertex 0.136296 82.6353 0
    endloop
  endfacet
  facet normal -0.980787 0.19508 0
    outer loop
      vertex 0.136296 82.6353 2
      vertex 0.0342197 82.1221 0
      vertex 0.0342197 82.1221 2
    endloop
  endfacet
  facet normal 0.831432 -0.555626 0
    outer loop
      vertex 53.9734 48.365 2
      vertex 54.2641 48.8 0
      vertex 54.2641 48.8 2
    endloop
  endfacet
  facet normal 0.831432 -0.555626 0
    outer loop
      vertex 54.2641 48.8 0
      vertex 53.9734 48.365 2
      vertex 53.9734 48.365 0
    endloop
  endfacet
  facet normal -0.555582 0.831462 0
    outer loop
      vertex 2 85.0641 0
      vertex 1.56495 84.7734 2
      vertex 2 85.0641 2
    endloop
  endfacet
  facet normal -0.555582 0.831462 0
    outer loop
      vertex 1.56495 84.7734 2
      vertex 2 85.0641 0
      vertex 1.56495 84.7734 0
    endloop
  endfacet
  facet normal 0.442238 -0.896898 0
    outer loop
      vertex 52.3307 47.1045 0
      vertex 52.8 47.3359 2
      vertex 52.3307 47.1045 2
    endloop
  endfacet
  facet normal 0.442238 -0.896898 0
    outer loop
      vertex 52.8 47.3359 2
      vertex 52.3307 47.1045 0
      vertex 52.8 47.3359 0
    endloop
  endfacet
  facet normal -0.831443 -0.55561 0
    outer loop
      vertex 0.826586 48.365 0
      vertex 0.535898 48.8 2
      vertex 0.535898 48.8 0
    endloop
  endfacet
  facet normal -0.831443 -0.55561 0
    outer loop
      vertex 0.535898 48.8 2
      vertex 0.826586 48.365 0
      vertex 0.826586 48.365 2
    endloop
  endfacet
  facet normal 0 0 -1
    outer loop
      vertex 50.8 46.8 0
      vertex 54.8 50.8 0
      vertex 54.7658 50.2779 0
    endloop
  endfacet
  facet normal -0 0 -1
    outer loop
      vertex 54.8 50.8 0
      vertex 50.8 46.8 0
      vertex 54.8 81.6 0
    endloop
  endfacet
  facet normal 0 0 -1
    outer loop
      vertex 50.8 46.8 0
      vertex 54.7658 50.2779 0
      vertex 54.6637 49.7647 0
    endloop
  endfacet
  facet normal 0 0 -1
    outer loop
      vertex 50.8 85.6 0
      vertex 54.8 81.6 0
      vertex 50.8 46.8 0
    endloop
  endfacet
  facet normal 0 0 -1
    outer loop
      vertex 50.8 46.8 0
      vertex 54.6637 49.7647 0
      vertex 54.4955 49.2693 0
    endloop
  endfacet
  facet normal 0 0 -1
    outer loop
      vertex 54.8 81.6 0
      vertex 50.8 85.6 0
      vertex 54.7658 82.1221 0
    endloop
  endfacet
  facet normal 0 0 -1
    outer loop
      vertex 50.8 46.8 0
      vertex 54.4955 49.2693 0
      vertex 54.2641 48.8 0
    endloop
  endfacet
  facet normal 0 0 -1
    outer loop
      vertex 54.7658 82.1221 0
      vertex 50.8 85.6 0
      vertex 54.6637 82.6353 0
    endloop
  endfacet
  facet normal 0 0 -1
    outer loop
      vertex 50.8 46.8 0
      vertex 54.2641 48.8 0
      vertex 53.9734 48.365 0
    endloop
  endfacet
  facet normal 0 0 -1
    outer loop
      vertex 54.6637 82.6353 0
      vertex 50.8 85.6 0
      vertex 54.4955 83.1307 0
    endloop
  endfacet
  facet normal 0 0 -1
    outer loop
      vertex 50.8 46.8 0
      vertex 53.9734 48.365 0
      vertex 53.6284 47.9716 0
    endloop
  endfacet
  facet normal 0 0 -1
    outer loop
      vertex 54.4955 83.1307 0
      vertex 50.8 85.6 0
      vertex 54.2641 83.6 0
    endloop
  endfacet
  facet normal 0 0 -1
    outer loop
      vertex 50.8 46.8 0
      vertex 53.6284 47.9716 0
      vertex 53.235 47.6266 0
    endloop
  endfacet
  facet normal 0 0 -1
    outer loop
      vertex 54.2641 83.6 0
      vertex 50.8 85.6 0
      vertex 53.9734 84.035 0
    endloop
  endfacet
  facet normal 0 0 -1
    outer loop
      vertex 50.8 46.8 0
      vertex 53.235 47.6266 0
      vertex 52.8 47.3359 0
    endloop
  endfacet
  facet normal 0 0 -1
    outer loop
      vertex 53.9734 84.035 0
      vertex 50.8 85.6 0
      vertex 53.6284 84.4284 0
    endloop
  endfacet
  facet normal 0 0 -1
    outer loop
      vertex 50.8 46.8 0
      vertex 52.8 47.3359 0
      vertex 52.3307 47.1045 0
    endloop
  endfacet
  facet normal 0 0 -1
    outer loop
      vertex 53.6284 84.4284 0
      vertex 50.8 85.6 0
      vertex 53.235 84.7734 0
    endloop
  endfacet
  facet normal 0 0 -1
    outer loop
      vertex 50.8 46.8 0
      vertex 52.3307 47.1045 0
      vertex 51.8353 46.9363 0
    endloop
  endfacet
  facet normal 0 0 -1
    outer loop
      vertex 53.235 84.7734 0
      vertex 50.8 85.6 0
      vertex 52.8 85.0641 0
    endloop
  endfacet
  facet normal 0 0 -1
    outer loop
      vertex 50.8 46.8 0
      vertex 51.8353 46.9363 0
      vertex 51.3221 46.8342 0
    endloop
  endfacet
  facet normal 0 0 -1
    outer loop
      vertex 52.8 85.0641 0
      vertex 50.8 85.6 0
      vertex 52.3307 85.2955 0
    endloop
  endfacet
  facet normal 0 0 -1
    outer loop
      vertex 52.3307 85.2955 0
      vertex 50.8 85.6 0
      vertex 51.8353 85.4637 0
    endloop
  endfacet
  facet normal 0 0 -1
    outer loop
      vertex 51.8353 85.4637 0
      vertex 50.8 85.6 0
      vertex 51.3221 85.5658 0
    endloop
  endfacet
  facet normal 0 0 -1
    outer loop
      vertex 4 46.8 0
      vertex 50.8 85.6 0
      vertex 50.8 46.8 0
    endloop
  endfacet
  facet normal 0 0 -1
    outer loop
      vertex 4 46.8 0
      vertex 4 85.6 0
      vertex 50.8 85.6 0
    endloop
  endfacet
  facet normal 0 0 -1
    outer loop
      vertex 0 50.8 0
      vertex 4 46.8 0
      vertex 3.47789 46.8342 0
    endloop
  endfacet
  facet normal 0 0 -1
    outer loop
      vertex 4 46.8 0
      vertex 0 50.8 0
      vertex 4 85.6 0
    endloop
  endfacet
  facet normal 0 0 -1
    outer loop
      vertex 0 50.8 0
      vertex 3.47789 46.8342 0
      vertex 2.96472 46.9363 0
    endloop
  endfacet
  facet normal 0 0 -1
    outer loop
      vertex 0 81.6 0
      vertex 4 85.6 0
      vertex 0 50.8 0
    endloop
  endfacet
  facet normal 0 0 -1
    outer loop
      vertex 0 50.8 0
      vertex 2.96472 46.9363 0
      vertex 2.46927 47.1045 0
    endloop
  endfacet
  facet normal 0 0 -1
    outer loop
      vertex 4 85.6 0
      vertex 0 81.6 0
      vertex 3.47789 85.5658 0
    endloop
  endfacet
  facet normal 0 0 -1
    outer loop
      vertex 0 50.8 0
      vertex 2.46927 47.1045 0
      vertex 2 47.3359 0
    endloop
  endfacet
  facet normal 0 0 -1
    outer loop
      vertex 3.47789 85.5658 0
      vertex 0 81.6 0
      vertex 2.96472 85.4637 0
    endloop
  endfacet
  facet normal 0 0 -1
    outer loop
      vertex 0 50.8 0
      vertex 2 47.3359 0
      vertex 1.56495 47.6266 0
    endloop
  endfacet
  facet normal 0 0 -1
    outer loop
      vertex 2.96472 85.4637 0
      vertex 0 81.6 0
      vertex 2.46927 85.2955 0
    endloop
  endfacet
  facet normal 0 0 -1
    outer loop
      vertex 0 50.8 0
      vertex 1.56495 47.6266 0
      vertex 1.17157 47.9716 0
    endloop
  endfacet
  facet normal 0 0 -1
    outer loop
      vertex 2.46927 85.2955 0
      vertex 0 81.6 0
      vertex 2 85.0641 0
    endloop
  endfacet
  facet normal 0 0 -1
    outer loop
      vertex 0 50.8 0
      vertex 1.17157 47.9716 0
      vertex 0.826586 48.365 0
    endloop
  endfacet
  facet normal 0 0 -1
    outer loop
      vertex 2 85.0641 0
      vertex 0 81.6 0
      vertex 1.56495 84.7734 0
    endloop
  endfacet
  facet normal 0 0 -1
    outer loop
      vertex 0 50.8 0
      vertex 0.826586 48.365 0
      vertex 0.535898 48.8 0
    endloop
  endfacet
  facet normal 0 0 -1
    outer loop
      vertex 1.56495 84.7734 0
      vertex 0 81.6 0
      vertex 1.17157 84.4284 0
    endloop
  endfacet
  facet normal 0 0 -1
    outer loop
      vertex 0 50.8 0
      vertex 0.535898 48.8 0
      vertex 0.304482 49.2693 0
    endloop
  endfacet
  facet normal 0 0 -1
    outer loop
      vertex 1.17157 84.4284 0
      vertex 0 81.6 0
      vertex 0.826586 84.035 0
    endloop
  endfacet
  facet normal 0 0 -1
    outer loop
      vertex 0 50.8 0
      vertex 0.304482 49.2693 0
      vertex 0.136296 49.7647 0
    endloop
  endfacet
  facet normal 0 0 -1
    outer loop
      vertex 0.826586 84.035 0
      vertex 0 81.6 0
      vertex 0.535898 83.6 0
    endloop
  endfacet
  facet normal 0 0 -1
    outer loop
      vertex 0 50.8 0
      vertex 0.136296 49.7647 0
      vertex 0.0342197 50.2779 0
    endloop
  endfacet
  facet normal 0 0 -1
    outer loop
      vertex 0.535898 83.6 0
      vertex 0 81.6 0
      vertex 0.304482 83.1307 0
    endloop
  endfacet
  facet normal 0 0 -1
    outer loop
      vertex 0.304482 83.1307 0
      vertex 0 81.6 0
      vertex 0.136296 82.6353 0
    endloop
  endfacet
  facet normal 0 0 -1
    outer loop
      vertex 0.136296 82.6353 0
      vertex 0 81.6 0
      vertex 0.0342197 82.1221 0
    endloop
  endfacet
  facet normal 0.751842 0.659343 0
    outer loop
      vertex 51.9867 82.4175 3.2
      vertex 51.8142 82.6142 2
      vertex 51.8142 82.6142 3.2
    endloop
  endfacet
  facet normal 0.751842 0.659343 0
    outer loop
      vertex 51.8142 82.6142 2
      vertex 51.9867 82.4175 3.2
      vertex 51.9867 82.4175 2
    endloop
  endfacet
  facet normal 0.0653521 -0.997862 0
    outer loop
      vertex 50.4 49.2 2
      vertex 50.6611 49.2171 3.2
      vertex 50.4 49.2 3.2
    endloop
  endfacet
  facet normal 0.0653521 -0.997862 0
    outer loop
      vertex 50.6611 49.2171 3.2
      vertex 50.4 49.2 2
      vertex 50.6611 49.2171 2
    endloop
  endfacet
  facet normal 0.896709 -0.442621 0
    outer loop
      vertex 52.132 50.2 3.2
      vertex 52.2478 50.4346 2
      vertex 52.2478 50.4346 3.2
    endloop
  endfacet
  facet normal 0.896709 -0.442621 0
    outer loop
      vertex 52.2478 50.4346 2
      vertex 52.132 50.2 3.2
      vertex 52.132 50.2 2
    endloop
  endfacet
  facet normal 0.0653521 0.997862 -0
    outer loop
      vertex 50.6611 83.1829 2
      vertex 50.4 83.2 3.2
      vertex 50.6611 83.1829 3.2
    endloop
  endfacet
  facet normal 0.0653521 0.997862 0
    outer loop
      vertex 50.4 83.2 3.2
      vertex 50.6611 83.1829 2
      vertex 50.4 83.2 2
    endloop
  endfacet
  facet normal 0.555758 -0.831344 0
    outer loop
      vertex 51.4 49.4679 2
      vertex 51.6175 49.6133 3.2
      vertex 51.4 49.4679 3.2
    endloop
  endfacet
  facet normal 0.555758 -0.831344 0
    outer loop
      vertex 51.6175 49.6133 3.2
      vertex 51.4 49.4679 2
      vertex 51.6175 49.6133 2
    endloop
  endfacet
  facet normal 0.195013 0.980801 -0
    outer loop
      vertex 50.9176 83.1319 2
      vertex 50.6611 83.1829 3.2
      vertex 50.9176 83.1319 3.2
    endloop
  endfacet
  facet normal 0.195013 0.980801 0
    outer loop
      vertex 50.6611 83.1829 3.2
      vertex 50.9176 83.1319 2
      vertex 50.6611 83.1829 2
    endloop
  endfacet
  facet normal -0.442268 0.896883 0
    outer loop
      vertex 3.63463 83.0478 2
      vertex 3.4 82.9321 3.2
      vertex 3.63463 83.0478 3.2
    endloop
  endfacet
  facet normal -0.442268 0.896883 0
    outer loop
      vertex 3.4 82.9321 3.2
      vertex 3.63463 83.0478 2
      vertex 3.4 82.9321 2
    endloop
  endfacet
  facet normal -1 0 0
    outer loop
      vertex 2.4 51.2 2
      vertex 2.4 81.2 3.2
      vertex 2.4 81.2 2
    endloop
  endfacet
  facet normal -1 -0 0
    outer loop
      vertex 2.4 81.2 3.2
      vertex 2.4 51.2 2
      vertex 2.4 51.2 3.2
    endloop
  endfacet
  facet normal -0.83145 -0.5556 0
    outer loop
      vertex 2.81329 49.9825 2
      vertex 2.66795 50.2 3.2
      vertex 2.66795 50.2 2
    endloop
  endfacet
  facet normal -0.83145 -0.5556 0
    outer loop
      vertex 2.66795 50.2 3.2
      vertex 2.81329 49.9825 2
      vertex 2.81329 49.9825 3.2
    endloop
  endfacet
  facet normal 0.997862 -0.0653521 0
    outer loop
      vertex 52.3829 50.9389 3.2
      vertex 52.4 51.2 2
      vertex 52.4 51.2 3.2
    endloop
  endfacet
  facet normal 0.997862 -0.0653521 0
    outer loop
      vertex 52.4 51.2 2
      vertex 52.3829 50.9389 3.2
      vertex 52.3829 50.9389 2
    endloop
  endfacet
  facet normal 0 -1 0
    outer loop
      vertex 4.4 49.2 2
      vertex 50.4 49.2 3.2
      vertex 4.4 49.2 3.2
    endloop
  endfacet
  facet normal 0 -1 -0
    outer loop
      vertex 50.4 49.2 3.2
      vertex 4.4 49.2 2
      vertex 50.4 49.2 2
    endloop
  endfacet
  facet normal -0.99786 0.0653902 0
    outer loop
      vertex 2.4 81.2 2
      vertex 2.41711 81.4611 3.2
      vertex 2.41711 81.4611 2
    endloop
  endfacet
  facet normal -0.99786 0.0653902 0
    outer loop
      vertex 2.41711 81.4611 3.2
      vertex 2.4 81.2 2
      vertex 2.4 81.2 3.2
    endloop
  endfacet
  facet normal 0.659343 0.751842 -0
    outer loop
      vertex 51.8142 82.6142 2
      vertex 51.6175 82.7867 3.2
      vertex 51.8142 82.6142 3.2
    endloop
  endfacet
  facet normal 0.659343 0.751842 0
    outer loop
      vertex 51.6175 82.7867 3.2
      vertex 51.8142 82.6142 2
      vertex 51.6175 82.7867 2
    endloop
  endfacet
  facet normal -0.99786 -0.0653902 0
    outer loop
      vertex 2.41711 50.9389 2
      vertex 2.4 51.2 3.2
      vertex 2.4 51.2 2
    endloop
  endfacet
  facet normal -0.99786 -0.0653902 0
    outer loop
      vertex 2.4 51.2 3.2
      vertex 2.41711 50.9389 2
      vertex 2.41711 50.9389 3.2
    endloop
  endfacet
  facet normal 0.442314 0.89686 -0
    outer loop
      vertex 51.4 82.9321 2
      vertex 51.1654 83.0478 3.2
      vertex 51.4 82.9321 3.2
    endloop
  endfacet
  facet normal 0.442314 0.89686 0
    outer loop
      vertex 51.1654 83.0478 3.2
      vertex 51.4 82.9321 2
      vertex 51.1654 83.0478 2
    endloop
  endfacet
  facet normal -0.659362 -0.751826 0
    outer loop
      vertex 2.98579 49.7858 2
      vertex 3.18248 49.6133 3.2
      vertex 2.98579 49.7858 3.2
    endloop
  endfacet
  facet normal -0.659362 -0.751826 -0
    outer loop
      vertex 3.18248 49.6133 3.2
      vertex 2.98579 49.7858 2
      vertex 3.18248 49.6133 2
    endloop
  endfacet
  facet normal 0.321382 0.94695 -0
    outer loop
      vertex 51.1654 83.0478 2
      vertex 50.9176 83.1319 3.2
      vertex 51.1654 83.0478 3.2
    endloop
  endfacet
  facet normal 0.321382 0.94695 0
    outer loop
      vertex 50.9176 83.1319 3.2
      vertex 51.1654 83.0478 2
      vertex 50.9176 83.1319 2
    endloop
  endfacet
  facet normal 1 -0 0
    outer loop
      vertex 52.4 51.2 3.2
      vertex 52.4 81.2 2
      vertex 52.4 81.2 3.2
    endloop
  endfacet
  facet normal 1 0 0
    outer loop
      vertex 52.4 81.2 2
      vertex 52.4 51.2 3.2
      vertex 52.4 51.2 2
    endloop
  endfacet
  facet normal 0.896709 0.442621 0
    outer loop
      vertex 52.2478 81.9654 3.2
      vertex 52.132 82.2 2
      vertex 52.132 82.2 3.2
    endloop
  endfacet
  facet normal 0.896709 0.442621 0
    outer loop
      vertex 52.132 82.2 2
      vertex 52.2478 81.9654 3.2
      vertex 52.2478 81.9654 2
    endloop
  endfacet
  facet normal -0.83145 0.5556 0
    outer loop
      vertex 2.66795 82.2 2
      vertex 2.81329 82.4175 3.2
      vertex 2.81329 82.4175 2
    endloop
  endfacet
  facet normal -0.83145 0.5556 0
    outer loop
      vertex 2.81329 82.4175 3.2
      vertex 2.66795 82.2 2
      vertex 2.66795 82.2 3.2
    endloop
  endfacet
  facet normal -0.0653646 0.997861 0
    outer loop
      vertex 4.4 83.2 2
      vertex 4.13895 83.1829 3.2
      vertex 4.4 83.2 3.2
    endloop
  endfacet
  facet normal -0.0653646 0.997861 0
    outer loop
      vertex 4.13895 83.1829 3.2
      vertex 4.4 83.2 2
      vertex 4.13895 83.1829 2
    endloop
  endfacet
  facet normal 0.195013 -0.980801 0
    outer loop
      vertex 50.6611 49.2171 2
      vertex 50.9176 49.2681 3.2
      vertex 50.6611 49.2171 3.2
    endloop
  endfacet
  facet normal 0.195013 -0.980801 0
    outer loop
      vertex 50.9176 49.2681 3.2
      vertex 50.6611 49.2171 2
      vertex 50.9176 49.2681 2
    endloop
  endfacet
  facet normal 0.94695 0.321382 0
    outer loop
      vertex 52.3319 81.7176 3.2
      vertex 52.2478 81.9654 2
      vertex 52.2478 81.9654 3.2
    endloop
  endfacet
  facet normal 0.94695 0.321382 0
    outer loop
      vertex 52.2478 81.9654 2
      vertex 52.3319 81.7176 3.2
      vertex 52.3319 81.7176 2
    endloop
  endfacet
  facet normal 0.555758 0.831344 -0
    outer loop
      vertex 51.6175 82.7867 2
      vertex 51.4 82.9321 3.2
      vertex 51.6175 82.7867 3.2
    endloop
  endfacet
  facet normal 0.555758 0.831344 0
    outer loop
      vertex 51.4 82.9321 3.2
      vertex 51.6175 82.7867 2
      vertex 51.4 82.9321 2
    endloop
  endfacet
  facet normal -0.980771 0.19516 0
    outer loop
      vertex 2.41711 81.4611 2
      vertex 2.46815 81.7176 3.2
      vertex 2.46815 81.7176 2
    endloop
  endfacet
  facet normal -0.980771 0.19516 0
    outer loop
      vertex 2.46815 81.7176 3.2
      vertex 2.41711 81.4611 2
      vertex 2.41711 81.4611 3.2
    endloop
  endfacet
  facet normal 0 1 -0
    outer loop
      vertex 50.4 83.2 2
      vertex 4.4 83.2 3.2
      vertex 50.4 83.2 3.2
    endloop
  endfacet
  facet normal 0 1 0
    outer loop
      vertex 4.4 83.2 3.2
      vertex 50.4 83.2 2
      vertex 4.4 83.2 2
    endloop
  endfacet
  facet normal 0.831521 0.555494 0
    outer loop
      vertex 52.132 82.2 3.2
      vertex 51.9867 82.4175 2
      vertex 51.9867 82.4175 3.2
    endloop
  endfacet
  facet normal 0.831521 0.555494 0
    outer loop
      vertex 51.9867 82.4175 2
      vertex 52.132 82.2 3.2
      vertex 52.132 82.2 2
    endloop
  endfacet
  facet normal -0.0653646 -0.997861 0
    outer loop
      vertex 4.13895 49.2171 2
      vertex 4.4 49.2 3.2
      vertex 4.13895 49.2171 3.2
    endloop
  endfacet
  facet normal -0.0653646 -0.997861 -0
    outer loop
      vertex 4.4 49.2 3.2
      vertex 4.13895 49.2171 2
      vertex 4.4 49.2 2
    endloop
  endfacet
  facet normal -0.555723 0.831368 0
    outer loop
      vertex 3.4 82.9321 2
      vertex 3.18248 82.7867 3.2
      vertex 3.4 82.9321 3.2
    endloop
  endfacet
  facet normal -0.555723 0.831368 0
    outer loop
      vertex 3.18248 82.7867 3.2
      vertex 3.4 82.9321 2
      vertex 3.18248 82.7867 2
    endloop
  endfacet
  facet normal -0.321463 -0.946922 0
    outer loop
      vertex 3.63463 49.3522 2
      vertex 3.88236 49.2681 3.2
      vertex 3.63463 49.3522 3.2
    endloop
  endfacet
  facet normal -0.321463 -0.946922 -0
    outer loop
      vertex 3.88236 49.2681 3.2
      vertex 3.63463 49.3522 2
      vertex 3.88236 49.2681 2
    endloop
  endfacet
  facet normal -0.896845 -0.442344 0
    outer loop
      vertex 2.66795 50.2 2
      vertex 2.55224 50.4346 3.2
      vertex 2.55224 50.4346 2
    endloop
  endfacet
  facet normal -0.896845 -0.442344 0
    outer loop
      vertex 2.55224 50.4346 3.2
      vertex 2.66795 50.2 2
      vertex 2.66795 50.2 3.2
    endloop
  endfacet
  facet normal -0.442268 -0.896883 0
    outer loop
      vertex 3.4 49.4679 2
      vertex 3.63463 49.3522 3.2
      vertex 3.4 49.4679 3.2
    endloop
  endfacet
  facet normal -0.442268 -0.896883 -0
    outer loop
      vertex 3.63463 49.3522 3.2
      vertex 3.4 49.4679 2
      vertex 3.63463 49.3522 2
    endloop
  endfacet
  facet normal -0.194947 0.980814 0
    outer loop
      vertex 4.13895 83.1829 2
      vertex 3.88236 83.1319 3.2
      vertex 4.13895 83.1829 3.2
    endloop
  endfacet
  facet normal -0.194947 0.980814 0
    outer loop
      vertex 3.88236 83.1319 3.2
      vertex 4.13895 83.1829 2
      vertex 3.88236 83.1319 2
    endloop
  endfacet
  facet normal 0.659343 -0.751842 0
    outer loop
      vertex 51.6175 49.6133 2
      vertex 51.8142 49.7858 3.2
      vertex 51.6175 49.6133 3.2
    endloop
  endfacet
  facet normal 0.659343 -0.751842 0
    outer loop
      vertex 51.8142 49.7858 3.2
      vertex 51.6175 49.6133 2
      vertex 51.8142 49.7858 2
    endloop
  endfacet
  facet normal 0.997862 0.0653521 0
    outer loop
      vertex 52.4 81.2 3.2
      vertex 52.3829 81.4611 2
      vertex 52.3829 81.4611 3.2
    endloop
  endfacet
  facet normal 0.997862 0.0653521 0
    outer loop
      vertex 52.3829 81.4611 2
      vertex 52.4 81.2 3.2
      vertex 52.4 81.2 2
    endloop
  endfacet
  facet normal -0.321463 0.946922 0
    outer loop
      vertex 3.88236 83.1319 2
      vertex 3.63463 83.0478 3.2
      vertex 3.88236 83.1319 3.2
    endloop
  endfacet
  facet normal -0.321463 0.946922 0
    outer loop
      vertex 3.63463 83.0478 3.2
      vertex 3.88236 83.1319 2
      vertex 3.63463 83.0478 2
    endloop
  endfacet
  facet normal -0.980771 -0.19516 0
    outer loop
      vertex 2.46815 50.6824 2
      vertex 2.41711 50.9389 3.2
      vertex 2.41711 50.9389 2
    endloop
  endfacet
  facet normal -0.980771 -0.19516 0
    outer loop
      vertex 2.41711 50.9389 3.2
      vertex 2.46815 50.6824 2
      vertex 2.46815 50.6824 3.2
    endloop
  endfacet
  facet normal 0.751842 -0.659343 0
    outer loop
      vertex 51.8142 49.7858 3.2
      vertex 51.9867 49.9825 2
      vertex 51.9867 49.9825 3.2
    endloop
  endfacet
  facet normal 0.751842 -0.659343 0
    outer loop
      vertex 51.9867 49.9825 2
      vertex 51.8142 49.7858 3.2
      vertex 51.8142 49.7858 2
    endloop
  endfacet
  facet normal 0.980801 0.195013 0
    outer loop
      vertex 52.3829 81.4611 3.2
      vertex 52.3319 81.7176 2
      vertex 52.3319 81.7176 3.2
    endloop
  endfacet
  facet normal 0.980801 0.195013 0
    outer loop
      vertex 52.3319 81.7176 2
      vertex 52.3829 81.4611 3.2
      vertex 52.3829 81.4611 2
    endloop
  endfacet
  facet normal -0.659362 0.751826 0
    outer loop
      vertex 3.18248 82.7867 2
      vertex 2.98579 82.6142 3.2
      vertex 3.18248 82.7867 3.2
    endloop
  endfacet
  facet normal -0.659362 0.751826 0
    outer loop
      vertex 2.98579 82.6142 3.2
      vertex 3.18248 82.7867 2
      vertex 2.98579 82.6142 2
    endloop
  endfacet
  facet normal 0.94695 -0.321382 0
    outer loop
      vertex 52.2478 50.4346 3.2
      vertex 52.3319 50.6824 2
      vertex 52.3319 50.6824 3.2
    endloop
  endfacet
  facet normal 0.94695 -0.321382 0
    outer loop
      vertex 52.3319 50.6824 2
      vertex 52.2478 50.4346 3.2
      vertex 52.2478 50.4346 2
    endloop
  endfacet
  facet normal -0.896845 0.442344 0
    outer loop
      vertex 2.55224 81.9654 2
      vertex 2.66795 82.2 3.2
      vertex 2.66795 82.2 2
    endloop
  endfacet
  facet normal -0.896845 0.442344 0
    outer loop
      vertex 2.66795 82.2 3.2
      vertex 2.55224 81.9654 2
      vertex 2.55224 81.9654 3.2
    endloop
  endfacet
  facet normal 0.442314 -0.89686 0
    outer loop
      vertex 51.1654 49.3522 2
      vertex 51.4 49.4679 3.2
      vertex 51.1654 49.3522 3.2
    endloop
  endfacet
  facet normal 0.442314 -0.89686 0
    outer loop
      vertex 51.4 49.4679 3.2
      vertex 51.1654 49.3522 2
      vertex 51.4 49.4679 2
    endloop
  endfacet
  facet normal 0.831521 -0.555494 0
    outer loop
      vertex 51.9867 49.9825 3.2
      vertex 52.132 50.2 2
      vertex 52.132 50.2 3.2
    endloop
  endfacet
  facet normal 0.831521 -0.555494 0
    outer loop
      vertex 52.132 50.2 2
      vertex 51.9867 49.9825 3.2
      vertex 51.9867 49.9825 2
    endloop
  endfacet
  facet normal -0.751842 -0.659343 0
    outer loop
      vertex 2.98579 49.7858 2
      vertex 2.81329 49.9825 3.2
      vertex 2.81329 49.9825 2
    endloop
  endfacet
  facet normal -0.751842 -0.659343 0
    outer loop
      vertex 2.81329 49.9825 3.2
      vertex 2.98579 49.7858 2
      vertex 2.98579 49.7858 3.2
    endloop
  endfacet
  facet normal -0.946961 0.321348 0
    outer loop
      vertex 2.46815 81.7176 2
      vertex 2.55224 81.9654 3.2
      vertex 2.55224 81.9654 2
    endloop
  endfacet
  facet normal -0.946961 0.321348 0
    outer loop
      vertex 2.55224 81.9654 3.2
      vertex 2.46815 81.7176 2
      vertex 2.46815 81.7176 3.2
    endloop
  endfacet
  facet normal -0.194947 -0.980814 0
    outer loop
      vertex 3.88236 49.2681 2
      vertex 4.13895 49.2171 3.2
      vertex 3.88236 49.2681 3.2
    endloop
  endfacet
  facet normal -0.194947 -0.980814 -0
    outer loop
      vertex 4.13895 49.2171 3.2
      vertex 3.88236 49.2681 2
      vertex 4.13895 49.2171 2
    endloop
  endfacet
  facet normal -0.751842 0.659343 0
    outer loop
      vertex 2.81329 82.4175 2
      vertex 2.98579 82.6142 3.2
      vertex 2.98579 82.6142 2
    endloop
  endfacet
  facet normal -0.751842 0.659343 0
    outer loop
      vertex 2.98579 82.6142 3.2
      vertex 2.81329 82.4175 2
      vertex 2.81329 82.4175 3.2
    endloop
  endfacet
  facet normal -0.555723 -0.831368 0
    outer loop
      vertex 3.18248 49.6133 2
      vertex 3.4 49.4679 3.2
      vertex 3.18248 49.6133 3.2
    endloop
  endfacet
  facet normal -0.555723 -0.831368 -0
    outer loop
      vertex 3.4 49.4679 3.2
      vertex 3.18248 49.6133 2
      vertex 3.4 49.4679 2
    endloop
  endfacet
  facet normal -0.946961 -0.321348 0
    outer loop
      vertex 2.55224 50.4346 2
      vertex 2.46815 50.6824 3.2
      vertex 2.46815 50.6824 2
    endloop
  endfacet
  facet normal -0.946961 -0.321348 0
    outer loop
      vertex 2.46815 50.6824 3.2
      vertex 2.55224 50.4346 2
      vertex 2.55224 50.4346 3.2
    endloop
  endfacet
  facet normal 0.321382 -0.94695 0
    outer loop
      vertex 50.9176 49.2681 2
      vertex 51.1654 49.3522 3.2
      vertex 50.9176 49.2681 3.2
    endloop
  endfacet
  facet normal 0.321382 -0.94695 0
    outer loop
      vertex 51.1654 49.3522 3.2
      vertex 50.9176 49.2681 2
      vertex 51.1654 49.3522 2
    endloop
  endfacet
  facet normal 0.980801 -0.195013 0
    outer loop
      vertex 52.3319 50.6824 3.2
      vertex 52.3829 50.9389 2
      vertex 52.3829 50.9389 3.2
    endloop
  endfacet
  facet normal 0.980801 -0.195013 0
    outer loop
      vertex 52.3829 50.9389 2
      vertex 52.3319 50.6824 3.2
      vertex 52.3319 50.6824 2
    endloop
  endfacet
  facet normal 0 0 1
    outer loop
      vertex 50.4 83.2 3.2
      vertex 52.4 81.2 3.2
      vertex 52.3829 81.4611 3.2
    endloop
  endfacet
  facet normal 0 0 1
    outer loop
      vertex 52.4 81.2 3.2
      vertex 50.4 83.2 3.2
      vertex 52.4 51.2 3.2
    endloop
  endfacet
  facet normal 0 0 1
    outer loop
      vertex 50.4 83.2 3.2
      vertex 52.3829 81.4611 3.2
      vertex 52.3319 81.7176 3.2
    endloop
  endfacet
  facet normal 0 0 1
    outer loop
      vertex 50.4 49.2 3.2
      vertex 52.4 51.2 3.2
      vertex 50.4 83.2 3.2
    endloop
  endfacet
  facet normal 0 0 1
    outer loop
      vertex 50.4 83.2 3.2
      vertex 52.3319 81.7176 3.2
      vertex 52.2478 81.9654 3.2
    endloop
  endfacet
  facet normal 0 0 1
    outer loop
      vertex 52.4 51.2 3.2
      vertex 50.4 49.2 3.2
      vertex 52.3829 50.9389 3.2
    endloop
  endfacet
  facet normal 0 0 1
    outer loop
      vertex 50.4 83.2 3.2
      vertex 52.2478 81.9654 3.2
      vertex 52.132 82.2 3.2
    endloop
  endfacet
  facet normal 0 0 1
    outer loop
      vertex 52.3829 50.9389 3.2
      vertex 50.4 49.2 3.2
      vertex 52.3319 50.6824 3.2
    endloop
  endfacet
  facet normal 0 0 1
    outer loop
      vertex 50.4 83.2 3.2
      vertex 52.132 82.2 3.2
      vertex 51.9867 82.4175 3.2
    endloop
  endfacet
  facet normal 0 0 1
    outer loop
      vertex 52.3319 50.6824 3.2
      vertex 50.4 49.2 3.2
      vertex 52.2478 50.4346 3.2
    endloop
  endfacet
  facet normal 0 0 1
    outer loop
      vertex 50.4 83.2 3.2
      vertex 51.9867 82.4175 3.2
      vertex 51.8142 82.6142 3.2
    endloop
  endfacet
  facet normal 0 0 1
    outer loop
      vertex 52.2478 50.4346 3.2
      vertex 50.4 49.2 3.2
      vertex 52.132 50.2 3.2
    endloop
  endfacet
  facet normal 0 0 1
    outer loop
      vertex 50.4 83.2 3.2
      vertex 51.8142 82.6142 3.2
      vertex 51.6175 82.7867 3.2
    endloop
  endfacet
  facet normal 0 0 1
    outer loop
      vertex 52.132 50.2 3.2
      vertex 50.4 49.2 3.2
      vertex 51.9867 49.9825 3.2
    endloop
  endfacet
  facet normal 0 0 1
    outer loop
      vertex 50.4 83.2 3.2
      vertex 51.6175 82.7867 3.2
      vertex 51.4 82.9321 3.2
    endloop
  endfacet
  facet normal 0 0 1
    outer loop
      vertex 51.9867 49.9825 3.2
      vertex 50.4 49.2 3.2
      vertex 51.8142 49.7858 3.2
    endloop
  endfacet
  facet normal 0 0 1
    outer loop
      vertex 50.4 83.2 3.2
      vertex 51.4 82.9321 3.2
      vertex 51.1654 83.0478 3.2
    endloop
  endfacet
  facet normal 0 0 1
    outer loop
      vertex 51.8142 49.7858 3.2
      vertex 50.4 49.2 3.2
      vertex 51.6175 49.6133 3.2
    endloop
  endfacet
  facet normal 0 0 1
    outer loop
      vertex 50.4 83.2 3.2
      vertex 51.1654 83.0478 3.2
      vertex 50.9176 83.1319 3.2
    endloop
  endfacet
  facet normal 0 0 1
    outer loop
      vertex 51.6175 49.6133 3.2
      vertex 50.4 49.2 3.2
      vertex 51.4 49.4679 3.2
    endloop
  endfacet
  facet normal 0 0 1
    outer loop
      vertex 50.4 83.2 3.2
      vertex 50.9176 83.1319 3.2
      vertex 50.6611 83.1829 3.2
    endloop
  endfacet
  facet normal 0 0 1
    outer loop
      vertex 51.4 49.4679 3.2
      vertex 50.4 49.2 3.2
      vertex 51.1654 49.3522 3.2
    endloop
  endfacet
  facet normal 0 0 1
    outer loop
      vertex 51.1654 49.3522 3.2
      vertex 50.4 49.2 3.2
      vertex 50.9176 49.2681 3.2
    endloop
  endfacet
  facet normal 0 0 1
    outer loop
      vertex 50.9176 49.2681 3.2
      vertex 50.4 49.2 3.2
      vertex 50.6611 49.2171 3.2
    endloop
  endfacet
  facet normal -0 0 1
    outer loop
      vertex 4.4 83.2 3.2
      vertex 50.4 49.2 3.2
      vertex 50.4 83.2 3.2
    endloop
  endfacet
  facet normal 0 0 1
    outer loop
      vertex 4.4 83.2 3.2
      vertex 4.4 49.2 3.2
      vertex 50.4 49.2 3.2
    endloop
  endfacet
  facet normal 0 0 1
    outer loop
      vertex 2.4 81.2 3.2
      vertex 4.4 83.2 3.2
      vertex 4.13895 83.1829 3.2
    endloop
  endfacet
  facet normal 0 0 1
    outer loop
      vertex 4.4 83.2 3.2
      vertex 2.4 81.2 3.2
      vertex 4.4 49.2 3.2
    endloop
  endfacet
  facet normal 0 0 1
    outer loop
      vertex 2.4 81.2 3.2
      vertex 4.13895 83.1829 3.2
      vertex 3.88236 83.1319 3.2
    endloop
  endfacet
  facet normal -0 0 1
    outer loop
      vertex 2.4 51.2 3.2
      vertex 4.4 49.2 3.2
      vertex 2.4 81.2 3.2
    endloop
  endfacet
  facet normal 0 0 1
    outer loop
      vertex 2.4 81.2 3.2
      vertex 3.88236 83.1319 3.2
      vertex 3.63463 83.0478 3.2
    endloop
  endfacet
  facet normal 0 0 1
    outer loop
      vertex 4.4 49.2 3.2
      vertex 2.4 51.2 3.2
      vertex 4.13895 49.2171 3.2
    endloop
  endfacet
  facet normal 0 0 1
    outer loop
      vertex 2.4 81.2 3.2
      vertex 3.63463 83.0478 3.2
      vertex 3.4 82.9321 3.2
    endloop
  endfacet
  facet normal 0 0 1
    outer loop
      vertex 4.13895 49.2171 3.2
      vertex 2.4 51.2 3.2
      vertex 3.88236 49.2681 3.2
    endloop
  endfacet
  facet normal 0 0 1
    outer loop
      vertex 2.4 81.2 3.2
      vertex 3.4 82.9321 3.2
      vertex 3.18248 82.7867 3.2
    endloop
  endfacet
  facet normal 0 0 1
    outer loop
      vertex 3.88236 49.2681 3.2
      vertex 2.4 51.2 3.2
      vertex 3.63463 49.3522 3.2
    endloop
  endfacet
  facet normal 0 0 1
    outer loop
      vertex 2.4 81.2 3.2
      vertex 3.18248 82.7867 3.2
      vertex 2.98579 82.6142 3.2
    endloop
  endfacet
  facet normal 0 0 1
    outer loop
      vertex 3.63463 49.3522 3.2
      vertex 2.4 51.2 3.2
      vertex 3.4 49.4679 3.2
    endloop
  endfacet
  facet normal 0 0 1
    outer loop
      vertex 2.4 81.2 3.2
      vertex 2.98579 82.6142 3.2
      vertex 2.81329 82.4175 3.2
    endloop
  endfacet
  facet normal 0 0 1
    outer loop
      vertex 3.4 49.4679 3.2
      vertex 2.4 51.2 3.2
      vertex 3.18248 49.6133 3.2
    endloop
  endfacet
  facet normal 0 0 1
    outer loop
      vertex 2.4 81.2 3.2
      vertex 2.81329 82.4175 3.2
      vertex 2.66795 82.2 3.2
    endloop
  endfacet
  facet normal 0 0 1
    outer loop
      vertex 3.18248 49.6133 3.2
      vertex 2.4 51.2 3.2
      vertex 2.98579 49.7858 3.2
    endloop
  endfacet
  facet normal 0 0 1
    outer loop
      vertex 2.4 81.2 3.2
      vertex 2.66795 82.2 3.2
      vertex 2.55224 81.9654 3.2
    endloop
  endfacet
  facet normal 0 0 1
    outer loop
      vertex 2.98579 49.7858 3.2
      vertex 2.4 51.2 3.2
      vertex 2.81329 49.9825 3.2
    endloop
  endfacet
  facet normal 0 0 1
    outer loop
      vertex 2.4 81.2 3.2
      vertex 2.55224 81.9654 3.2
      vertex 2.46815 81.7176 3.2
    endloop
  endfacet
  facet normal 0 0 1
    outer loop
      vertex 2.81329 49.9825 3.2
      vertex 2.4 51.2 3.2
      vertex 2.66795 50.2 3.2
    endloop
  endfacet
  facet normal 0 0 1
    outer loop
      vertex 2.4 81.2 3.2
      vertex 2.46815 81.7176 3.2
      vertex 2.41711 81.4611 3.2
    endloop
  endfacet
  facet normal 0 0 1
    outer loop
      vertex 2.66795 50.2 3.2
      vertex 2.4 51.2 3.2
      vertex 2.55224 50.4346 3.2
    endloop
  endfacet
  facet normal 0 0 1
    outer loop
      vertex 2.55224 50.4346 3.2
      vertex 2.4 51.2 3.2
      vertex 2.46815 50.6824 3.2
    endloop
  endfacet
  facet normal 0 0 1
    outer loop
      vertex 2.46815 50.6824 3.2
      vertex 2.4 51.2 3.2
      vertex 2.41711 50.9389 3.2
    endloop
  endfacet
endsolid OpenSCAD_Model
