solid OpenSCAD_Model
  facet normal -0.0120141 -0.0604008 0.998102
    outer loop
      vertex 41.8138 -0.69492 6.48608
      vertex -45.1354 -13.9054 4.64004
      vertex 41.9061 -0.713279 6.48608
    endloop
  endfacet
  facet normal 0.817694 -0.0535935 0.573152
    outer loop
      vertex 51.8656 0 2.87488
      vertex 51.7812 -1.28772 2.87488
      vertex 52.4162 0 2.08936
    endloop
  endfacet
  facet normal -0.0146522 -0.0431573 0.998961
    outer loop
      vertex 41.7247 -0.66467 6.48608
      vertex -45.1354 -13.9054 4.64004
      vertex 41.8138 -0.69492 6.48608
    endloop
  endfacet
  facet normal -0.00639206 -0.0975173 0.995213
    outer loop
      vertex 41.7199 -2.12763 6.3751
      vertex -45 -14.9607 4.56065
      vertex 42 -2.14599 6.3751
    endloop
  endfacet
  facet normal -0.00508396 -0.0775604 0.996975
    outer loop
      vertex 41.9061 -0.713279 6.48608
      vertex 41.7199 -2.12763 6.3751
      vertex 42 -0.719434 6.48608
    endloop
  endfacet
  facet normal 0.0266968 -0.322118 0.946323
    outer loop
      vertex 42.635 -4.82355 5.82967
      vertex -44.4199 -17.8065 3.86633
      vertex 42.7977 -6.05899 5.40455
    endloop
  endfacet
  facet normal 0.0656374 0.600334 0.797052
    outer loop
      vertex -44.1318 19.9949 2.5834
      vertex -44.2149 19.3633 3.06596
      vertex 43.0795 8.19948 4.28575
    endloop
  endfacet
  facet normal -0.177219 0.891044 0.417892
    outer loop
      vertex -45.9888 20.9106 1.49469
      vertex -47.0308 20.9789 0.907169
      vertex -46.9607 20.7173 1.49469
    endloop
  endfacet
  facet normal 0.0102497 -0.156371 0.987645
    outer loop
      vertex 42.2801 -2.12763 6.3751
      vertex 42 -3.53583 6.15505
      vertex 42.4615 -3.50558 6.15505
    endloop
  endfacet
  facet normal -0.194982 -0.130337 0.972108
    outer loop
      vertex -47.227 -14.6858 4.40322
      vertex -47.8071 -15.554 4.17046
      vertex -47.0401 -14.9654 4.40322
    endloop
  endfacet
  facet normal 0.115399 0.969228 0.217442
    outer loop
      vertex 43.4327 10.8825 0.425119
      vertex -43.958 21.3146 0.304124
      vertex 43.4082 10.6963 1.26809
    endloop
  endfacet
  facet normal 0.0799297 0.705057 0.704632
    outer loop
      vertex -44.0635 20.5136 2.05664
      vertex -44.1318 19.9949 2.5834
      vertex 43.1938 9.06792 3.61121
    endloop
  endfacet
  facet normal -0.0329742 -0.502273 0.86408
    outer loop
      vertex -45 -18.6748 3.49605
      vertex -45.6885 -18.6296 3.49605
      vertex -45 -19.4147 3.06596
    endloop
  endfacet
  facet normal -0.493613 -0.0981979 0.86412
    outer loop
      vertex -50.2296 -14.0885 3.49605
      vertex -50.9633 -14.1851 3.06596
      vertex -50.8098 -14.9567 3.06596
    endloop
  endfacet
  facet normal -0.0187405 -0.0164116 0.99969
    outer loop
      vertex 41.4913 -0.508717 6.48608
      vertex -45.4151 -13.7185 4.64004
      vertex -45.37 -13.77 4.64004
    endloop
  endfacet
  facet normal -0.0202073 -0.00684823 0.999772
    outer loop
      vertex 41.3051 -0.186203 6.48608
      vertex -45.4834 -13.6002 4.64004
      vertex 41.3353 -0.275315 6.48608
    endloop
  endfacet
  facet normal -0.973305 0.0637973 0.22047
    outer loop
      vertex -52.9146 14.442 0.304124
      vertex -52.9829 13.4 0.304124
      vertex -52.8463 13.4 0.907169
    endloop
  endfacet
  facet normal 0.397796 -0.595348 0.698082
    outer loop
      vertex 48.0058 -7.82691 2.87488
      vertex 46.5731 -7.92081 3.61121
      vertex 46.9328 -8.54386 2.87488
    endloop
  endfacet
  facet normal 0.609661 -0.0399867 0.791653
    outer loop
      vertex 51.1462 0 3.61121
      vertex 50.1995 -1.07948 4.28575
      vertex 51.0679 -1.19381 3.61121
    endloop
  endfacet
  facet normal 0.157068 -0.179116 0.971209
    outer loop
      vertex 45.4402 -3.4402 5.82967
      vertex 44.5002 -2.50021 6.15505
      vertex 44.9617 -3.8598 5.82967
    endloop
  endfacet
  facet normal 0.412802 -0.0271081 0.910417
    outer loop
      vertex 48.735 -0.22842 5.11494
      vertex 49.2528 0 4.88696
      vertex 48.75 0 5.11494
    endloop
  endfacet
  facet normal 0.412699 -0.0268193 0.910473
    outer loop
      vertex 49.2528 0 4.88696
      vertex 48.735 -0.22842 5.11494
      vertex 48.7081 -0.363984 5.12314
    endloop
  endfacet
  facet normal 0.0385429 -0.405728 0.913181
    outer loop
      vertex 42.7977 -6.05899 5.40455
      vertex -44.4199 -17.8065 3.86633
      vertex -44.3115 -18.6296 3.49605
    endloop
  endfacet
  facet normal -0.0094571 -0.0769857 0.996987
    outer loop
      vertex 41.9061 -0.713279 6.48608
      vertex -45.2037 -14.9474 4.56065
      vertex 41.7199 -2.12763 6.3751
    endloop
  endfacet
  facet normal -0.0119958 -0.0605202 0.998095
    outer loop
      vertex 41.9061 -0.713279 6.48608
      vertex -45.1354 -13.9054 4.64004
      vertex -45.0683 -13.9187 4.64004
    endloop
  endfacet
  facet normal 0.0343745 -0.0697124 0.996975
    outer loop
      vertex 43.073 -1.85848 6.3751
      vertex 42.3597 -0.623048 6.48608
      vertex 42.8212 -1.98264 6.3751
    endloop
  endfacet
  facet normal 0.0249879 0.0736006 0.996975
    outer loop
      vertex 42.8212 1.98264 6.3751
      vertex 42.1862 0.69492 6.48608
      vertex 42.2753 0.66467 6.48608
    endloop
  endfacet
  facet normal 0.0939606 0.808987 0.580269
    outer loop
      vertex -44.0112 20.9106 1.49469
      vertex -44.0635 20.5136 2.05664
      vertex 43.2877 9.7812 2.87488
    endloop
  endfacet
  facet normal -0.021262 0 0.999774
    outer loop
      vertex -45.5232 13.4 4.64004
      vertex -45.5232 -13.4 4.64004
      vertex 41.2806 0 6.48608
    endloop
  endfacet
  facet normal -0.0424623 0.0635817 0.997073
    outer loop
      vertex -45.2616 13.8531 4.64004
      vertex -45.7804 14.7516 4.56065
      vertex -45.3185 13.8151 4.64004
    endloop
  endfacet
  facet normal 0.616059 0.540289 0.573201
    outer loop
      vertex 50.2638 6.341 2.08936
      vertex 48.976 6.97603 2.87488
      vertex 49.8269 6.0058 2.87488
    endloop
  endfacet
  facet normal 0.0807798 0.710744 0.698797
    outer loop
      vertex 43.2877 9.7812 2.87488
      vertex -44.0635 20.5136 2.05664
      vertex 43.1938 9.06792 3.61121
    endloop
  endfacet
  facet normal 0.311014 -0.272767 0.910422
    outer loop
      vertex 46.8484 -3.72031 5.40455
      vertex 46.3213 -4.32132 5.40455
      vertex 47.1285 -5.12851 4.88696
    endloop
  endfacet
  facet normal 0.190436 0.957413 0.217013
    outer loop
      vertex 43.4327 10.8825 0.425119
      vertex 43.4082 10.6963 1.26809
      vertex 44.8409 10.6024 0.425119
    endloop
  endfacet
  facet normal 0.292849 0.86273 0.412233
    outer loop
      vertex 44.7923 10.421 1.26809
      vertex 44.6959 10.0613 2.08936
      vertex 46.1286 9.9674 1.26809
    endloop
  endfacet
  facet normal 0.642168 0.316645 0.698109
    outer loop
      vertex 50.5439 4.9328 2.87488
      vertex 49.9208 4.57308 3.61121
      vertex 51.1146 3.7754 2.87488
    endloop
  endfacet
  facet normal -0.0148644 0.0749927 0.997073
    outer loop
      vertex -45.0683 13.9187 4.64004
      vertex -45.2037 14.9474 4.56065
      vertex -45.1354 13.9054 4.64004
    endloop
  endfacet
  facet normal 0.00508396 -0.0775604 0.996975
    outer loop
      vertex 42.0939 -0.713279 6.48608
      vertex 42 -0.719434 6.48608
      vertex 42.2801 -2.12763 6.3751
    endloop
  endfacet
  facet normal 0.270218 0.547953 0.791663
    outer loop
      vertex 45.5001 8.44995 3.61121
      vertex 45.1649 7.6407 4.28575
      vertex 46.5731 7.92081 3.61121
    endloop
  endfacet
  facet normal 0.0266968 0.322118 0.946323
    outer loop
      vertex 42.7977 6.05899 5.40455
      vertex -44.4199 17.8065 3.86633
      vertex 42.635 4.82355 5.82967
    endloop
  endfacet
  facet normal -0.890987 -0.177277 0.417989
    outer loop
      vertex -52.5106 -14.3888 1.49469
      vertex -52.7792 -14.4241 0.907169
      vertex -52.5789 -15.4308 0.907169
    endloop
  endfacet
  facet normal 0.0151633 0.0762334 0.996975
    outer loop
      vertex 42.2801 2.12763 6.3751
      vertex 42.0939 0.713279 6.48608
      vertex 42.1862 0.69492 6.48608
    endloop
  endfacet
  facet normal -0.0394986 0.603314 0.796525
    outer loop
      vertex -45 20.0518 2.5834
      vertex -45.7851 19.3633 3.06596
      vertex -45 19.4147 3.06596
    endloop
  endfacet
  facet normal 0.0594067 0.906503 0.418
    outer loop
      vertex -43.9759 21.1792 0.907169
      vertex -45 20.9754 1.49469
      vertex -44.0112 20.9106 1.49469
    endloop
  endfacet
  facet normal 0.0208909 0.318078 0.947834
    outer loop
      vertex -44.4199 17.8065 3.86633
      vertex -45 17.8446 3.86633
      vertex -44.5382 16.908 4.17046
    endloop
  endfacet
  facet normal 0.115269 0.968468 0.220869
    outer loop
      vertex -43.958 21.3146 0.304124
      vertex -43.9759 21.1792 0.907169
      vertex 43.4082 10.6963 1.26809
    endloop
  endfacet
  facet normal -0.0206281 -0.00411228 0.999779
    outer loop
      vertex 41.2867 -0.0939045 6.48608
      vertex -45.5187 -13.4683 4.64004
      vertex 41.3051 -0.186203 6.48608
    endloop
  endfacet
  facet normal -0.0153559 -0.234038 0.972106
    outer loop
      vertex -45 -15.9715 4.40322
      vertex -45.4618 -16.908 4.17046
      vertex -45 -16.9383 4.17046
    endloop
  endfacet
  facet normal -0.292046 0.860292 0.417859
    outer loop
      vertex -47.0308 20.9789 0.907169
      vertex -48.0026 20.649 0.907169
      vertex -47.899 20.3988 1.49469
    endloop
  endfacet
  facet normal -0.708675 0.0465267 0.703999
    outer loop
      vertex -51.5948 14.2682 2.5834
      vertex -52.1136 14.3365 2.05664
      vertex -51.6518 13.4 2.5834
    endloop
  endfacet
  facet normal -0.0328795 0.502212 0.864119
    outer loop
      vertex -45 19.4147 3.06596
      vertex -45.7851 19.3633 3.06596
      vertex -45.6885 18.6296 3.49605
    endloop
  endfacet
  facet normal 0.00206038 0.153892 0.988085
    outer loop
      vertex -45 15.9715 4.40322
      vertex -45 14.9607 4.56065
      vertex 42 2.14599 6.3751
    endloop
  endfacet
  facet normal 0.0665767 -0.606582 0.792228
    outer loop
      vertex 43.0795 -8.19948 4.28575
      vertex -44.1318 -19.9949 2.5834
      vertex 43.1938 -9.06792 3.61121
    endloop
  endfacet
  facet normal 0.0249853 -0.0736019 0.996975
    outer loop
      vertex 42.8212 -1.98264 6.3751
      vertex 42.1862 -0.69492 6.48608
      vertex 42.5554 -2.07287 6.3751
    endloop
  endfacet
  facet normal 0.156368 0.0102321 0.987646
    outer loop
      vertex 45.5056 0.461518 6.15505
      vertex 44.1276 0.280107 6.3751
      vertex 45.5358 0 6.15505
    endloop
  endfacet
  facet normal -0.0120141 0.0604008 0.998102
    outer loop
      vertex 41.9061 0.713279 6.48608
      vertex -45.1354 13.9054 4.64004
      vertex 41.8138 0.69492 6.48608
    endloop
  endfacet
  facet normal 0.270218 -0.547953 0.791663
    outer loop
      vertex 46.5731 -7.92081 3.61121
      vertex 45.1649 -7.6407 4.28575
      vertex 45.5001 -8.44995 3.61121
    endloop
  endfacet
  facet normal 0.0102498 -0.156371 0.987645
    outer loop
      vertex 42 -2.14599 6.3751
      vertex 42 -3.53583 6.15505
      vertex 42.2801 -2.12763 6.3751
    endloop
  endfacet
  facet normal 0.391721 -0.132942 0.910429
    outer loop
      vertex 47.903 -1.58171 5.40455
      vertex 47.6461 -2.33868 5.40455
      vertex 49.0057 -1.87716 4.88696
    endloop
  endfacet
  facet normal 0.0637973 -0.973305 0.22047
    outer loop
      vertex -45 -21.2463 0.907169
      vertex -45 -21.3829 0.304124
      vertex -43.958 -21.3146 0.304124
    endloop
  endfacet
  facet normal 0.508459 0.0333013 0.860442
    outer loop
      vertex 50.1995 1.07948 4.28575
      vertex 49.2528 0 4.88696
      vertex 50.2702 0 4.28575
    endloop
  endfacet
  facet normal 0.148386 0.0503814 0.987645
    outer loop
      vertex 45.2667 1.3531 6.15505
      vertex 44.0729 0.555424 6.3751
      vertex 45.4154 0.915141 6.15505
    endloop
  endfacet
  facet normal -0.190281 0.956638 0.220536
    outer loop
      vertex -46.042 21.3146 0.304124
      vertex -47.0661 21.1109 0.304124
      vertex -47.0308 20.9789 0.907169
    endloop
  endfacet
  facet normal 0.317534 -0.0632408 0.946136
    outer loop
      vertex 47.875 -1.51554 5.41837
      vertex 47.903 -1.58171 5.40455
      vertex 47.9225 -1.4838 5.40455
    endloop
  endfacet
  facet normal 0.317303 -0.0633529 0.946206
    outer loop
      vertex 47.903 -1.58171 5.40455
      vertex 47.875 -1.51554 5.41837
      vertex 47.7979 -1.55355 5.44168
    endloop
  endfacet
  facet normal 0.317293 -0.0631006 0.946226
    outer loop
      vertex 47.274 -1.06414 5.65
      vertex 46.6994 -1.2592 5.82967
      vertex 47.2081 -1.39551 5.65
    endloop
  endfacet
  facet normal 0.423665 0.283077 0.860451
    outer loop
      vertex 48.5612 5.0346 4.28575
      vertex 47.754 4.41523 4.88696
      vertex 49.1622 4.13512 4.28575
    endloop
  endfacet
  facet normal 0.316682 0.642174 0.698087
    outer loop
      vertex 45.7754 9.11463 2.87488
      vertex 45.5001 8.44995 3.61121
      vertex 46.5731 7.92081 3.61121
    endloop
  endfacet
  facet normal 0.36243 0.73493 0.573169
    outer loop
      vertex 47.2081 9.02072 2.08936
      vertex 45.7754 9.11463 2.87488
      vertex 46.9328 8.54386 2.87488
    endloop
  endfacet
  facet normal -0.973316 -0.0637726 0.220429
    outer loop
      vertex -52.8463 -13.4 0.907169
      vertex -52.9146 -14.442 0.304124
      vertex -52.7792 -14.4241 0.907169
    endloop
  endfacet
  facet normal -0.0575259 -0.050377 0.997072
    outer loop
      vertex -45.4151 -13.7185 4.64004
      vertex -46.1036 -14.5036 4.56065
      vertex -45.37 -13.77 4.64004
    endloop
  endfacet
  facet normal -0.0197613 -0.0097519 0.999757
    outer loop
      vertex 41.3353 -0.275315 6.48608
      vertex -45.4834 -13.6002 4.64004
      vertex -45.4531 -13.6616 4.64004
    endloop
  endfacet
  facet normal -0.0187356 -0.016444 0.999689
    outer loop
      vertex 41.4292 -0.437963 6.48608
      vertex -45.4151 -13.7185 4.64004
      vertex 41.4913 -0.508717 6.48608
    endloop
  endfacet
  facet normal 0.0155846 -0.237719 0.971209
    outer loop
      vertex 42 -3.53583 6.15505
      vertex 42 -4.86518 5.82967
      vertex 42.635 -4.82355 5.82967
    endloop
  endfacet
  facet normal -0.234044 0.0153563 0.972105
    outer loop
      vertex -48.508 13.8618 4.17046
      vertex -48.5383 13.4 4.17046
      vertex -47.5495 13.7357 4.40322
    endloop
  endfacet
  facet normal -0.0162235 0.0328754 0.999328
    outer loop
      vertex -45.2002 13.8834 4.64004
      vertex -45.2616 13.8531 4.64004
      vertex 41.7247 0.66467 6.48608
    endloop
  endfacet
  facet normal -0.0162209 -0.0328924 0.999327
    outer loop
      vertex 41.6403 -0.623048 6.48608
      vertex -45.2616 -13.8531 4.64004
      vertex 41.7247 -0.66467 6.48608
    endloop
  endfacet
  facet normal 0.0646534 0.0431315 0.996975
    outer loop
      vertex 43.8585 1.073 6.3751
      vertex 42.5708 0.437963 6.48608
      vertex 42.623 0.359716 6.48608
    endloop
  endfacet
  facet normal 0.339423 0.507989 0.791669
    outer loop
      vertex 46.5731 7.92081 3.61121
      vertex 46.1351 7.16224 4.28575
      vertex 47.0346 6.56122 4.28575
    endloop
  endfacet
  facet normal 0.0431613 -0.0646392 0.996975
    outer loop
      vertex 42.438 -0.570765 6.48608
      vertex 42.3597 -0.623048 6.48608
      vertex 43.073 -1.85848 6.3751
    endloop
  endfacet
  facet normal -0.0146522 0.0431573 0.998961
    outer loop
      vertex 41.8138 0.69492 6.48608
      vertex -45.1354 13.9054 4.64004
      vertex 41.7247 0.66467 6.48608
    endloop
  endfacet
  facet normal -0.0329742 0.502273 0.86408
    outer loop
      vertex -45 19.4147 3.06596
      vertex -45.6885 18.6296 3.49605
      vertex -45 18.6748 3.49605
    endloop
  endfacet
  facet normal -0.0981979 -0.493613 0.86412
    outer loop
      vertex -45.6885 -18.6296 3.49605
      vertex -46.5567 -19.2098 3.06596
      vertex -45.7851 -19.3633 3.06596
    endloop
  endfacet
  facet normal 0.230154 -0.678016 0.698086
    outer loop
      vertex 45.7754 -9.11463 2.87488
      vertex 44.3672 -8.83452 3.61121
      vertex 44.5534 -9.52944 2.87488
    endloop
  endfacet
  facet normal -0.0594067 -0.906503 0.418
    outer loop
      vertex -45.9888 -20.9106 1.49469
      vertex -46.0241 -21.1792 0.907169
      vertex -45 -20.9754 1.49469
    endloop
  endfacet
  facet normal 0.292849 -0.86273 0.412233
    outer loop
      vertex 46.1286 -9.9674 1.26809
      vertex 44.6959 -10.0613 2.08936
      vertex 44.7923 -10.421 1.26809
    endloop
  endfacet
  facet normal 0.00206038 -0.153892 0.988085
    outer loop
      vertex -45 -14.9607 4.56065
      vertex -45 -15.9715 4.40322
      vertex 42 -2.14599 6.3751
    endloop
  endfacet
  facet normal -0.140982 -0.285912 0.947828
    outer loop
      vertex -46.7692 -16.4643 4.17046
      vertex -47.2223 -17.2491 3.86633
      vertex -46.7009 -17.5062 3.86633
    endloop
  endfacet
  facet normal -0.923622 -0.313545 0.22048
    outer loop
      vertex -52.249 -16.4026 0.907169
      vertex -52.5789 -15.4308 0.907169
      vertex -52.3752 -16.4549 0.304124
    endloop
  endfacet
  facet normal -0.771677 -0.261973 0.579555
    outer loop
      vertex -51.9305 -15.257 2.05664
      vertex -51.9988 -16.299 1.49469
      vertex -51.6288 -16.1457 2.05664
    endloop
  endfacet
  facet normal -0.0464679 0.708749 0.703929
    outer loop
      vertex -45 20.575 2.05664
      vertex -45.9365 20.5136 2.05664
      vertex -45.8682 19.9949 2.5834
    endloop
  endfacet
  facet normal 0.578525 -0.19635 0.791679
    outer loop
      vertex 50.8345 -2.3672 3.61121
      vertex 49.6407 -3.16488 4.28575
      vertex 50.45 -3.50009 3.61121
    endloop
  endfacet
  facet normal -0.00508393 -0.0775604 0.996975
    outer loop
      vertex 42 -0.719434 6.48608
      vertex 41.7199 -2.12763 6.3751
      vertex 42 -2.14599 6.3751
    endloop
  endfacet
  facet normal 0.179111 -0.157074 0.971209
    outer loop
      vertex 45.8598 -2.96173 5.82967
      vertex 44.5002 -2.50021 6.15505
      vertex 45.4402 -3.4402 5.82967
    endloop
  endfacet
  facet normal 0.402837 -0.459325 0.791671
    outer loop
      vertex 47.8479 -5.84794 4.28575
      vertex 47.0346 -6.56122 4.28575
      vertex 48.4673 -6.46732 3.61121
    endloop
  endfacet
  facet normal 0.0762351 0.0151464 0.996975
    outer loop
      vertex 44.0729 0.555424 6.3751
      vertex 42.6949 0.186203 6.48608
      vertex 44.1276 0.280107 6.3751
    endloop
  endfacet
  facet normal 0.103336 -0.117807 0.987645
    outer loop
      vertex 43.5174 -1.51745 6.3751
      vertex 43.3064 -1.70253 6.3751
      vertex 44.1525 -2.80517 6.15505
    endloop
  endfacet
  facet normal 0.22559 0.0765946 0.971207
    outer loop
      vertex 46.6994 1.2592 5.82967
      vertex 45.2667 1.3531 6.15505
      vertex 45.4154 0.915141 6.15505
    endloop
  endfacet
  facet normal 0.423665 -0.283095 0.860444
    outer loop
      vertex 48.2811 -3.6264 4.88696
      vertex 47.754 -4.41523 4.88696
      vertex 49.1622 -4.13512 4.28575
    endloop
  endfacet
  facet normal 0.507991 0.339444 0.791658
    outer loop
      vertex 49.2561 5.56783 3.61121
      vertex 48.5612 5.0346 4.28575
      vertex 49.9208 4.57308 3.61121
    endloop
  endfacet
  facet normal 0.156368 -0.0102321 0.987646
    outer loop
      vertex 45.5358 0 6.15505
      vertex 44.1276 -0.280107 6.3751
      vertex 45.5056 -0.461518 6.15505
    endloop
  endfacet
  facet normal 0.81711 0.402938 0.412276
    outer loop
      vertex 51.9674 4.12863 1.26809
      vertex 51.0207 5.20812 2.08936
      vertex 51.6233 3.98612 2.08936
    endloop
  endfacet
  facet normal 0.115399 -0.969228 0.217442
    outer loop
      vertex 43.4082 -10.6963 1.26809
      vertex -43.958 -21.3146 0.304124
      vertex 43.4327 -10.8825 0.425119
    endloop
  endfacet
  facet normal 0.0594067 -0.906503 0.418
    outer loop
      vertex -44.0112 -20.9106 1.49469
      vertex -45 -20.9754 1.49469
      vertex -43.9759 -21.1792 0.907169
    endloop
  endfacet
  facet normal 0.734939 0.362418 0.573165
    outer loop
      vertex 51.6233 3.98612 2.08936
      vertex 51.0207 5.20812 2.08936
      vertex 51.1146 3.7754 2.87488
    endloop
  endfacet
  facet normal 0.316688 0.642175 0.698083
    outer loop
      vertex 46.9328 8.54386 2.87488
      vertex 45.7754 9.11463 2.87488
      vertex 46.5731 7.92081 3.61121
    endloop
  endfacet
  facet normal 0.0665767 0.606582 0.792228
    outer loop
      vertex 43.1938 9.06792 3.61121
      vertex -44.1318 19.9949 2.5834
      vertex 43.0795 8.19948 4.28575
    endloop
  endfacet
  facet normal 0.0637726 0.973316 0.220429
    outer loop
      vertex -43.958 21.3146 0.304124
      vertex -45 21.2463 0.907169
      vertex -43.9759 21.1792 0.907169
    endloop
  endfacet
  facet normal 0.177734 0.893578 0.412224
    outer loop
      vertex 43.4082 10.6963 1.26809
      vertex 43.3596 10.3271 2.08936
      vertex 44.7923 10.421 1.26809
    endloop
  endfacet
  facet normal 0.0946245 0.81341 0.573943
    outer loop
      vertex 43.3596 10.3271 2.08936
      vertex -44.0112 20.9106 1.49469
      vertex 43.2877 9.7812 2.87488
    endloop
  endfacet
  facet normal 0.397803 0.595325 0.698099
    outer loop
      vertex 48.0058 7.82691 2.87488
      vertex 46.5731 7.92081 3.61121
      vertex 47.5678 7.25614 3.61121
    endloop
  endfacet
  facet normal 0.459355 0.402827 0.791659
    outer loop
      vertex 49.2561 5.56783 3.61121
      vertex 48.4673 6.46732 3.61121
      vertex 48.5612 5.0346 4.28575
    endloop
  endfacet
  facet normal 0.681335 0.455214 0.573204
    outer loop
      vertex 50.2638 6.341 2.08936
      vertex 49.8269 6.0058 2.87488
      vertex 51.0207 5.20812 2.08936
    endloop
  endfacet
  facet normal 0.538325 0.472116 0.698078
    outer loop
      vertex 48.976 6.97603 2.87488
      vertex 48.4673 6.46732 3.61121
      vertex 49.8269 6.0058 2.87488
    endloop
  endfacet
  facet normal 0.734968 0.362404 0.573136
    outer loop
      vertex 51.0207 5.20812 2.08936
      vertex 50.5439 4.9328 2.87488
      vertex 51.1146 3.7754 2.87488
    endloop
  endfacet
  facet normal -0.190281 -0.956638 0.220536
    outer loop
      vertex -47.0308 -20.9789 0.907169
      vertex -47.0661 -21.1109 0.304124
      vertex -46.042 -21.3146 0.304124
    endloop
  endfacet
  facet normal 0.039542 -0.603345 0.796499
    outer loop
      vertex -44.2149 -19.3633 3.06596
      vertex -45 -20.0518 2.5834
      vertex -44.1318 -19.9949 2.5834
    endloop
  endfacet
  facet normal -0.0685728 0.0338183 0.997073
    outer loop
      vertex -46.3516 14.1804 4.56065
      vertex -46.4419 13.9973 4.56065
      vertex -45.4531 13.6616 4.64004
    endloop
  endfacet
  facet normal -0.0146522 -0.0431573 0.998961
    outer loop
      vertex 41.7247 -0.66467 6.48608
      vertex -45.2002 -13.8834 4.64004
      vertex -45.1354 -13.9054 4.64004
    endloop
  endfacet
  facet normal -0.0162235 -0.0328754 0.999328
    outer loop
      vertex 41.7247 -0.66467 6.48608
      vertex -45.2616 -13.8531 4.64004
      vertex -45.2002 -13.8834 4.64004
    endloop
  endfacet
  facet normal -0.153885 -0.0100848 0.988037
    outer loop
      vertex -46.5607 -13.4 4.56065
      vertex -47.5715 -13.4 4.40322
      vertex -47.5495 -13.7357 4.40322
    endloop
  endfacet
  facet normal -0.021051 -0.00136746 0.999777
    outer loop
      vertex 41.2806 0 6.48608
      vertex -45.5232 -13.4 4.64004
      vertex 41.2867 -0.0939045 6.48608
    endloop
  endfacet
  facet normal -0.0180966 -0.02062 0.999624
    outer loop
      vertex 41.4913 -0.508717 6.48608
      vertex -45.37 -13.77 4.64004
      vertex 41.562 -0.570765 6.48608
    endloop
  endfacet
  facet normal -0.0685666 -0.0338366 0.997073
    outer loop
      vertex -45.4834 -13.6002 4.64004
      vertex -46.4419 -13.9973 4.56065
      vertex -45.4531 -13.6616 4.64004
    endloop
  endfacet
  facet normal -0.021048 -0.00138677 0.999778
    outer loop
      vertex 41.2867 -0.0939045 6.48608
      vertex -45.5232 -13.4 4.64004
      vertex -45.5187 -13.4683 4.64004
    endloop
  endfacet
  facet normal 0.106396 -0.901868 0.418704
    outer loop
      vertex 43.3596 -10.3271 2.08936
      vertex -44.0112 -20.9106 1.49469
      vertex -43.9759 -21.1792 0.907169
    endloop
  endfacet
  facet normal -0.153893 0 0.988088
    outer loop
      vertex -47.5715 13.4 4.40322
      vertex -46.5607 -13.4 4.56065
      vertex -46.5607 13.4 4.56065
    endloop
  endfacet
  facet normal -0.153893 0 0.988088
    outer loop
      vertex -46.5607 -13.4 4.56065
      vertex -47.5715 13.4 4.40322
      vertex -47.5715 -13.4 4.40322
    endloop
  endfacet
  facet normal -0.151259 -0.0300775 0.988037
    outer loop
      vertex -46.5474 -13.6037 4.56065
      vertex -47.5495 -13.7357 4.40322
      vertex -47.4839 -14.0656 4.40322
    endloop
  endfacet
  facet normal -0.0338366 0.0685666 0.997073
    outer loop
      vertex -45.2002 13.8834 4.64004
      vertex -45.5973 14.8419 4.56065
      vertex -45.2616 13.8531 4.64004
    endloop
  endfacet
  facet normal -0.0267429 0.407181 0.912956
    outer loop
      vertex -45 17.8446 3.86633
      vertex -45.6885 18.6296 3.49605
      vertex -45.5801 17.8065 3.86633
    endloop
  endfacet
  facet normal 0.229836 0.343967 0.910419
    outer loop
      vertex 46.4152 5.75404 4.88696
      vertex 45.6264 6.28111 4.88696
      vertex 45.7203 4.8484 5.40455
    endloop
  endfacet
  facet normal -0.0192839 -0.0128646 0.999731
    outer loop
      vertex 41.377 -0.359716 6.48608
      vertex -45.4531 -13.6616 4.64004
      vertex 41.4292 -0.437963 6.48608
    endloop
  endfacet
  facet normal -0.313545 0.923622 0.22048
    outer loop
      vertex -47.0308 20.9789 0.907169
      vertex -48.0549 20.7752 0.304124
      vertex -48.0026 20.649 0.907169
    endloop
  endfacet
  facet normal -0.062177 0.312639 0.947835
    outer loop
      vertex -45.5801 17.8065 3.86633
      vertex -46.1503 17.6931 3.86633
      vertex -45.9158 16.8177 4.17046
    endloop
  endfacet
  facet normal -0.572565 0.194376 0.796485
    outer loop
      vertex -51.1454 15.9455 2.5834
      vertex -51.4251 15.1216 2.5834
      vertex -50.8098 14.9567 3.06596
    endloop
  endfacet
  facet normal 0.119189 0.59922 0.791663
    outer loop
      vertex 44.3672 8.83452 3.61121
      vertex 43.0795 8.19948 4.28575
      vertex 44.1405 7.98844 4.28575
    endloop
  endfacet
  facet normal 0.0267319 0.407189 0.912953
    outer loop
      vertex -45 18.6748 3.49605
      vertex -45 17.8446 3.86633
      vertex -44.3115 18.6296 3.49605
    endloop
  endfacet
  facet normal 0.0464679 0.708749 0.703929
    outer loop
      vertex -44.0635 20.5136 2.05664
      vertex -45 20.575 2.05664
      vertex -44.1318 19.9949 2.5834
    endloop
  endfacet
  facet normal 0.0394986 0.603314 0.796525
    outer loop
      vertex -45 20.0518 2.5834
      vertex -45 19.4147 3.06596
      vertex -44.2149 19.3633 3.06596
    endloop
  endfacet
  facet normal -0.860285 -0.292018 0.417893
    outer loop
      vertex -52.3173 -15.3607 1.49469
      vertex -52.5789 -15.4308 0.907169
      vertex -51.9988 -16.299 1.49469
    endloop
  endfacet
  facet normal -0.407182 -0.0267315 0.912956
    outer loop
      vertex -49.4065 -13.9801 3.86633
      vertex -50.2748 -13.4 3.49605
      vertex -50.2296 -14.0885 3.49605
    endloop
  endfacet
  facet normal -0.814836 -0.401797 0.417854
    outer loop
      vertex -51.9988 -16.299 1.49469
      vertex -52.249 -16.4026 0.907169
      vertex -51.7951 -17.3231 0.907169
    endloop
  endfacet
  facet normal -0.158976 -0.799322 0.579492
    outer loop
      vertex -45.9365 -20.5136 2.05664
      vertex -46.9607 -20.7173 1.49469
      vertex -45.9888 -20.9106 1.49469
    endloop
  endfacet
  facet normal -0.64319 -0.733339 0.220274
    outer loop
      vertex -50.5482 -18.9482 0.907169
      vertex -50.6447 -19.0447 0.304124
      vertex -49.8597 -19.7332 0.304124
    endloop
  endfacet
  facet normal -0.542311 -0.267429 0.79648
    outer loop
      vertex -50.5569 -15.7017 3.06596
      vertex -51.1454 -15.9455 2.5834
      vertex -50.2089 -16.4074 3.06596
    endloop
  endfacet
  facet normal 0.283089 -0.423663 0.860448
    outer loop
      vertex 46.4152 -5.75404 4.88696
      vertex 45.6264 -6.28111 4.88696
      vertex 46.1351 -7.16224 4.28575
    endloop
  endfacet
  facet normal -0.0153426 -0.234044 0.972105
    outer loop
      vertex -45.3356 -15.9495 4.40322
      vertex -45.4618 -16.908 4.17046
      vertex -45 -15.9715 4.40322
    endloop
  endfacet
  facet normal 0.0165489 -0.25222 0.967528
    outer loop
      vertex 42 -4.86518 5.82967
      vertex -45 -16.9383 4.17046
      vertex -44.5382 -16.908 4.17046
    endloop
  endfacet
  facet normal -0.0795964 0.400228 0.912952
    outer loop
      vertex -45.5801 17.8065 3.86633
      vertex -46.3652 18.495 3.49605
      vertex -46.1503 17.6931 3.86633
    endloop
  endfacet
  facet normal -0.0796061 0.400219 0.912956
    outer loop
      vertex -45.6885 18.6296 3.49605
      vertex -46.3652 18.495 3.49605
      vertex -45.5801 17.8065 3.86633
    endloop
  endfacet
  facet normal 0.016524 -0.252048 0.967574
    outer loop
      vertex 42 -4.86518 5.82967
      vertex -44.5382 -16.908 4.17046
      vertex 42.635 -4.82355 5.82967
    endloop
  endfacet
  facet normal 0.00508393 -0.0775604 0.996975
    outer loop
      vertex 42 -0.719434 6.48608
      vertex 42 -2.14599 6.3751
      vertex 42.2801 -2.12763 6.3751
    endloop
  endfacet
  facet normal -0.0192819 -0.0128772 0.999731
    outer loop
      vertex 41.4292 -0.437963 6.48608
      vertex -45.4531 -13.6616 4.64004
      vertex -45.4151 -13.7185 4.64004
    endloop
  endfacet
  facet normal 0.0343782 -0.0697112 0.996975
    outer loop
      vertex 42.3597 -0.623048 6.48608
      vertex 42.2753 -0.66467 6.48608
      vertex 42.8212 -1.98264 6.3751
    endloop
  endfacet
  facet normal 0.268976 -0.179744 0.946226
    outer loop
      vertex 46.2134 -2.43259 5.82967
      vertex 45.8598 -2.96173 5.82967
      vertex 46.8484 -3.72031 5.40455
    endloop
  endfacet
  facet normal 0.0464721 -0.233652 0.971209
    outer loop
      vertex 42.9151 -3.41535 6.15505
      vertex 42.635 -4.82355 5.82967
      vertex 43.2592 -4.6994 5.82967
    endloop
  endfacet
  facet normal 0.103329 -0.117811 0.987646
    outer loop
      vertex 44.5002 -2.50021 6.15505
      vertex 43.5174 -1.51745 6.3751
      vertex 44.1525 -2.80517 6.15505
    endloop
  endfacet
  facet normal 0.0870537 -0.130301 0.987645
    outer loop
      vertex 44.1525 -2.80517 6.15505
      vertex 43.3064 -1.70253 6.3751
      vertex 43.7679 -3.06212 6.15505
    endloop
  endfacet
  facet normal 0.595322 -0.397799 0.698103
    outer loop
      vertex 49.9208 -4.57308 3.61121
      vertex 49.2561 -5.56783 3.61121
      vertex 49.8269 -6.0058 2.87488
    endloop
  endfacet
  facet normal 0.0631143 0.317292 0.946225
    outer loop
      vertex 43.5817 5.90304 5.40455
      vertex 42.7977 6.05899 5.40455
      vertex 43.2592 4.6994 5.82967
    endloop
  endfacet
  facet normal 0.0208694 0.318069 0.947838
    outer loop
      vertex -45 17.8446 3.86633
      vertex -45 16.9383 4.17046
      vertex -44.5382 16.908 4.17046
    endloop
  endfacet
  facet normal 0.290148 0.143048 0.94623
    outer loop
      vertex 47.6461 2.33868 5.40455
      vertex 46.2134 2.43259 5.82967
      vertex 46.4948 1.86182 5.82967
    endloop
  endfacet
  facet normal 0.578531 0.196366 0.79167
    outer loop
      vertex 50.8345 2.3672 3.61121
      vertex 49.6407 3.16488 4.28575
      vertex 49.9884 2.14049 4.28575
    endloop
  endfacet
  facet normal 0.00508393 0.0775604 0.996975
    outer loop
      vertex 42 2.14599 6.3751
      vertex 42 0.719434 6.48608
      vertex 42.2801 2.12763 6.3751
    endloop
  endfacet
  facet normal 0.482522 0.163778 0.860435
    outer loop
      vertex 49.6407 3.16488 4.28575
      vertex 49.0057 1.87716 4.88696
      vertex 49.9884 2.14049 4.28575
    endloop
  endfacet
  facet normal 0.980786 -0.195085 0
    outer loop
      vertex 52.6024 -2.84091 0.425119
      vertex 52.8825 -1.43271 0
      vertex 52.8825 -1.43271 0.425119
    endloop
  endfacet
  facet normal 0.980786 -0.195085 0
    outer loop
      vertex 52.8825 -1.43271 0
      vertex 52.6024 -2.84091 0.425119
      vertex 52.6024 -2.84091 0
    endloop
  endfacet
  facet normal 0.106799 -0.904481 0.412927
    outer loop
      vertex 43.3596 -10.3271 2.08936
      vertex -43.9759 -21.1792 0.907169
      vertex 43.4082 -10.6963 1.26809
    endloop
  endfacet
  facet normal 0.684986 -0.600729 0.412211
    outer loop
      vertex 50.2638 -6.341 2.08936
      vertex 49.6287 -7.62872 1.26809
      vertex 50.5592 -6.56771 1.26809
    endloop
  endfacet
  facet normal 0.402956 -0.81712 0.412239
    outer loop
      vertex 47.2081 -9.02072 2.08936
      vertex 45.9861 -9.62334 2.08936
      vertex 46.1286 -9.9674 1.26809
    endloop
  endfacet
  facet normal -0.32148 -0.946916 0
    outer loop
      vertex -48.0549 -20.7752 0
      vertex -47.0661 -21.1109 0.304124
      vertex -48.0549 -20.7752 0.304124
    endloop
  endfacet
  facet normal -0.32148 -0.946916 -0
    outer loop
      vertex -47.0661 -21.1109 0.304124
      vertex -48.0549 -20.7752 0
      vertex -47.0661 -21.1109 0
    endloop
  endfacet
  facet normal 0.402956 -0.81712 0.412239
    outer loop
      vertex 47.2081 -9.02072 2.08936
      vertex 46.1286 -9.9674 1.26809
      vertex 47.3943 -9.34323 1.26809
    endloop
  endfacet
  facet normal 0.106396 0.901868 0.418704
    outer loop
      vertex -43.9759 21.1792 0.907169
      vertex -44.0112 20.9106 1.49469
      vertex 43.3596 10.3271 2.08936
    endloop
  endfacet
  facet normal 0.106799 0.904481 0.412927
    outer loop
      vertex 43.4082 10.6963 1.26809
      vertex -43.9759 21.1792 0.907169
      vertex 43.3596 10.3271 2.08936
    endloop
  endfacet
  facet normal 0.196387 0.578535 0.791663
    outer loop
      vertex 45.5001 8.44995 3.61121
      vertex 44.3672 8.83452 3.61121
      vertex 45.1649 7.6407 4.28575
    endloop
  endfacet
  facet normal 0.455251 0.681339 0.57317
    outer loop
      vertex 48.341 8.26375 2.08936
      vertex 47.2081 9.02072 2.08936
      vertex 48.0058 7.82691 2.87488
    endloop
  endfacet
  facet normal 0.455253 0.68134 0.573168
    outer loop
      vertex 47.2081 9.02072 2.08936
      vertex 46.9328 8.54386 2.87488
      vertex 48.0058 7.82691 2.87488
    endloop
  endfacet
  facet normal 0.230154 0.678016 0.698086
    outer loop
      vertex 44.5534 9.52944 2.87488
      vertex 44.3672 8.83452 3.61121
      vertex 45.7754 9.11463 2.87488
    endloop
  endfacet
  facet normal 0.397796 0.595348 0.698082
    outer loop
      vertex 46.9328 8.54386 2.87488
      vertex 46.5731 7.92081 3.61121
      vertex 48.0058 7.82691 2.87488
    endloop
  endfacet
  facet normal 0.472085 0.538323 0.6981
    outer loop
      vertex 48.0058 7.82691 2.87488
      vertex 47.5678 7.25614 3.61121
      vertex 48.4673 6.46732 3.61121
    endloop
  endfacet
  facet normal 0.130302 0.0870461 0.987646
    outer loop
      vertex 44.8052 2.15248 6.15505
      vertex 43.7025 1.3064 6.3751
      vertex 45.0621 1.76792 6.15505
    endloop
  endfacet
  facet normal 0.335976 0.383089 0.860443
    outer loop
      vertex 47.8479 5.84794 4.28575
      vertex 47.0346 6.56122 4.28575
      vertex 47.1285 5.12851 4.88696
    endloop
  endfacet
  facet normal 0.733915 0.64364 0.217017
    outer loop
      vertex 49.7615 7.76152 0.425119
      vertex 49.6287 7.62872 1.26809
      vertex 50.5592 6.56771 1.26809
    endloop
  endfacet
  facet normal 0.616059 0.54029 0.5732
    outer loop
      vertex 49.3654 7.36539 2.08936
      vertex 48.976 6.97603 2.87488
      vertex 50.2638 6.341 2.08936
    endloop
  endfacet
  facet normal 0.538326 0.47208 0.698102
    outer loop
      vertex 49.8269 6.0058 2.87488
      vertex 48.4673 6.46732 3.61121
      vertex 49.2561 5.56783 3.61121
    endloop
  endfacet
  facet normal 0.542334 0.811651 0.217018
    outer loop
      vertex 47.4882 9.50588 0.425119
      vertex 47.3943 9.34323 1.26809
      vertex 48.682 8.7082 0.425119
    endloop
  endfacet
  facet normal -0.0753723 -0.222112 0.972103
    outer loop
      vertex -45.6656 -15.8839 4.40322
      vertex -46.354 -16.669 4.17046
      vertex -45.9158 -16.8177 4.17046
    endloop
  endfacet
  facet normal -0.0762974 0 0.997085
    outer loop
      vertex -46.5607 13.4 4.56065
      vertex -45.5232 -13.4 4.64004
      vertex -45.5232 13.4 4.64004
    endloop
  endfacet
  facet normal -0.0762974 0 0.997085
    outer loop
      vertex -45.5232 -13.4 4.64004
      vertex -46.5607 13.4 4.56065
      vertex -46.5607 -13.4 4.56065
    endloop
  endfacet
  facet normal -0.0172903 -0.0258943 0.999515
    outer loop
      vertex 41.562 -0.570765 6.48608
      vertex -45.2616 -13.8531 4.64004
      vertex 41.6403 -0.623048 6.48608
    endloop
  endfacet
  facet normal -0.0180966 0.02062 0.999624
    outer loop
      vertex 41.562 0.570765 6.48608
      vertex -45.37 13.77 4.64004
      vertex 41.4913 0.508717 6.48608
    endloop
  endfacet
  facet normal 0.0431827 0.0646286 0.996975
    outer loop
      vertex 43.073 1.85848 6.3751
      vertex 42.438 0.570765 6.48608
      vertex 43.3064 1.70253 6.3751
    endloop
  endfacet
  facet normal -0.101681 -0.115958 0.988036
    outer loop
      vertex -46.1036 -14.5036 4.56065
      vertex -46.8183 -15.2183 4.40322
      vertex -45.9501 -14.6382 4.56065
    endloop
  endfacet
  facet normal -0.00637467 -0.0976332 0.995202
    outer loop
      vertex 41.7199 -2.12763 6.3751
      vertex -45.2037 -14.9474 4.56065
      vertex -45 -14.9607 4.56065
    endloop
  endfacet
  facet normal -0.0100475 -0.153885 0.988038
    outer loop
      vertex -45 -14.9607 4.56065
      vertex -45.2037 -14.9474 4.56065
      vertex -45 -15.9715 4.40322
    endloop
  endfacet
  facet normal -0.0206316 0.00408943 0.999779
    outer loop
      vertex -45.5054 13.5354 4.64004
      vertex -45.5187 13.4683 4.64004
      vertex 41.3051 0.186203 6.48608
    endloop
  endfacet
  facet normal 0.237719 -0.0155554 0.97121
    outer loop
      vertex 45.5358 0 6.15505
      vertex 45.5056 -0.461518 6.15505
      vertex 46.8236 -0.635033 5.82967
    endloop
  endfacet
  facet normal -0.0197596 -0.00976264 0.999757
    outer loop
      vertex 41.3353 -0.275315 6.48608
      vertex -45.4531 -13.6616 4.64004
      vertex 41.377 -0.359716 6.48608
    endloop
  endfacet
  facet normal -0.0146522 0.0431573 0.998961
    outer loop
      vertex -45.1354 13.9054 4.64004
      vertex -45.2002 13.8834 4.64004
      vertex 41.7247 0.66467 6.48608
    endloop
  endfacet
  facet normal -0.590534 -0.394547 0.70399
    outer loop
      vertex -50.2772 -17.4493 2.5834
      vertex -51.2137 -16.9875 2.05664
      vertex -50.6923 -17.7679 2.05664
    endloop
  endfacet
  facet normal -0.0202055 -0.00685988 0.999772
    outer loop
      vertex 41.3051 -0.186203 6.48608
      vertex -45.5054 -13.5354 4.64004
      vertex -45.4834 -13.6002 4.64004
    endloop
  endfacet
  facet normal -0.400219 -0.0796061 0.912956
    outer loop
      vertex -49.4065 -13.9801 3.86633
      vertex -50.2296 -14.0885 3.49605
      vertex -50.095 -14.7652 3.49605
    endloop
  endfacet
  facet normal -0.151228 0.0301399 0.988039
    outer loop
      vertex -46.5075 13.8039 4.56065
      vertex -47.4839 14.0656 4.40322
      vertex -46.5474 13.6037 4.56065
    endloop
  endfacet
  facet normal -0.90651 0.0594072 0.417983
    outer loop
      vertex -52.5106 14.3888 1.49469
      vertex -52.8463 13.4 0.907169
      vertex -52.5754 13.4 1.49469
    endloop
  endfacet
  facet normal -0.975292 0 0.22092
    outer loop
      vertex -52.9829 -13.4 0.304124
      vertex -52.8463 13.4 0.907169
      vertex -52.9829 13.4 0.304124
    endloop
  endfacet
  facet normal -0.975292 0 0.22092
    outer loop
      vertex -52.8463 13.4 0.907169
      vertex -52.9829 -13.4 0.304124
      vertex -52.8463 -13.4 0.907169
    endloop
  endfacet
  facet normal -0.997859 -0.0654067 0
    outer loop
      vertex -52.9146 -14.442 0
      vertex -52.9829 -13.4 0.304124
      vertex -52.9829 -13.4 0
    endloop
  endfacet
  facet normal -0.997859 -0.0654067 0
    outer loop
      vertex -52.9829 -13.4 0.304124
      vertex -52.9146 -14.442 0
      vertex -52.9146 -14.442 0.304124
    endloop
  endfacet
  facet normal -0.923605 0.313566 0.220522
    outer loop
      vertex -52.3752 16.4549 0.304124
      vertex -52.7109 15.4661 0.304124
      vertex -52.5789 15.4308 0.907169
    endloop
  endfacet
  facet normal -0.0857013 0.128208 0.988037
    outer loop
      vertex -46.2858 15.627 4.40322
      vertex -46.5654 15.4401 4.40322
      vertex -45.7804 14.7516 4.56065
    endloop
  endfacet
  facet normal -0.0762965 0.00498156 0.997073
    outer loop
      vertex -46.5474 13.6037 4.56065
      vertex -46.5607 13.4 4.56065
      vertex -45.5232 13.4 4.64004
    endloop
  endfacet
  facet normal -0.0750081 -0.0148675 0.997072
    outer loop
      vertex -45.5187 -13.4683 4.64004
      vertex -46.5075 -13.8039 4.56065
      vertex -45.5054 -13.5354 4.64004
    endloop
  endfacet
  facet normal -0.0574883 -0.05041 0.997073
    outer loop
      vertex -45.4151 -13.7185 4.64004
      vertex -46.2382 -14.3501 4.56065
      vertex -46.1036 -14.5036 4.56065
    endloop
  endfacet
  facet normal 0.0512695 -0.0584185 0.996975
    outer loop
      vertex 42.5087 -0.508717 6.48608
      vertex 42.438 -0.570765 6.48608
      vertex 43.5174 -1.51745 6.3751
    endloop
  endfacet
  facet normal -0.0762876 0.00502627 0.997073
    outer loop
      vertex -45.5187 13.4683 4.64004
      vertex -46.5474 13.6037 4.56065
      vertex -45.5232 13.4 4.64004
    endloop
  endfacet
  facet normal 0.0267429 0.407181 0.912956
    outer loop
      vertex -44.3115 18.6296 3.49605
      vertex -45 17.8446 3.86633
      vertex -44.4199 17.8065 3.86633
    endloop
  endfacet
  facet normal -0.0267319 0.407189 0.912953
    outer loop
      vertex -45 18.6748 3.49605
      vertex -45.6885 18.6296 3.49605
      vertex -45 17.8446 3.86633
    endloop
  endfacet
  facet normal -0.0245613 0.0724108 0.997072
    outer loop
      vertex -45.4039 14.9075 4.56065
      vertex -45.5973 14.8419 4.56065
      vertex -45.1354 13.9054 4.64004
    endloop
  endfacet
  facet normal 0.0775691 -0.00503886 0.996974
    outer loop
      vertex 42.7194 0 6.48608
      vertex 42.7133 -0.0939045 6.48608
      vertex 44.1276 -0.280107 6.3751
    endloop
  endfacet
  facet normal -0.140982 0.285912 0.947828
    outer loop
      vertex -46.7009 17.5062 3.86633
      vertex -47.2223 17.2491 3.86633
      vertex -46.7692 16.4643 4.17046
    endloop
  endfacet
  facet normal -0.0153426 0.234044 0.972105
    outer loop
      vertex -45 15.9715 4.40322
      vertex -45.4618 16.908 4.17046
      vertex -45.3356 15.9495 4.40322
    endloop
  endfacet
  facet normal 0.283089 0.423663 0.860448
    outer loop
      vertex 46.1351 7.16224 4.28575
      vertex 45.6264 6.28111 4.88696
      vertex 46.4152 5.75404 4.88696
    endloop
  endfacet
  facet normal -0.0208909 0.318078 0.947834
    outer loop
      vertex -45 17.8446 3.86633
      vertex -45.5801 17.8065 3.86633
      vertex -45.4618 16.908 4.17046
    endloop
  endfacet
  facet normal -0.0654067 0.997859 0
    outer loop
      vertex -45 21.3829 0
      vertex -46.042 21.3146 0.304124
      vertex -45 21.3829 0.304124
    endloop
  endfacet
  facet normal -0.0654067 0.997859 0
    outer loop
      vertex -46.042 21.3146 0.304124
      vertex -45 21.3829 0
      vertex -46.042 21.3146 0
    endloop
  endfacet
  facet normal -0.3141 0.637015 0.703956
    outer loop
      vertex -47.7457 20.0288 2.05664
      vertex -48.3259 19.1606 2.5834
      vertex -47.5455 19.5454 2.5834
    endloop
  endfacet
  facet normal 0.0637973 0.973305 0.22047
    outer loop
      vertex -45 21.3829 0.304124
      vertex -45 21.2463 0.907169
      vertex -43.958 21.3146 0.304124
    endloop
  endfacet
  facet normal -0.234065 0 0.972221
    outer loop
      vertex -48.5383 13.4 4.17046
      vertex -47.5715 -13.4 4.40322
      vertex -47.5715 13.4 4.40322
    endloop
  endfacet
  facet normal -0.234065 0 0.972221
    outer loop
      vertex -47.5715 -13.4 4.40322
      vertex -48.5383 13.4 4.17046
      vertex -48.5383 -13.4 4.17046
    endloop
  endfacet
  facet normal -0.138562 0.696591 0.703961
    outer loop
      vertex -45.9365 20.5136 2.05664
      vertex -46.857 20.3305 2.05664
      vertex -46.7216 19.8251 2.5834
    endloop
  endfacet
  facet normal 0.139685 0.702256 0.698086
    outer loop
      vertex 43.2877 9.7812 2.87488
      vertex 43.1938 9.06792 3.61121
      vertex 44.3672 8.83452 3.61121
    endloop
  endfacet
  facet normal 0.11919 0.599218 0.791663
    outer loop
      vertex 43.1938 9.06792 3.61121
      vertex 43.0795 8.19948 4.28575
      vertex 44.3672 8.83452 3.61121
    endloop
  endfacet
  facet normal -0.151259 0.0300775 0.988037
    outer loop
      vertex -47.4839 14.0656 4.40322
      vertex -47.5495 13.7357 4.40322
      vertex -46.5474 13.6037 4.56065
    endloop
  endfacet
  facet normal -0.158976 0.799322 0.579492
    outer loop
      vertex -45.9888 20.9106 1.49469
      vertex -46.9607 20.7173 1.49469
      vertex -45.9365 20.5136 2.05664
    endloop
  endfacet
  facet normal 0.0208909 -0.318078 0.947834
    outer loop
      vertex -44.5382 -16.908 4.17046
      vertex -45 -17.8446 3.86633
      vertex -44.4199 -17.8065 3.86633
    endloop
  endfacet
  facet normal -0.0796061 -0.400219 0.912956
    outer loop
      vertex -45.5801 -17.8065 3.86633
      vertex -46.3652 -18.495 3.49605
      vertex -45.6885 -18.6296 3.49605
    endloop
  endfacet
  facet normal -0.401778 -0.814798 0.417946
    outer loop
      vertex -48.7877 -19.9605 1.49469
      vertex -48.9231 -20.1951 0.907169
      vertex -48.0026 -20.649 0.907169
    endloop
  endfacet
  facet normal -0.755374 -0.504713 0.417941
    outer loop
      vertex -51.5605 -17.1877 1.49469
      vertex -51.7951 -17.3231 0.907169
      vertex -51.01 -18.0116 1.49469
    endloop
  endfacet
  facet normal -0.923605 -0.313566 0.220522
    outer loop
      vertex -52.5789 -15.4308 0.907169
      vertex -52.7109 -15.4661 0.304124
      vertex -52.3752 -16.4549 0.304124
    endloop
  endfacet
  facet normal -0.537386 -0.612766 0.579425
    outer loop
      vertex -50.0735 -18.4735 2.05664
      vertex -50.3566 -18.7566 1.49469
      vertex -49.3679 -19.0923 2.05664
    endloop
  endfacet
  facet normal -0.46828 -0.533966 0.703985
    outer loop
      vertex -49.7035 -18.1035 2.5834
      vertex -50.0735 -18.4735 2.05664
      vertex -49.3679 -19.0923 2.05664
    endloop
  endfacet
  facet normal -0.431373 -0.874816 0.220485
    outer loop
      vertex -48.0026 -20.649 0.907169
      vertex -48.9231 -20.1951 0.907169
      vertex -48.0549 -20.7752 0.304124
    endloop
  endfacet
  facet normal 0.179742 -0.268974 0.946227
    outer loop
      vertex 44.9617 -3.8598 5.82967
      vertex 44.4326 -4.21337 5.82967
      vertex 45.7203 -4.8484 5.40455
    endloop
  endfacet
  facet normal 0.0631143 -0.317292 0.946225
    outer loop
      vertex 43.2592 -4.6994 5.82967
      vertex 42.7977 -6.05899 5.40455
      vertex 43.5817 -5.90304 5.40455
    endloop
  endfacet
  facet normal -0.115958 -0.101681 0.988036
    outer loop
      vertex -46.2382 -14.3501 4.56065
      vertex -46.8183 -15.2183 4.40322
      vertex -46.1036 -14.5036 4.56065
    endloop
  endfacet
  facet normal -0.335948 -0.50273 0.796493
    outer loop
      vertex -48.0074 -18.6089 3.06596
      vertex -48.6615 -18.1718 3.06596
      vertex -48.3259 -19.1606 2.5834
    endloop
  endfacet
  facet normal -0.398673 -0.454539 0.796526
    outer loop
      vertex -49.253 -17.653 3.06596
      vertex -49.7035 -18.1035 2.5834
      vertex -48.6615 -18.1718 3.06596
    endloop
  endfacet
  facet normal -0.360413 -0.730898 0.57956
    outer loop
      vertex -47.7457 -20.0288 2.05664
      vertex -48.5875 -19.6137 2.05664
      vertex -47.899 -20.3988 1.49469
    endloop
  endfacet
  facet normal -0.0637726 -0.973316 0.220429
    outer loop
      vertex -46.0241 -21.1792 0.907169
      vertex -46.042 -21.3146 0.304124
      vertex -45 -21.2463 0.907169
    endloop
  endfacet
  facet normal -0.062184 -0.312641 0.947834
    outer loop
      vertex -45.4618 -16.908 4.17046
      vertex -45.9158 -16.8177 4.17046
      vertex -45.5801 -17.8065 3.86633
    endloop
  endfacet
  facet normal 0.0208694 -0.318069 0.947838
    outer loop
      vertex -45 -16.9383 4.17046
      vertex -45 -17.8446 3.86633
      vertex -44.5382 -16.908 4.17046
    endloop
  endfacet
  facet normal -0.0208694 -0.318069 0.947838
    outer loop
      vertex -45 -16.9383 4.17046
      vertex -45.4618 -16.908 4.17046
      vertex -45 -17.8446 3.86633
    endloop
  endfacet
  facet normal 0.132366 -0.19808 0.971207
    outer loop
      vertex 44.9617 -3.8598 5.82967
      vertex 44.1525 -2.80517 6.15505
      vertex 44.4326 -4.21337 5.82967
    endloop
  endfacet
  facet normal -0.0654067 -0.997859 0
    outer loop
      vertex -46.042 -21.3146 0
      vertex -45 -21.3829 0.304124
      vertex -46.042 -21.3146 0.304124
    endloop
  endfacet
  facet normal -0.0654067 -0.997859 -0
    outer loop
      vertex -45 -21.3829 0.304124
      vertex -46.042 -21.3146 0
      vertex -45 -21.3829 0
    endloop
  endfacet
  facet normal -0.267408 0.542321 0.796481
    outer loop
      vertex -47.5455 19.5454 2.5834
      vertex -48.3259 19.1606 2.5834
      vertex -47.3017 18.9569 3.06596
    endloop
  endfacet
  facet normal -0.755374 0.504713 0.417941
    outer loop
      vertex -51.01 18.0116 1.49469
      vertex -51.7951 17.3231 0.907169
      vertex -51.5605 17.1877 1.49469
    endloop
  endfacet
  facet normal -0.0301448 0.151253 0.988035
    outer loop
      vertex -45.3356 15.9495 4.40322
      vertex -45.4039 14.9075 4.56065
      vertex -45.2037 14.9474 4.56065
    endloop
  endfacet
  facet normal -0.103716 0.21037 0.972105
    outer loop
      vertex -46.354 16.669 4.17046
      vertex -46.7692 16.4643 4.17046
      vertex -45.9841 15.7758 4.40322
    endloop
  endfacet
  facet normal -0.906504 0.059395 0.418
    outer loop
      vertex -52.7792 14.4241 0.907169
      vertex -52.8463 13.4 0.907169
      vertex -52.5106 14.3888 1.49469
    endloop
  endfacet
  facet normal 0.0259632 -0.317441 0.947923
    outer loop
      vertex 42.635 -4.82355 5.82967
      vertex -44.5382 -16.908 4.17046
      vertex -44.4199 -17.8065 3.86633
    endloop
  endfacet
  facet normal -0.00639206 0.0975173 0.995213
    outer loop
      vertex 42 2.14599 6.3751
      vertex -45 14.9607 4.56065
      vertex 41.7199 2.12763 6.3751
    endloop
  endfacet
  facet normal 0.103991 -0.306339 0.946225
    outer loop
      vertex 43.8618 -4.49484 5.82967
      vertex 43.2592 -4.6994 5.82967
      vertex 43.5817 -5.90304 5.40455
    endloop
  endfacet
  facet normal 0.0305732 -0.153696 0.987645
    outer loop
      vertex 42.9151 -3.41535 6.15505
      vertex 42.2801 -2.12763 6.3751
      vertex 42.4615 -3.50558 6.15505
    endloop
  endfacet
  facet normal -0.0197613 0.0097519 0.999757
    outer loop
      vertex -45.4531 13.6616 4.64004
      vertex -45.4834 13.6002 4.64004
      vertex 41.3353 0.275315 6.48608
    endloop
  endfacet
  facet normal 0.0151633 -0.0762334 0.996975
    outer loop
      vertex 42.1862 -0.69492 6.48608
      vertex 42.0939 -0.713279 6.48608
      vertex 42.2801 -2.12763 6.3751
    endloop
  endfacet
  facet normal 0.140564 -0.0692869 0.987644
    outer loop
      vertex 43.9826 -0.821236 6.3751
      vertex 43.8585 -1.073 6.3751
      vertex 45.0621 -1.76792 6.15505
    endloop
  endfacet
  facet normal -0.0206281 0.00411228 0.999779
    outer loop
      vertex 41.3051 0.186203 6.48608
      vertex -45.5187 13.4683 4.64004
      vertex 41.2867 0.0939045 6.48608
    endloop
  endfacet
  facet normal 0.105361 -0.213665 0.971209
    outer loop
      vertex 44.4326 -4.21337 5.82967
      vertex 43.3531 -3.26668 6.15505
      vertex 43.8618 -4.49484 5.82967
    endloop
  endfacet
  facet normal 0.0512558 -0.0584341 0.996975
    outer loop
      vertex 43.5174 -1.51745 6.3751
      vertex 42.438 -0.570765 6.48608
      vertex 43.3064 -1.70253 6.3751
    endloop
  endfacet
  facet normal 0.140538 -0.0693168 0.987646
    outer loop
      vertex 45.2667 -1.3531 6.15505
      vertex 43.9826 -0.821236 6.3751
      vertex 45.0621 -1.76792 6.15505
    endloop
  endfacet
  facet normal 0.080703 -0.405739 0.910419
    outer loop
      vertex 43.8772 -7.00567 4.88696
      vertex 42.7977 -6.05899 5.40455
      vertex 42.9467 -7.19075 4.88696
    endloop
  endfacet
  facet normal 0.405729 -0.080678 0.910426
    outer loop
      vertex 48.2374 -1.23744 5.28604
      vertex 49.0057 -1.87716 4.88696
      vertex 48.341 -1.1193 5.25034
    endloop
  endfacet
  facet normal 0.405726 -0.0806816 0.910427
    outer loop
      vertex 48.0653 -1.38837 5.34936
      vertex 49.0057 -1.87716 4.88696
      vertex 48.2374 -1.23744 5.28604
    endloop
  endfacet
  facet normal 0.405856 -0.0808313 0.910355
    outer loop
      vertex 47.903 -1.58171 5.40455
      vertex 48.0653 -1.38837 5.34936
      vertex 47.9225 -1.4838 5.40455
    endloop
  endfacet
  facet normal 0.40572 -0.0806959 0.910428
    outer loop
      vertex 48.0653 -1.38837 5.34936
      vertex 47.903 -1.58171 5.40455
      vertex 49.0057 -1.87716 4.88696
    endloop
  endfacet
  facet normal 0.157092 -0.179108 0.971207
    outer loop
      vertex 44.5002 -2.50021 6.15505
      vertex 44.1525 -2.80517 6.15505
      vertex 44.9617 -3.8598 5.82967
    endloop
  endfacet
  facet normal 0.213305 -0.24322 0.946227
    outer loop
      vertex 46.3213 -4.32132 5.40455
      vertex 44.9617 -3.8598 5.82967
      vertex 45.7203 -4.8484 5.40455
    endloop
  endfacet
  facet normal 0.213297 -0.243238 0.946224
    outer loop
      vertex 45.4402 -3.4402 5.82967
      vertex 44.9617 -3.8598 5.82967
      vertex 46.3213 -4.32132 5.40455
    endloop
  endfacet
  facet normal 0.0249879 -0.0736006 0.996975
    outer loop
      vertex 42.2753 -0.66467 6.48608
      vertex 42.1862 -0.69492 6.48608
      vertex 42.8212 -1.98264 6.3751
    endloop
  endfacet
  facet normal 0.00246446 -0.156379 0.987694
    outer loop
      vertex 42 -2.14599 6.3751
      vertex -45 -15.9715 4.40322
      vertex 42 -3.53583 6.15505
    endloop
  endfacet
  facet normal 0.540306 -0.616073 0.573169
    outer loop
      vertex 48.976 -6.97603 2.87488
      vertex 48.0058 -7.82691 2.87488
      vertex 48.341 -8.26375 2.08936
    endloop
  endfacet
  facet normal 0.678059 -0.230132 0.698051
    outer loop
      vertex 50.8345 -2.3672 3.61121
      vertex 50.45 -3.50009 3.61121
      vertex 51.1146 -3.7754 2.87488
    endloop
  endfacet
  facet normal 0.578525 0.19635 0.791679
    outer loop
      vertex 50.45 3.50009 3.61121
      vertex 49.6407 3.16488 4.28575
      vertex 50.8345 2.3672 3.61121
    endloop
  endfacet
  facet normal 0.50846 0.0333001 0.860441
    outer loop
      vertex 50.1995 1.07948 4.28575
      vertex 49.1908 0.94668 4.88696
      vertex 49.2528 0 4.88696
    endloop
  endfacet
  facet normal 0.405616 -0.0813491 0.910416
    outer loop
      vertex 48.5155 -0.875 5.19423
      vertex 49.1908 -0.94668 4.88696
      vertex 48.5235 -0.858837 5.19211
    endloop
  endfacet
  facet normal 0.405714 -0.0805472 0.910444
    outer loop
      vertex 48.3884 -1.06533 5.23403
      vertex 49.1908 -0.94668 4.88696
      vertex 48.5155 -0.875 5.19423
    endloop
  endfacet
  facet normal 0.405729 -0.0807115 0.910423
    outer loop
      vertex 49.1908 -0.94668 4.88696
      vertex 48.3884 -1.06533 5.23403
      vertex 49.0057 -1.87716 4.88696
    endloop
  endfacet
  facet normal 0.405471 -0.0809482 0.910517
    outer loop
      vertex 49.0057 -1.87716 4.88696
      vertex 48.3884 -1.06533 5.23403
      vertex 48.341 -1.1193 5.25034
    endloop
  endfacet
  facet normal 0.412818 -0.0270363 0.910412
    outer loop
      vertex 48.7081 -0.363984 5.12314
      vertex 49.1908 -0.94668 4.88696
      vertex 49.2528 0 4.88696
    endloop
  endfacet
  facet normal 0.412781 -0.0270731 0.910428
    outer loop
      vertex 48.6904 -0.452933 5.12852
      vertex 49.1908 -0.94668 4.88696
      vertex 48.7081 -0.363984 5.12314
    endloop
  endfacet
  facet normal 0.412771 -0.0270854 0.910432
    outer loop
      vertex 48.6168 -0.669696 5.15544
      vertex 49.1908 -0.94668 4.88696
      vertex 48.6904 -0.452933 5.12852
    endloop
  endfacet
  facet normal 0.412766 -0.0270984 0.910434
    outer loop
      vertex 49.1908 -0.94668 4.88696
      vertex 48.6168 -0.669696 5.15544
      vertex 48.5235 -0.858837 5.19211
    endloop
  endfacet
  facet normal 0.482484 0.163805 0.860452
    outer loop
      vertex 49.6407 3.16488 4.28575
      vertex 48.7007 2.77553 4.88696
      vertex 49.0057 1.87716 4.88696
    endloop
  endfacet
  facet normal 0.412802 0.0271081 0.910417
    outer loop
      vertex 49.2528 0 4.88696
      vertex 48.735 0.22842 5.11494
      vertex 48.75 0 5.11494
    endloop
  endfacet
  facet normal 0.412699 0.0268193 0.910473
    outer loop
      vertex 48.735 0.22842 5.11494
      vertex 49.2528 0 4.88696
      vertex 48.7081 0.363984 5.12314
    endloop
  endfacet
  facet normal 0.402837 0.459325 0.791671
    outer loop
      vertex 48.4673 6.46732 3.61121
      vertex 47.0346 6.56122 4.28575
      vertex 47.8479 5.84794 4.28575
    endloop
  endfacet
  facet normal 0.177734 -0.893578 0.412224
    outer loop
      vertex 44.7923 -10.421 1.26809
      vertex 43.3596 -10.3271 2.08936
      vertex 43.4082 -10.6963 1.26809
    endloop
  endfacet
  facet normal 0.599203 -0.119218 0.791671
    outer loop
      vertex 50.1995 -1.07948 4.28575
      vertex 49.9884 -2.14049 4.28575
      vertex 50.8345 -2.3672 3.61121
    endloop
  endfacet
  facet normal 0.272764 -0.311018 0.910422
    outer loop
      vertex 46.3213 -4.32132 5.40455
      vertex 45.7203 -4.8484 5.40455
      vertex 47.1285 -5.12851 4.88696
    endloop
  endfacet
  facet normal 0.751832 -0.659354 0
    outer loop
      vertex 49.7615 -7.76152 0.425119
      vertex 50.7082 -6.68204 0
      vertex 50.7082 -6.68204 0.425119
    endloop
  endfacet
  facet normal 0.751832 -0.659354 0
    outer loop
      vertex 50.7082 -6.68204 0
      vertex 49.7615 -7.76152 0.425119
      vertex 49.7615 -7.76152 0
    endloop
  endfacet
  facet normal 0.681335 -0.455214 0.573204
    outer loop
      vertex 51.0207 -5.20812 2.08936
      vertex 49.8269 -6.0058 2.87488
      vertex 50.2638 -6.341 2.08936
    endloop
  endfacet
  facet normal 0.115269 -0.968468 0.220869
    outer loop
      vertex 43.4082 -10.6963 1.26809
      vertex -43.9759 -21.1792 0.907169
      vertex -43.958 -21.3146 0.304124
    endloop
  endfacet
  facet normal 0.431745 -0.875499 0.217019
    outer loop
      vertex 47.3943 -9.34323 1.26809
      vertex 46.1286 -9.9674 1.26809
      vertex 47.4882 -9.50588 0.425119
    endloop
  endfacet
  facet normal 0.0637726 -0.973316 0.220429
    outer loop
      vertex -43.9759 -21.1792 0.907169
      vertex -45 -21.2463 0.907169
      vertex -43.958 -21.3146 0.304124
    endloop
  endfacet
  facet normal -0.0637973 -0.973305 0.22047
    outer loop
      vertex -45 -21.2463 0.907169
      vertex -46.042 -21.3146 0.304124
      vertex -45 -21.3829 0.304124
    endloop
  endfacet
  facet normal -0.980786 -0.195085 0
    outer loop
      vertex -52.7109 -15.4661 0
      vertex -52.9146 -14.442 0.304124
      vertex -52.9146 -14.442 0
    endloop
  endfacet
  facet normal -0.980786 -0.195085 0
    outer loop
      vertex -52.9146 -14.442 0.304124
      vertex -52.7109 -15.4661 0
      vertex -52.7109 -15.4661 0.304124
    endloop
  endfacet
  facet normal 0.0654067 0.997859 -0
    outer loop
      vertex -43.958 21.3146 0
      vertex -45 21.3829 0.304124
      vertex -43.958 21.3146 0.304124
    endloop
  endfacet
  facet normal 0.0654067 0.997859 0
    outer loop
      vertex -45 21.3829 0.304124
      vertex -43.958 21.3146 0
      vertex -45 21.3829 0
    endloop
  endfacet
  facet normal 0.159861 0.803696 0.573164
    outer loop
      vertex 43.3596 10.3271 2.08936
      vertex 43.2877 9.7812 2.87488
      vertex 44.6959 10.0613 2.08936
    endloop
  endfacet
  facet normal 0.263398 0.775953 0.573165
    outer loop
      vertex 45.9861 9.62334 2.08936
      vertex 44.6959 10.0613 2.08936
      vertex 45.7754 9.11463 2.87488
    endloop
  endfacet
  facet normal 0.431746 0.875499 0.21702
    outer loop
      vertex 46.2005 10.1409 0.425119
      vertex 46.1286 9.9674 1.26809
      vertex 47.4882 9.50588 0.425119
    endloop
  endfacet
  facet normal 0.177739 0.893574 0.412231
    outer loop
      vertex 44.7923 10.421 1.26809
      vertex 43.3596 10.3271 2.08936
      vertex 44.6959 10.0613 2.08936
    endloop
  endfacet
  facet normal 0.540274 0.616075 0.573197
    outer loop
      vertex 49.3654 7.36539 2.08936
      vertex 48.341 8.26375 2.08936
      vertex 48.976 6.97603 2.87488
    endloop
  endfacet
  facet normal 0.313772 0.924368 0.217006
    outer loop
      vertex 44.8409 10.6024 0.425119
      vertex 44.7923 10.421 1.26809
      vertex 46.1286 9.9674 1.26809
    endloop
  endfacet
  facet normal 0.339445 0.507991 0.791658
    outer loop
      vertex 47.5678 7.25614 3.61121
      vertex 46.5731 7.92081 3.61121
      vertex 47.0346 6.56122 4.28575
    endloop
  endfacet
  facet normal 0.402832 0.459354 0.791657
    outer loop
      vertex 47.5678 7.25614 3.61121
      vertex 47.0346 6.56122 4.28575
      vertex 48.4673 6.46732 3.61121
    endloop
  endfacet
  facet normal 0.196388 0.578535 0.791662
    outer loop
      vertex 44.3672 8.83452 3.61121
      vertex 44.1405 7.98844 4.28575
      vertex 45.1649 7.6407 4.28575
    endloop
  endfacet
  facet normal 0.0144666 0.237723 0.971225
    outer loop
      vertex 42 4.86518 5.82967
      vertex -45 16.9383 4.17046
      vertex 42 3.53583 6.15505
    endloop
  endfacet
  facet normal 0.103991 0.306339 0.946225
    outer loop
      vertex 43.5817 5.90304 5.40455
      vertex 43.2592 4.6994 5.82967
      vertex 43.8618 4.49484 5.82967
    endloop
  endfacet
  facet normal 0.213679 0.105348 0.971207
    outer loop
      vertex 46.2134 2.43259 5.82967
      vertex 45.2667 1.3531 6.15505
      vertex 46.4948 1.86182 5.82967
    endloop
  endfacet
  facet normal 0.402956 0.81712 0.412239
    outer loop
      vertex 46.1286 9.9674 1.26809
      vertex 45.9861 9.62334 2.08936
      vertex 47.2081 9.02072 2.08936
    endloop
  endfacet
  facet normal 0.313766 0.924368 0.217015
    outer loop
      vertex 46.2005 10.1409 0.425119
      vertex 44.8409 10.6024 0.425119
      vertex 46.1286 9.9674 1.26809
    endloop
  endfacet
  facet normal 0.118532 0.99295 -0
    outer loop
      vertex 43.4327 10.8825 0
      vertex -43.958 21.3146 0.304124
      vertex 43.4327 10.8825 0.425119
    endloop
  endfacet
  facet normal 0.118532 0.99295 0
    outer loop
      vertex -43.958 21.3146 0.304124
      vertex 43.4327 10.8825 0
      vertex -43.958 21.3146 0
    endloop
  endfacet
  facet normal 0.540306 0.616073 0.573169
    outer loop
      vertex 48.341 8.26375 2.08936
      vertex 48.0058 7.82691 2.87488
      vertex 48.976 6.97603 2.87488
    endloop
  endfacet
  facet normal 0.472117 0.538323 0.698079
    outer loop
      vertex 48.976 6.97603 2.87488
      vertex 48.0058 7.82691 2.87488
      vertex 48.4673 6.46732 3.61121
    endloop
  endfacet
  facet normal 0.542327 0.81166 0.217001
    outer loop
      vertex 48.682 8.7082 0.425119
      vertex 47.3943 9.34323 1.26809
      vertex 48.5677 8.5592 1.26809
    endloop
  endfacet
  facet normal 0.97408 0.0638457 0.217009
    outer loop
      vertex 52.9764 0 0.425119
      vertex 52.6963 1.4082 1.26809
      vertex 52.7886 0 1.26809
    endloop
  endfacet
  facet normal 0.681341 0.455286 0.57314
    outer loop
      vertex 51.0207 5.20812 2.08936
      vertex 49.8269 6.0058 2.87488
      vertex 50.5439 4.9328 2.87488
    endloop
  endfacet
  facet normal 0.803668 -0.159885 0.573197
    outer loop
      vertex 51.7812 -1.28772 2.87488
      vertex 51.5294 -2.5534 2.87488
      vertex 52.0613 -2.69592 2.08936
    endloop
  endfacet
  facet normal -0.140959 -0.285912 0.947832
    outer loop
      vertex -46.354 -16.669 4.17046
      vertex -46.7692 -16.4643 4.17046
      vertex -46.7009 -17.5062 3.86633
    endloop
  endfacet
  facet normal -0.0100883 -0.153893 0.988036
    outer loop
      vertex -45.2037 -14.9474 4.56065
      vertex -45.3356 -15.9495 4.40322
      vertex -45 -15.9715 4.40322
    endloop
  endfacet
  facet normal 0.0151636 -0.0762334 0.996975
    outer loop
      vertex 42.5554 -2.07287 6.3751
      vertex 42.1862 -0.69492 6.48608
      vertex 42.2801 -2.12763 6.3751
    endloop
  endfacet
  facet normal -0.0172909 -0.0258908 0.999515
    outer loop
      vertex 41.562 -0.570765 6.48608
      vertex -45.3185 -13.8151 4.64004
      vertex -45.2616 -13.8531 4.64004
    endloop
  endfacet
  facet normal -0.0180908 -0.0206581 0.999623
    outer loop
      vertex 41.562 -0.570765 6.48608
      vertex -45.37 -13.77 4.64004
      vertex -45.3185 -13.8151 4.64004
    endloop
  endfacet
  facet normal -0.151228 -0.0301399 0.988039
    outer loop
      vertex -46.5474 -13.6037 4.56065
      vertex -47.4839 -14.0656 4.40322
      vertex -46.5075 -13.8039 4.56065
    endloop
  endfacet
  facet normal -0.0724095 -0.0245608 0.997073
    outer loop
      vertex -45.4834 -13.6002 4.64004
      vertex -46.5075 -13.8039 4.56065
      vertex -46.4419 -13.9973 4.56065
    endloop
  endfacet
  facet normal -0.0206316 -0.00408943 0.999779
    outer loop
      vertex 41.3051 -0.186203 6.48608
      vertex -45.5187 -13.4683 4.64004
      vertex -45.5054 -13.5354 4.64004
    endloop
  endfacet
  facet normal -0.502212 -0.0328795 0.864119
    outer loop
      vertex -50.2296 -14.0885 3.49605
      vertex -51.0147 -13.4 3.06596
      vertex -50.9633 -14.1851 3.06596
    endloop
  endfacet
  facet normal -0.502273 -0.0329742 0.86408
    outer loop
      vertex -50.2748 -13.4 3.49605
      vertex -51.0147 -13.4 3.06596
      vertex -50.2296 -14.0885 3.49605
    endloop
  endfacet
  facet normal -0.813237 -0.0532947 0.579487
    outer loop
      vertex -52.1136 -14.3365 2.05664
      vertex -52.5754 -13.4 1.49469
      vertex -52.5106 -14.3888 1.49469
    endloop
  endfacet
  facet normal -0.906504 -0.059395 0.418
    outer loop
      vertex -52.5106 -14.3888 1.49469
      vertex -52.8463 -13.4 0.907169
      vertex -52.7792 -14.4241 0.907169
    endloop
  endfacet
  facet normal 0.105361 0.213665 0.971209
    outer loop
      vertex 43.8618 4.49484 5.82967
      vertex 43.3531 3.26668 6.15505
      vertex 44.4326 4.21337 5.82967
    endloop
  endfacet
  facet normal -0.0245807 0.0724013 0.997073
    outer loop
      vertex -45.1354 13.9054 4.64004
      vertex -45.5973 14.8419 4.56065
      vertex -45.2002 13.8834 4.64004
    endloop
  endfacet
  facet normal -0.101681 0.115958 0.988036
    outer loop
      vertex -45.9501 14.6382 4.56065
      vertex -46.8183 15.2183 4.40322
      vertex -46.1036 14.5036 4.56065
    endloop
  endfacet
  facet normal -0.0424814 0.0635723 0.997073
    outer loop
      vertex -45.7804 14.7516 4.56065
      vertex -45.9501 14.6382 4.56065
      vertex -45.3185 13.8151 4.64004
    endloop
  endfacet
  facet normal -0.0685728 -0.0338183 0.997073
    outer loop
      vertex -45.4531 -13.6616 4.64004
      vertex -46.4419 -13.9973 4.56065
      vertex -46.3516 -14.1804 4.56065
    endloop
  endfacet
  facet normal -0.0635852 -0.0424646 0.997073
    outer loop
      vertex -45.4531 -13.6616 4.64004
      vertex -46.2382 -14.3501 4.56065
      vertex -45.4151 -13.7185 4.64004
    endloop
  endfacet
  facet normal -0.407189 -0.0267435 0.912952
    outer loop
      vertex -49.4446 -13.4 3.86633
      vertex -50.2748 -13.4 3.49605
      vertex -49.4065 -13.9801 3.86633
    endloop
  endfacet
  facet normal -0.138304 -0.0682123 0.988038
    outer loop
      vertex -46.4419 -13.9973 4.56065
      vertex -47.3758 -14.3841 4.40322
      vertex -47.227 -14.6858 4.40322
    endloop
  endfacet
  facet normal -0.115947 0.101688 0.988036
    outer loop
      vertex -46.8183 15.2183 4.40322
      vertex -47.0401 14.9654 4.40322
      vertex -46.2382 14.3501 4.56065
    endloop
  endfacet
  facet normal -0.0724052 0.024582 0.997072
    outer loop
      vertex -45.4834 13.6002 4.64004
      vertex -46.5075 13.8039 4.56065
      vertex -45.5054 13.5354 4.64004
    endloop
  endfacet
  facet normal 0.0329742 0.502273 0.86408
    outer loop
      vertex -45 19.4147 3.06596
      vertex -45 18.6748 3.49605
      vertex -44.3115 18.6296 3.49605
    endloop
  endfacet
  facet normal 0.0328795 0.502212 0.864119
    outer loop
      vertex -44.2149 19.3633 3.06596
      vertex -45 19.4147 3.06596
      vertex -44.3115 18.6296 3.49605
    endloop
  endfacet
  facet normal -0.0208694 0.318069 0.947838
    outer loop
      vertex -45 17.8446 3.86633
      vertex -45.4618 16.908 4.17046
      vertex -45 16.9383 4.17046
    endloop
  endfacet
  facet normal -0.0153559 0.234038 0.972106
    outer loop
      vertex -45 16.9383 4.17046
      vertex -45.4618 16.908 4.17046
      vertex -45 15.9715 4.40322
    endloop
  endfacet
  facet normal -0.313566 0.923605 0.220522
    outer loop
      vertex -47.0661 21.1109 0.304124
      vertex -48.0549 20.7752 0.304124
      vertex -47.0308 20.9789 0.907169
    endloop
  endfacet
  facet normal 0.0533197 0.813255 0.57946
    outer loop
      vertex -45 20.9754 1.49469
      vertex -45 20.575 2.05664
      vertex -44.0635 20.5136 2.05664
    endloop
  endfacet
  facet normal 0.0532947 0.813237 0.579487
    outer loop
      vertex -44.0112 20.9106 1.49469
      vertex -45 20.9754 1.49469
      vertex -44.0635 20.5136 2.05664
    endloop
  endfacet
  facet normal -0.0533197 0.813255 0.57946
    outer loop
      vertex -45 20.9754 1.49469
      vertex -45.9365 20.5136 2.05664
      vertex -45 20.575 2.05664
    endloop
  endfacet
  facet normal 0.046449 0.708734 0.703945
    outer loop
      vertex -45 20.575 2.05664
      vertex -45 20.0518 2.5834
      vertex -44.1318 19.9949 2.5834
    endloop
  endfacet
  facet normal 0.230156 0.678013 0.698088
    outer loop
      vertex 45.7754 9.11463 2.87488
      vertex 44.3672 8.83452 3.61121
      vertex 45.5001 8.44995 3.61121
    endloop
  endfacet
  facet normal 0.139686 0.702256 0.698086
    outer loop
      vertex 44.5534 9.52944 2.87488
      vertex 43.2877 9.7812 2.87488
      vertex 44.3672 8.83452 3.61121
    endloop
  endfacet
  facet normal -0.228317 0.672544 0.703958
    outer loop
      vertex -46.7216 19.8251 2.5834
      vertex -47.7457 20.0288 2.05664
      vertex -47.5455 19.5454 2.5834
    endloop
  endfacet
  facet normal -0.335941 0.50273 0.796497
    outer loop
      vertex -48.3259 19.1606 2.5834
      vertex -49.0493 18.6772 2.5834
      vertex -48.6615 18.1718 3.06596
    endloop
  endfacet
  facet normal -0.502726 -0.335945 0.796497
    outer loop
      vertex -50.2089 -16.4074 3.06596
      vertex -50.2772 -17.4493 2.5834
      vertex -49.7718 -17.0615 3.06596
    endloop
  endfacet
  facet normal -0.593039 -0.117978 0.796484
    outer loop
      vertex -50.9633 -14.1851 3.06596
      vertex -51.4251 -15.1216 2.5834
      vertex -50.8098 -14.9567 3.06596
    endloop
  endfacet
  facet normal -0.468261 -0.533966 0.703997
    outer loop
      vertex -49.0493 -18.6772 2.5834
      vertex -49.7035 -18.1035 2.5834
      vertex -49.3679 -19.0923 2.05664
    endloop
  endfacet
  facet normal -0.394573 -0.590573 0.703943
    outer loop
      vertex -48.3259 -19.1606 2.5834
      vertex -49.3679 -19.0923 2.05664
      vertex -48.5875 -19.6137 2.05664
    endloop
  endfacet
  facet normal -0.572565 -0.194376 0.796485
    outer loop
      vertex -50.8098 -14.9567 3.06596
      vertex -51.4251 -15.1216 2.5834
      vertex -51.1454 -15.9455 2.5834
    endloop
  endfacet
  facet normal -0.672543 -0.228318 0.703958
    outer loop
      vertex -51.1454 -15.9455 2.5834
      vertex -51.9305 -15.257 2.05664
      vertex -51.6288 -16.1457 2.05664
    endloop
  endfacet
  facet normal -0.956648 -0.190341 0.220443
    outer loop
      vertex -52.7792 -14.4241 0.907169
      vertex -52.9146 -14.442 0.304124
      vertex -52.5789 -15.4308 0.907169
    endloop
  endfacet
  facet normal -0.860292 -0.292046 0.417859
    outer loop
      vertex -51.9988 -16.299 1.49469
      vertex -52.5789 -15.4308 0.907169
      vertex -52.249 -16.4026 0.907169
    endloop
  endfacet
  facet normal -0.973305 -0.0637973 0.22047
    outer loop
      vertex -52.8463 -13.4 0.907169
      vertex -52.9829 -13.4 0.304124
      vertex -52.9146 -14.442 0.304124
    endloop
  endfacet
  facet normal -0.504707 -0.755378 0.417941
    outer loop
      vertex -48.7877 -19.9605 1.49469
      vertex -49.7765 -19.6249 0.907169
      vertex -48.9231 -20.1951 0.907169
    endloop
  endfacet
  facet normal -0.555584 -0.831461 0
    outer loop
      vertex -49.8597 -19.7332 0
      vertex -48.9914 -20.3134 0.304124
      vertex -49.8597 -19.7332 0.304124
    endloop
  endfacet
  facet normal -0.555584 -0.831461 -0
    outer loop
      vertex -48.9914 -20.3134 0.304124
      vertex -49.8597 -19.7332 0
      vertex -48.9914 -20.3134 0
    endloop
  endfacet
  facet normal -0.431382 -0.874815 0.220471
    outer loop
      vertex -48.9231 -20.1951 0.907169
      vertex -48.9914 -20.3134 0.304124
      vertex -48.0549 -20.7752 0.304124
    endloop
  endfacet
  facet normal -0.3141 -0.637015 0.703956
    outer loop
      vertex -47.5455 -19.5454 2.5834
      vertex -48.3259 -19.1606 2.5834
      vertex -47.7457 -20.0288 2.05664
    endloop
  endfacet
  facet normal 0.11919 -0.599218 0.791663
    outer loop
      vertex 44.3672 -8.83452 3.61121
      vertex 43.0795 -8.19948 4.28575
      vertex 43.1938 -9.06792 3.61121
    endloop
  endfacet
  facet normal 0.455251 -0.681339 0.57317
    outer loop
      vertex 48.0058 -7.82691 2.87488
      vertex 47.2081 -9.02072 2.08936
      vertex 48.341 -8.26375 2.08936
    endloop
  endfacet
  facet normal 0.0799297 -0.705057 0.704632
    outer loop
      vertex 43.1938 -9.06792 3.61121
      vertex -44.1318 -19.9949 2.5834
      vertex -44.0635 -20.5136 2.05664
    endloop
  endfacet
  facet normal 0.225357 -0.456987 0.860452
    outer loop
      vertex 45.6264 -6.28111 4.88696
      vertex 44.7755 -6.70072 4.88696
      vertex 45.1649 -7.6407 4.28575
    endloop
  endfacet
  facet normal 0.270222 -0.547944 0.791667
    outer loop
      vertex 46.1351 -7.16224 4.28575
      vertex 45.1649 -7.6407 4.28575
      vertex 46.5731 -7.92081 3.61121
    endloop
  endfacet
  facet normal -0.0495357 -0.14604 0.988038
    outer loop
      vertex -45.5973 -14.8419 4.56065
      vertex -45.9841 -15.7758 4.40322
      vertex -45.4039 -14.9075 4.56065
    endloop
  endfacet
  facet normal -0.285907 -0.140991 0.947828
    outer loop
      vertex -48.269 -14.7541 4.17046
      vertex -48.8491 -15.6223 3.86633
      vertex -48.0643 -15.1692 4.17046
    endloop
  endfacet
  facet normal -0.733376 -0.643094 0.220431
    outer loop
      vertex -51.2249 -18.1765 0.907169
      vertex -51.3332 -18.2597 0.304124
      vertex -50.5482 -18.9482 0.907169
    endloop
  endfacet
  facet normal -0.401857 -0.814807 0.417852
    outer loop
      vertex -47.899 -20.3988 1.49469
      vertex -48.7877 -19.9605 1.49469
      vertex -48.0026 -20.649 0.907169
    endloop
  endfacet
  facet normal -0.313566 -0.923605 0.220522
    outer loop
      vertex -47.0308 -20.9789 0.907169
      vertex -48.0549 -20.7752 0.304124
      vertex -47.0661 -21.1109 0.304124
    endloop
  endfacet
  facet normal -0.313545 -0.923622 0.22048
    outer loop
      vertex -48.0026 -20.649 0.907169
      vertex -48.0549 -20.7752 0.304124
      vertex -47.0308 -20.9789 0.907169
    endloop
  endfacet
  facet normal -0.452748 -0.677646 0.579496
    outer loop
      vertex -48.5875 -19.6137 2.05664
      vertex -49.3679 -19.0923 2.05664
      vertex -48.7877 -19.9605 1.49469
    endloop
  endfacet
  facet normal 0.046449 -0.708734 0.703945
    outer loop
      vertex -45 -20.0518 2.5834
      vertex -45 -20.575 2.05664
      vertex -44.1318 -19.9949 2.5834
    endloop
  endfacet
  facet normal -0.378408 0.331937 0.864075
    outer loop
      vertex -48.7298 17.1298 3.49605
      vertex -49.7718 17.0615 3.06596
      vertex -49.1848 16.6111 3.49605
    endloop
  endfacet
  facet normal -0.45278 0.677649 0.579467
    outer loop
      vertex -48.7877 19.9605 1.49469
      vertex -49.6116 19.41 1.49469
      vertex -49.3679 19.0923 2.05664
    endloop
  endfacet
  facet normal -0.733339 0.64319 0.220274
    outer loop
      vertex -50.6447 19.0447 0.304124
      vertex -51.3332 18.2597 0.304124
      vertex -50.5482 18.9482 0.907169
    endloop
  endfacet
  facet normal -0.18045 0.365987 0.912957
    outer loop
      vertex -47.0186 18.2732 3.49605
      vertex -47.6374 17.9681 3.49605
      vertex -47.2223 17.2491 3.86633
    endloop
  endfacet
  facet normal -0.0753828 0.222104 0.972105
    outer loop
      vertex -45.6656 15.8839 4.40322
      vertex -46.354 16.669 4.17046
      vertex -45.9841 15.7758 4.40322
    endloop
  endfacet
  facet normal -0.021051 0.00136746 0.999777
    outer loop
      vertex 41.2867 0.0939045 6.48608
      vertex -45.5232 13.4 4.64004
      vertex 41.2806 0 6.48608
    endloop
  endfacet
  facet normal 0.069715 -0.0343641 0.996975
    outer loop
      vertex 43.9826 -0.821236 6.3751
      vertex 42.623 -0.359716 6.48608
      vertex 43.8585 -1.073 6.3751
    endloop
  endfacet
  facet normal 0.013879 -0.234043 0.972127
    outer loop
      vertex -45 -15.9715 4.40322
      vertex -45 -16.9383 4.17046
      vertex 42 -3.53583 6.15505
    endloop
  endfacet
  facet normal 0.0144666 -0.237723 0.971225
    outer loop
      vertex 42 -3.53583 6.15505
      vertex -45 -16.9383 4.17046
      vertex 42 -4.86518 5.82967
    endloop
  endfacet
  facet normal 0.0807071 -0.405735 0.91042
    outer loop
      vertex 43.5817 -5.90304 5.40455
      vertex 42.7977 -6.05899 5.40455
      vertex 43.8772 -7.00567 4.88696
    endloop
  endfacet
  facet normal 0.0631072 -0.31729 0.946227
    outer loop
      vertex 43.2592 -4.6994 5.82967
      vertex 42.635 -4.82355 5.82967
      vertex 42.7977 -6.05899 5.40455
    endloop
  endfacet
  facet normal 0.0646231 0.0431928 0.996975
    outer loop
      vertex 43.7025 1.3064 6.3751
      vertex 42.5708 0.437963 6.48608
      vertex 43.8585 1.073 6.3751
    endloop
  endfacet
  facet normal 0.0693039 -0.14055 0.987645
    outer loop
      vertex 43.073 -1.85848 6.3751
      vertex 42.8212 -1.98264 6.3751
      vertex 43.7679 -3.06212 6.15505
    endloop
  endfacet
  facet normal 0.0762351 -0.0151464 0.996975
    outer loop
      vertex 44.1276 -0.280107 6.3751
      vertex 42.6949 -0.186203 6.48608
      vertex 44.0729 -0.555424 6.3751
    endloop
  endfacet
  facet normal 0.130289 0.0870826 0.987644
    outer loop
      vertex 45.0621 1.76792 6.15505
      vertex 43.7025 1.3064 6.3751
      vertex 43.8585 1.073 6.3751
    endloop
  endfacet
  facet normal 0.0584381 0.0512528 0.996974
    outer loop
      vertex 43.5174 1.51745 6.3751
      vertex 42.5708 0.437963 6.48608
      vertex 43.7025 1.3064 6.3751
    endloop
  endfacet
  facet normal 0.213297 0.243238 0.946224
    outer loop
      vertex 46.3213 4.32132 5.40455
      vertex 44.9617 3.8598 5.82967
      vertex 45.4402 3.4402 5.82967
    endloop
  endfacet
  facet normal 0.0646534 -0.0431315 0.996975
    outer loop
      vertex 42.623 -0.359716 6.48608
      vertex 42.5708 -0.437963 6.48608
      vertex 43.8585 -1.073 6.3751
    endloop
  endfacet
  facet normal 0.156376 -0.0102722 0.987644
    outer loop
      vertex 44.146 0 6.3751
      vertex 44.1276 -0.280107 6.3751
      vertex 45.5358 0 6.15505
    endloop
  endfacet
  facet normal 0.335952 -0.383091 0.860452
    outer loop
      vertex 47.1285 -5.12851 4.88696
      vertex 46.4152 -5.75404 4.88696
      vertex 47.0346 -6.56122 4.28575
    endloop
  endfacet
  facet normal 0.27276 -0.311032 0.910418
    outer loop
      vertex 47.1285 -5.12851 4.88696
      vertex 45.7203 -4.8484 5.40455
      vertex 46.4152 -5.75404 4.88696
    endloop
  endfacet
  facet normal 0.13234 -0.198085 0.97121
    outer loop
      vertex 44.1525 -2.80517 6.15505
      vertex 43.7679 -3.06212 6.15505
      vertex 44.4326 -4.21337 5.82967
    endloop
  endfacet
  facet normal 0.105367 -0.213659 0.971209
    outer loop
      vertex 43.7679 -3.06212 6.15505
      vertex 43.3531 -3.26668 6.15505
      vertex 44.4326 -4.21337 5.82967
    endloop
  endfacet
  facet normal 0.306399 -0.104043 0.9462
    outer loop
      vertex 47.6697 -1.61679 5.47624
      vertex 47.903 -1.58171 5.40455
      vertex 47.7979 -1.55355 5.44168
    endloop
  endfacet
  facet normal 0.306467 -0.104687 0.946107
    outer loop
      vertex 47.903 -1.58171 5.40455
      vertex 47.6697 -1.61679 5.47624
      vertex 47.589 -1.64418 5.49935
    endloop
  endfacet
  facet normal 0.306339 -0.103982 0.946226
    outer loop
      vertex 46.6994 -1.2592 5.82967
      vertex 47.09 -1.74344 5.65
      vertex 47.2081 -1.39551 5.65
    endloop
  endfacet
  facet normal 0.306319 -0.104001 0.946231
    outer loop
      vertex 47.09 -1.74344 5.65
      vertex 46.6994 -1.2592 5.82967
      vertex 46.4948 -1.86182 5.82967
    endloop
  endfacet
  facet normal 0.153692 -0.0305606 0.987646
    outer loop
      vertex 45.5056 -0.461518 6.15505
      vertex 44.1276 -0.280107 6.3751
      vertex 45.4154 -0.915141 6.15505
    endloop
  endfacet
  facet normal 0.243232 -0.213305 0.946224
    outer loop
      vertex 45.8598 -2.96173 5.82967
      vertex 45.4402 -3.4402 5.82967
      vertex 46.3213 -4.32132 5.40455
    endloop
  endfacet
  facet normal 0.24322 -0.21331 0.946226
    outer loop
      vertex 46.8484 -3.72031 5.40455
      vertex 45.8598 -2.96173 5.82967
      vertex 46.3213 -4.32132 5.40455
    endloop
  endfacet
  facet normal 0.0735946 0.0250011 0.996975
    outer loop
      vertex 43.9826 0.821236 6.3751
      vertex 42.6949 0.186203 6.48608
      vertex 44.0729 0.555424 6.3751
    endloop
  endfacet
  facet normal 0.343971 -0.229825 0.91042
    outer loop
      vertex 47.2925 -3.05564 5.40455
      vertex 46.8484 -3.72031 5.40455
      vertex 48.2811 -3.6264 4.88696
    endloop
  endfacet
  facet normal 0.499764 -0.0994338 0.860435
    outer loop
      vertex 50.1995 -1.07948 4.28575
      vertex 49.0057 -1.87716 4.88696
      vertex 49.9884 -2.14049 4.28575
    endloop
  endfacet
  facet normal 0.595315 0.397801 0.698108
    outer loop
      vertex 50.5439 4.9328 2.87488
      vertex 49.8269 6.0058 2.87488
      vertex 49.9208 4.57308 3.61121
    endloop
  endfacet
  facet normal 0.595322 0.397799 0.698103
    outer loop
      vertex 49.8269 6.0058 2.87488
      vertex 49.2561 5.56783 3.61121
      vertex 49.9208 4.57308 3.61121
    endloop
  endfacet
  facet normal 0.306339 0.103982 0.946226
    outer loop
      vertex 47.09 1.74344 5.65
      vertex 46.6994 1.2592 5.82967
      vertex 47.2081 1.39551 5.65
    endloop
  endfacet
  facet normal 0.306319 0.104001 0.946231
    outer loop
      vertex 46.6994 1.2592 5.82967
      vertex 47.09 1.74344 5.65
      vertex 46.4948 1.86182 5.82967
    endloop
  endfacet
  facet normal 0.306399 0.104043 0.9462
    outer loop
      vertex 47.903 1.58171 5.40455
      vertex 47.6697 1.61679 5.47624
      vertex 47.7979 1.55355 5.44168
    endloop
  endfacet
  facet normal 0.306467 0.104687 0.946107
    outer loop
      vertex 47.6697 1.61679 5.47624
      vertex 47.903 1.58171 5.40455
      vertex 47.589 1.64418 5.49935
    endloop
  endfacet
  facet normal 0.507989 0.33942 0.79167
    outer loop
      vertex 49.9208 4.57308 3.61121
      vertex 48.5612 5.0346 4.28575
      vertex 49.1622 4.13512 4.28575
    endloop
  endfacet
  facet normal 0.391721 0.132942 0.910429
    outer loop
      vertex 49.0057 1.87716 4.88696
      vertex 47.6461 2.33868 5.40455
      vertex 47.903 1.58171 5.40455
    endloop
  endfacet
  facet normal 0.237711 -0.0155721 0.971211
    outer loop
      vertex 46.8652 0 5.82967
      vertex 45.5358 0 6.15505
      vertex 46.8236 -0.635033 5.82967
    endloop
  endfacet
  facet normal 0.599233 -0.119194 0.791652
    outer loop
      vertex 51.0679 -1.19381 3.61121
      vertex 50.1995 -1.07948 4.28575
      vertex 50.8345 -2.3672 3.61121
    endloop
  endfacet
  facet normal 0.609661 0.0399867 0.791653
    outer loop
      vertex 51.0679 1.19381 3.61121
      vertex 50.1995 1.07948 4.28575
      vertex 51.1462 0 3.61121
    endloop
  endfacet
  facet normal 0.322839 -0.021163 0.946217
    outer loop
      vertex 47.3918 0 5.65
      vertex 46.8652 0 5.82967
      vertex 47.3697 -0.337132 5.65
    endloop
  endfacet
  facet normal 0.153692 0.0305606 0.987646
    outer loop
      vertex 45.4154 0.915141 6.15505
      vertex 44.1276 0.280107 6.3751
      vertex 45.5056 0.461518 6.15505
    endloop
  endfacet
  facet normal 0.213647 -0.105376 0.971211
    outer loop
      vertex 45.2667 -1.3531 6.15505
      vertex 45.0621 -1.76792 6.15505
      vertex 46.2134 -2.43259 5.82967
    endloop
  endfacet
  facet normal 0.198087 -0.132329 0.971211
    outer loop
      vertex 45.0621 -1.76792 6.15505
      vertex 44.8052 -2.15248 6.15505
      vertex 46.2134 -2.43259 5.82967
    endloop
  endfacet
  facet normal 0.678026 -0.230152 0.698076
    outer loop
      vertex 51.5294 -2.5534 2.87488
      vertex 50.8345 -2.3672 3.61121
      vertex 51.1146 -3.7754 2.87488
    endloop
  endfacet
  facet normal 0.555574 -0.831467 0
    outer loop
      vertex 47.4882 -9.50588 0
      vertex 48.682 -8.7082 0.425119
      vertex 47.4882 -9.50588 0.425119
    endloop
  endfacet
  facet normal 0.555574 -0.831467 0
    outer loop
      vertex 48.682 -8.7082 0.425119
      vertex 47.4882 -9.50588 0
      vertex 48.682 -8.7082 0
    endloop
  endfacet
  facet normal 0.507989 -0.33942 0.79167
    outer loop
      vertex 49.1622 -4.13512 4.28575
      vertex 48.5612 -5.0346 4.28575
      vertex 49.9208 -4.57308 3.61121
    endloop
  endfacet
  facet normal 0.268998 -0.179732 0.946222
    outer loop
      vertex 47.2925 -3.05564 5.40455
      vertex 46.2134 -2.43259 5.82967
      vertex 46.8484 -3.72031 5.40455
    endloop
  endfacet
  facet normal 0.909126 0.0595883 0.412238
    outer loop
      vertex 52.6963 1.4082 1.26809
      vertex 52.4162 0 2.08936
      vertex 52.7886 0 1.26809
    endloop
  endfacet
  facet normal 0.343971 -0.229843 0.910416
    outer loop
      vertex 48.2811 -3.6264 4.88696
      vertex 46.8484 -3.72031 5.40455
      vertex 47.754 -4.41523 4.88696
    endloop
  endfacet
  facet normal 0.423665 -0.283077 0.860451
    outer loop
      vertex 49.1622 -4.13512 4.28575
      vertex 47.754 -4.41523 4.88696
      vertex 48.5612 -5.0346 4.28575
    endloop
  endfacet
  facet normal 0.957415 -0.190432 0.217009
    outer loop
      vertex 52.6963 -1.4082 1.26809
      vertex 52.421 -2.7923 1.26809
      vertex 52.6024 -2.84091 0.425119
    endloop
  endfacet
  facet normal 0.316688 -0.642175 0.698083
    outer loop
      vertex 46.5731 -7.92081 3.61121
      vertex 45.7754 -9.11463 2.87488
      vertex 46.9328 -8.54386 2.87488
    endloop
  endfacet
  facet normal 0.643629 -0.733931 0.216997
    outer loop
      vertex 49.7615 -7.76152 0.425119
      vertex 48.5677 -8.5592 1.26809
      vertex 48.682 -8.7082 0.425119
    endloop
  endfacet
  facet normal 0.0593955 -0.906511 0.417983
    outer loop
      vertex -45 -20.9754 1.49469
      vertex -45 -21.2463 0.907169
      vertex -43.9759 -21.1792 0.907169
    endloop
  endfacet
  facet normal -0.0593955 -0.906511 0.417983
    outer loop
      vertex -45 -20.9754 1.49469
      vertex -46.0241 -21.1792 0.907169
      vertex -45 -21.2463 0.907169
    endloop
  endfacet
  facet normal 0.118532 -0.99295 0
    outer loop
      vertex -43.958 -21.3146 0
      vertex 43.4327 -10.8825 0.425119
      vertex -43.958 -21.3146 0.304124
    endloop
  endfacet
  facet normal 0.118532 -0.99295 0
    outer loop
      vertex 43.4327 -10.8825 0.425119
      vertex -43.958 -21.3146 0
      vertex 43.4327 -10.8825 0
    endloop
  endfacet
  facet normal -0.537386 0.612766 0.579425
    outer loop
      vertex -49.3679 19.0923 2.05664
      vertex -50.3566 18.7566 1.49469
      vertex -50.0735 18.4735 2.05664
    endloop
  endfacet
  facet normal 0.506161 0.757535 0.41224
    outer loop
      vertex 48.5677 8.5592 1.26809
      vertex 47.3943 9.34323 1.26809
      vertex 48.341 8.26375 2.08936
    endloop
  endfacet
  facet normal 0.292853 0.862725 0.412241
    outer loop
      vertex 46.1286 9.9674 1.26809
      vertex 44.6959 10.0613 2.08936
      vertex 45.9861 9.62334 2.08936
    endloop
  endfacet
  facet normal 0.190432 0.957415 0.217006
    outer loop
      vertex 44.8409 10.6024 0.425119
      vertex 43.4082 10.6963 1.26809
      vertex 44.7923 10.421 1.26809
    endloop
  endfacet
  facet normal 0.862735 0.292844 0.412227
    outer loop
      vertex 52.421 2.7923 1.26809
      vertex 51.9674 4.12863 1.26809
      vertex 52.0613 2.69592 2.08936
    endloop
  endfacet
  facet normal 0.757554 0.506159 0.412207
    outer loop
      vertex 50.5592 6.56771 1.26809
      vertex 50.2638 6.341 2.08936
      vertex 51.3432 5.39432 1.26809
    endloop
  endfacet
  facet normal 0.0526988 0.506132 0.860845
    outer loop
      vertex 43.0795 8.19948 4.28575
      vertex -44.2149 19.3633 3.06596
      vertex 42.9467 7.19075 4.88696
    endloop
  endfacet
  facet normal 0.0517594 0.499952 0.864505
    outer loop
      vertex -44.2149 19.3633 3.06596
      vertex -44.3115 18.6296 3.49605
      vertex 42.9467 7.19075 4.88696
    endloop
  endfacet
  facet normal 0.27276 0.311032 0.910418
    outer loop
      vertex 46.4152 5.75404 4.88696
      vertex 45.7203 4.8484 5.40455
      vertex 47.1285 5.12851 4.88696
    endloop
  endfacet
  facet normal 0.0394001 0.411285 0.910655
    outer loop
      vertex 42.9467 7.19075 4.88696
      vertex -44.3115 18.6296 3.49605
      vertex 42.7977 6.05899 5.40455
    endloop
  endfacet
  facet normal 0.383093 0.335973 0.860443
    outer loop
      vertex 47.8479 5.84794 4.28575
      vertex 47.1285 5.12851 4.88696
      vertex 48.5612 5.0346 4.28575
    endloop
  endfacet
  facet normal 0.459329 0.402832 0.791672
    outer loop
      vertex 48.4673 6.46732 3.61121
      vertex 47.8479 5.84794 4.28575
      vertex 48.5612 5.0346 4.28575
    endloop
  endfacet
  facet normal 0.321426 0.946935 -0
    outer loop
      vertex 46.2005 10.1409 0
      vertex 44.8409 10.6024 0.425119
      vertex 46.2005 10.1409 0.425119
    endloop
  endfacet
  facet normal 0.321426 0.946935 0
    outer loop
      vertex 44.8409 10.6024 0.425119
      vertex 46.2005 10.1409 0
      vertex 44.8409 10.6024 0
    endloop
  endfacet
  facet normal 0.924369 0.313765 0.217009
    outer loop
      vertex 52.6024 2.84091 0.425119
      vertex 51.9674 4.12863 1.26809
      vertex 52.421 2.7923 1.26809
    endloop
  endfacet
  facet normal 0.817114 0.402976 0.412232
    outer loop
      vertex 51.3432 5.39432 1.26809
      vertex 51.0207 5.20812 2.08936
      vertex 51.9674 4.12863 1.26809
    endloop
  endfacet
  facet normal 0.757555 0.506138 0.412233
    outer loop
      vertex 51.3432 5.39432 1.26809
      vertex 50.2638 6.341 2.08936
      vertex 51.0207 5.20812 2.08936
    endloop
  endfacet
  facet normal 0.642189 0.316728 0.698052
    outer loop
      vertex 51.1146 3.7754 2.87488
      vertex 49.9208 4.57308 3.61121
      vertex 50.45 3.50009 3.61121
    endloop
  endfacet
  facet normal 0.70226 0.139711 0.698077
    outer loop
      vertex 51.5294 2.5534 2.87488
      vertex 50.8345 2.3672 3.61121
      vertex 51.7812 1.28772 2.87488
    endloop
  endfacet
  facet normal 0.81769 0.0535869 0.573159
    outer loop
      vertex 52.3271 1.35959 2.08936
      vertex 51.7812 1.28772 2.87488
      vertex 52.4162 0 2.08936
    endloop
  endfacet
  facet normal 0.862701 0.292872 0.412279
    outer loop
      vertex 51.9674 4.12863 1.26809
      vertex 51.6233 3.98612 2.08936
      vertex 52.0613 2.69592 2.08936
    endloop
  endfacet
  facet normal 0.974078 -0.0638412 0.217016
    outer loop
      vertex 52.9764 0 0.425119
      vertex 52.6963 -1.4082 1.26809
      vertex 52.8825 -1.43271 0.425119
    endloop
  endfacet
  facet normal 0.893577 -0.177735 0.412227
    outer loop
      vertex 52.3271 -1.35959 2.08936
      vertex 52.0613 -2.69592 2.08936
      vertex 52.421 -2.7923 1.26809
    endloop
  endfacet
  facet normal 0.957415 0.190432 0.217009
    outer loop
      vertex 52.6024 2.84091 0.425119
      vertex 52.421 2.7923 1.26809
      vertex 52.6963 1.4082 1.26809
    endloop
  endfacet
  facet normal 0.0249853 0.0736019 0.996975
    outer loop
      vertex 42.5554 2.07287 6.3751
      vertex 42.1862 0.69492 6.48608
      vertex 42.8212 1.98264 6.3751
    endloop
  endfacet
  facet normal 0.077558 -0.00509472 0.996975
    outer loop
      vertex 44.146 0 6.3751
      vertex 42.7194 0 6.48608
      vertex 44.1276 -0.280107 6.3751
    endloop
  endfacet
  facet normal -0.677663 0.45276 0.579466
    outer loop
      vertex -51.01 18.0116 1.49469
      vertex -51.2137 16.9875 2.05664
      vertex -50.6923 17.7679 2.05664
    endloop
  endfacet
  facet normal -0.90651 -0.0594072 0.417983
    outer loop
      vertex -52.5754 -13.4 1.49469
      vertex -52.8463 -13.4 0.907169
      vertex -52.5106 -14.3888 1.49469
    endloop
  endfacet
  facet normal -0.908114 0 0.418722
    outer loop
      vertex -52.8463 -13.4 0.907169
      vertex -52.5754 13.4 1.49469
      vertex -52.8463 13.4 0.907169
    endloop
  endfacet
  facet normal -0.908114 0 0.418722
    outer loop
      vertex -52.5754 13.4 1.49469
      vertex -52.8463 -13.4 0.907169
      vertex -52.5754 -13.4 1.49469
    endloop
  endfacet
  facet normal -0.696564 -0.138513 0.703998
    outer loop
      vertex -51.5948 -14.2682 2.5834
      vertex -52.1136 -14.3365 2.05664
      vertex -51.4251 -15.1216 2.5834
    endloop
  endfacet
  facet normal -0.708734 -0.0464669 0.703944
    outer loop
      vertex -51.6518 -13.4 2.5834
      vertex -52.175 -13.4 2.05664
      vertex -52.1136 -14.3365 2.05664
    endloop
  endfacet
  facet normal -0.980786 0.195085 0
    outer loop
      vertex -52.9146 14.442 0
      vertex -52.7109 15.4661 0.304124
      vertex -52.7109 15.4661 0
    endloop
  endfacet
  facet normal -0.980786 0.195085 0
    outer loop
      vertex -52.7109 15.4661 0.304124
      vertex -52.9146 14.442 0
      vertex -52.9146 14.442 0.304124
    endloop
  endfacet
  facet normal -0.0495607 0.146023 0.988039
    outer loop
      vertex -45.6656 15.8839 4.40322
      vertex -45.9841 15.7758 4.40322
      vertex -45.4039 14.9075 4.56065
    endloop
  endfacet
  facet normal -0.0338183 0.0685728 0.997073
    outer loop
      vertex -45.5973 14.8419 4.56065
      vertex -45.7804 14.7516 4.56065
      vertex -45.2616 13.8531 4.64004
    endloop
  endfacet
  facet normal -0.239675 0.210175 0.94783
    outer loop
      vertex -48.1428 16.5428 3.86633
      vertex -48.5261 16.1057 3.86633
      vertex -47.502 15.902 4.17046
    endloop
  endfacet
  facet normal -0.339284 0.226682 0.912963
    outer loop
      vertex -49.1848 16.6111 3.49605
      vertex -49.5681 16.0374 3.49605
      vertex -48.5261 16.1057 3.86633
    endloop
  endfacet
  facet normal -0.0338183 -0.0685728 0.997073
    outer loop
      vertex -45.2616 -13.8531 4.64004
      vertex -45.7804 -14.7516 4.56065
      vertex -45.5973 -14.8419 4.56065
    endloop
  endfacet
  facet normal -0.0424814 -0.0635723 0.997073
    outer loop
      vertex -45.3185 -13.8151 4.64004
      vertex -45.9501 -14.6382 4.56065
      vertex -45.7804 -14.7516 4.56065
    endloop
  endfacet
  facet normal -0.239675 -0.210175 0.94783
    outer loop
      vertex -47.502 -15.902 4.17046
      vertex -48.5261 -16.1057 3.86633
      vertex -48.1428 -16.5428 3.86633
    endloop
  endfacet
  facet normal -0.22261 -0.451425 0.864095
    outer loop
      vertex -47.6374 -17.9681 3.49605
      vertex -48.0074 -18.6089 3.06596
      vertex -47.3017 -18.9569 3.06596
    endloop
  endfacet
  facet normal -0.146031 0.0495326 0.988039
    outer loop
      vertex -46.4419 13.9973 4.56065
      vertex -47.4839 14.0656 4.40322
      vertex -46.5075 13.8039 4.56065
    endloop
  endfacet
  facet normal 0.039542 0.603345 0.796499
    outer loop
      vertex -44.1318 19.9949 2.5834
      vertex -45 20.0518 2.5834
      vertex -44.2149 19.3633 3.06596
    endloop
  endfacet
  facet normal -0.226682 0.339284 0.912963
    outer loop
      vertex -47.6374 17.9681 3.49605
      vertex -48.2111 17.5848 3.49605
      vertex -47.7057 16.9261 3.86633
    endloop
  endfacet
  facet normal -0.32148 0.946916 0
    outer loop
      vertex -47.0661 21.1109 0
      vertex -48.0549 20.7752 0.304124
      vertex -47.0661 21.1109 0.304124
    endloop
  endfacet
  facet normal -0.32148 0.946916 0
    outer loop
      vertex -48.0549 20.7752 0.304124
      vertex -47.0661 21.1109 0
      vertex -48.0549 20.7752 0
    endloop
  endfacet
  facet normal -0.0637973 0.973305 0.22047
    outer loop
      vertex -45 21.3829 0.304124
      vertex -46.042 21.3146 0.304124
      vertex -45 21.2463 0.907169
    endloop
  endfacet
  facet normal -0.0637726 0.973316 0.220429
    outer loop
      vertex -45 21.2463 0.907169
      vertex -46.042 21.3146 0.304124
      vertex -46.0241 21.1792 0.907169
    endloop
  endfacet
  facet normal -0.190341 0.956648 0.220443
    outer loop
      vertex -46.042 21.3146 0.304124
      vertex -47.0308 20.9789 0.907169
      vertex -46.0241 21.1792 0.907169
    endloop
  endfacet
  facet normal 0.0593955 0.906511 0.417983
    outer loop
      vertex -45 21.2463 0.907169
      vertex -45 20.9754 1.49469
      vertex -43.9759 21.1792 0.907169
    endloop
  endfacet
  facet normal -0.158992 0.799303 0.579514
    outer loop
      vertex -45.9365 20.5136 2.05664
      vertex -46.9607 20.7173 1.49469
      vertex -46.857 20.3305 2.05664
    endloop
  endfacet
  facet normal -0.314121 0.63702 0.703941
    outer loop
      vertex -47.7457 20.0288 2.05664
      vertex -48.5875 19.6137 2.05664
      vertex -48.3259 19.1606 2.5834
    endloop
  endfacet
  facet normal 0.225357 0.456987 0.860452
    outer loop
      vertex 45.1649 7.6407 4.28575
      vertex 44.7755 6.70072 4.88696
      vertex 45.6264 6.28111 4.88696
    endloop
  endfacet
  facet normal 0.132971 0.391729 0.910421
    outer loop
      vertex 43.8772 7.00567 4.88696
      vertex 43.5817 5.90304 5.40455
      vertex 44.3387 5.64608 5.40455
    endloop
  endfacet
  facet normal 0.263399 0.775953 0.573165
    outer loop
      vertex 44.6959 10.0613 2.08936
      vertex 44.5534 9.52944 2.87488
      vertex 45.7754 9.11463 2.87488
    endloop
  endfacet
  facet normal 0.159863 0.803694 0.573166
    outer loop
      vertex 44.6959 10.0613 2.08936
      vertex 43.2877 9.7812 2.87488
      vertex 44.5534 9.52944 2.87488
    endloop
  endfacet
  facet normal -0.813255 0.0533197 0.57946
    outer loop
      vertex -52.1136 14.3365 2.05664
      vertex -52.5754 13.4 1.49469
      vertex -52.175 13.4 2.05664
    endloop
  endfacet
  facet normal -0.318081 0.0208702 0.947834
    outer loop
      vertex -48.508 13.8618 4.17046
      vertex -49.4065 13.9801 3.86633
      vertex -48.5383 13.4 4.17046
    endloop
  endfacet
  facet normal -0.26906 0.306825 0.912943
    outer loop
      vertex -47.7057 16.9261 3.86633
      vertex -48.7298 17.1298 3.49605
      vertex -48.1428 16.5428 3.86633
    endloop
  endfacet
  facet normal -0.102462 0.301848 0.947834
    outer loop
      vertex -46.1503 17.6931 3.86633
      vertex -46.7009 17.5062 3.86633
      vertex -45.9158 16.8177 4.17046
    endloop
  endfacet
  facet normal -0.502733 -0.335943 0.796493
    outer loop
      vertex -50.2089 -16.4074 3.06596
      vertex -50.7606 -16.7259 2.5834
      vertex -50.2772 -17.4493 2.5834
    endloop
  endfacet
  facet normal -0.386408 -0.131168 0.912953
    outer loop
      vertex -49.2931 -14.5503 3.86633
      vertex -50.095 -14.7652 3.49605
      vertex -49.8732 -15.4186 3.49605
    endloop
  endfacet
  facet normal -0.378411 -0.331901 0.864087
    outer loop
      vertex -48.7298 -17.1298 3.49605
      vertex -49.7718 -17.0615 3.06596
      vertex -49.253 -17.653 3.06596
    endloop
  endfacet
  facet normal -0.493626 -0.0981855 0.864114
    outer loop
      vertex -50.2296 -14.0885 3.49605
      vertex -50.8098 -14.9567 3.06596
      vertex -50.095 -14.7652 3.49605
    endloop
  endfacet
  facet normal -0.314121 -0.63702 0.703941
    outer loop
      vertex -48.3259 -19.1606 2.5834
      vertex -48.5875 -19.6137 2.05664
      vertex -47.7457 -20.0288 2.05664
    endloop
  endfacet
  facet normal -0.18045 -0.365987 0.912957
    outer loop
      vertex -47.2223 -17.2491 3.86633
      vertex -47.6374 -17.9681 3.49605
      vertex -47.0186 -18.2732 3.49605
    endloop
  endfacet
  facet normal -0.637028 -0.314106 0.703941
    outer loop
      vertex -51.1454 -15.9455 2.5834
      vertex -51.2137 -16.9875 2.05664
      vertex -50.7606 -16.7259 2.5834
    endloop
  endfacet
  facet normal -0.814768 -0.401837 0.417948
    outer loop
      vertex -51.5605 -17.1877 1.49469
      vertex -51.9988 -16.299 1.49469
      vertex -51.7951 -17.3231 0.907169
    endloop
  endfacet
  facet normal -0.451405 -0.2226 0.864108
    outer loop
      vertex -49.8732 -15.4186 3.49605
      vertex -50.5569 -15.7017 3.06596
      vertex -50.2089 -16.4074 3.06596
    endloop
  endfacet
  facet normal -0.572577 -0.194369 0.796478
    outer loop
      vertex -50.8098 -14.9567 3.06596
      vertex -51.1454 -15.9455 2.5834
      vertex -50.5569 -15.7017 3.06596
    endloop
  endfacet
  facet normal -0.956638 -0.190281 0.220536
    outer loop
      vertex -52.5789 -15.4308 0.907169
      vertex -52.9146 -14.442 0.304124
      vertex -52.7109 -15.4661 0.304124
    endloop
  endfacet
  facet normal -0.54192 -0.811012 0.220415
    outer loop
      vertex -49.7765 -19.6249 0.907169
      vertex -49.8597 -19.7332 0.304124
      vertex -48.9914 -20.3134 0.304124
    endloop
  endfacet
  facet normal -0.946916 -0.32148 0
    outer loop
      vertex -52.3752 -16.4549 0
      vertex -52.7109 -15.4661 0.304124
      vertex -52.7109 -15.4661 0
    endloop
  endfacet
  facet normal -0.946916 -0.32148 0
    outer loop
      vertex -52.7109 -15.4661 0.304124
      vertex -52.3752 -16.4549 0
      vertex -52.3752 -16.4549 0.304124
    endloop
  endfacet
  facet normal -0.541884 -0.81102 0.220472
    outer loop
      vertex -48.9231 -20.1951 0.907169
      vertex -49.7765 -19.6249 0.907169
      vertex -48.9914 -20.3134 0.304124
    endloop
  endfacet
  facet normal -0.831461 -0.555584 0
    outer loop
      vertex -51.3332 -18.2597 0
      vertex -51.9134 -17.3914 0.304124
      vertex -51.9134 -17.3914 0
    endloop
  endfacet
  facet normal -0.831461 -0.555584 0
    outer loop
      vertex -51.9134 -17.3914 0.304124
      vertex -51.3332 -18.2597 0
      vertex -51.3332 -18.2597 0.304124
    endloop
  endfacet
  facet normal -0.228318 -0.672542 0.703959
    outer loop
      vertex -46.7216 -19.8251 2.5834
      vertex -47.7457 -20.0288 2.05664
      vertex -46.857 -20.3305 2.05664
    endloop
  endfacet
  facet normal 0.196387 -0.578535 0.791663
    outer loop
      vertex 45.1649 -7.6407 4.28575
      vertex 44.3672 -8.83452 3.61121
      vertex 45.5001 -8.44995 3.61121
    endloop
  endfacet
  facet normal -0.226704 -0.339284 0.912958
    outer loop
      vertex -47.2223 -17.2491 3.86633
      vertex -47.7057 -16.9261 3.86633
      vertex -47.6374 -17.9681 3.49605
    endloop
  endfacet
  facet normal -0.0795964 -0.400228 0.912952
    outer loop
      vertex -46.1503 -17.6931 3.86633
      vertex -46.3652 -18.495 3.49605
      vertex -45.5801 -17.8065 3.86633
    endloop
  endfacet
  facet normal 0.313772 -0.924368 0.217006
    outer loop
      vertex 46.1286 -9.9674 1.26809
      vertex 44.7923 -10.421 1.26809
      vertex 44.8409 -10.6024 0.425119
    endloop
  endfacet
  facet normal 0.442287 -0.896874 0
    outer loop
      vertex 46.2005 -10.1409 0
      vertex 47.4882 -9.50588 0.425119
      vertex 46.2005 -10.1409 0.425119
    endloop
  endfacet
  facet normal 0.442287 -0.896874 0
    outer loop
      vertex 47.4882 -9.50588 0.425119
      vertex 46.2005 -10.1409 0
      vertex 47.4882 -9.50588 0
    endloop
  endfacet
  facet normal 0.455253 -0.68134 0.573168
    outer loop
      vertex 48.0058 -7.82691 2.87488
      vertex 46.9328 -8.54386 2.87488
      vertex 47.2081 -9.02072 2.08936
    endloop
  endfacet
  facet normal 0.292853 -0.862725 0.412241
    outer loop
      vertex 45.9861 -9.62334 2.08936
      vertex 44.6959 -10.0613 2.08936
      vertex 46.1286 -9.9674 1.26809
    endloop
  endfacet
  facet normal 0.402832 -0.459354 0.791657
    outer loop
      vertex 48.4673 -6.46732 3.61121
      vertex 47.0346 -6.56122 4.28575
      vertex 47.5678 -7.25614 3.61121
    endloop
  endfacet
  facet normal 0.0656374 -0.600334 0.797052
    outer loop
      vertex 43.0795 -8.19948 4.28575
      vertex -44.2149 -19.3633 3.06596
      vertex -44.1318 -19.9949 2.5834
    endloop
  endfacet
  facet normal -0.177106 -0.265056 0.947828
    outer loop
      vertex -46.7692 -16.4643 4.17046
      vertex -47.7057 -16.9261 3.86633
      vertex -47.2223 -17.2491 3.86633
    endloop
  endfacet
  facet normal -0.239684 -0.210137 0.947836
    outer loop
      vertex -47.8071 -15.554 4.17046
      vertex -48.5261 -16.1057 3.86633
      vertex -47.502 -15.902 4.17046
    endloop
  endfacet
  facet normal -0.226682 -0.339284 0.912963
    outer loop
      vertex -47.7057 -16.9261 3.86633
      vertex -48.2111 -17.5848 3.49605
      vertex -47.6374 -17.9681 3.49605
    endloop
  endfacet
  facet normal -0.279653 -0.418488 0.864096
    outer loop
      vertex -47.6374 -17.9681 3.49605
      vertex -48.6615 -18.1718 3.06596
      vertex -48.0074 -18.6089 3.06596
    endloop
  endfacet
  facet normal -0.45278 -0.677649 0.579467
    outer loop
      vertex -49.3679 -19.0923 2.05664
      vertex -49.6116 -19.41 1.49469
      vertex -48.7877 -19.9605 1.49469
    endloop
  endfacet
  facet normal -0.537392 -0.612729 0.579458
    outer loop
      vertex -49.3679 -19.0923 2.05664
      vertex -50.3566 -18.7566 1.49469
      vertex -49.6116 -19.41 1.49469
    endloop
  endfacet
  facet normal -0.26742 -0.542294 0.796495
    outer loop
      vertex -48.0074 -18.6089 3.06596
      vertex -48.3259 -19.1606 2.5834
      vertex -47.3017 -18.9569 3.06596
    endloop
  endfacet
  facet normal -0.394593 -0.590502 0.703992
    outer loop
      vertex -49.0493 -18.6772 2.5834
      vertex -49.3679 -19.0923 2.05664
      vertex -48.3259 -19.1606 2.5834
    endloop
  endfacet
  facet normal -0.677632 -0.452769 0.579495
    outer loop
      vertex -51.2137 -16.9875 2.05664
      vertex -51.5605 -17.1877 1.49469
      vertex -51.01 -18.0116 1.49469
    endloop
  endfacet
  facet normal -0.542305 -0.2674 0.796494
    outer loop
      vertex -50.2089 -16.4074 3.06596
      vertex -51.1454 -15.9455 2.5834
      vertex -50.7606 -16.7259 2.5834
    endloop
  endfacet
  facet normal -0.158992 -0.799303 0.579514
    outer loop
      vertex -46.857 -20.3305 2.05664
      vertex -46.9607 -20.7173 1.49469
      vertex -45.9365 -20.5136 2.05664
    endloop
  endfacet
  facet normal -0.292046 -0.860292 0.417859
    outer loop
      vertex -47.899 -20.3988 1.49469
      vertex -48.0026 -20.649 0.907169
      vertex -47.0308 -20.9789 0.907169
    endloop
  endfacet
  facet normal -0.442265 -0.896884 0
    outer loop
      vertex -48.9914 -20.3134 0
      vertex -48.0549 -20.7752 0.304124
      vertex -48.9914 -20.3134 0.304124
    endloop
  endfacet
  facet normal -0.442265 -0.896884 -0
    outer loop
      vertex -48.0549 -20.7752 0.304124
      vertex -48.9914 -20.3134 0
      vertex -48.0549 -20.7752 0
    endloop
  endfacet
  facet normal -0.131166 0.38641 0.912953
    outer loop
      vertex -46.1503 17.6931 3.86633
      vertex -47.0186 18.2732 3.49605
      vertex -46.7009 17.5062 3.86633
    endloop
  endfacet
  facet normal -0.0981855 0.493626 0.864114
    outer loop
      vertex -45.6885 18.6296 3.49605
      vertex -46.5567 19.2098 3.06596
      vertex -46.3652 18.495 3.49605
    endloop
  endfacet
  facet normal -0.401778 0.814798 0.417946
    outer loop
      vertex -48.0026 20.649 0.907169
      vertex -48.9231 20.1951 0.907169
      vertex -48.7877 19.9605 1.49469
    endloop
  endfacet
  facet normal -0.452748 0.677646 0.579496
    outer loop
      vertex -48.7877 19.9605 1.49469
      vertex -49.3679 19.0923 2.05664
      vertex -48.5875 19.6137 2.05664
    endloop
  endfacet
  facet normal -0.431373 0.874816 0.220485
    outer loop
      vertex -48.0549 20.7752 0.304124
      vertex -48.9231 20.1951 0.907169
      vertex -48.0026 20.649 0.907169
    endloop
  endfacet
  facet normal -0.292018 0.860285 0.417893
    outer loop
      vertex -47.0308 20.9789 0.907169
      vertex -47.899 20.3988 1.49469
      vertex -46.9607 20.7173 1.49469
    endloop
  endfacet
  facet normal -0.659386 0.751805 0
    outer loop
      vertex -49.8597 19.7332 0
      vertex -50.6447 19.0447 0.304124
      vertex -49.8597 19.7332 0.304124
    endloop
  endfacet
  facet normal -0.659386 0.751805 0
    outer loop
      vertex -50.6447 19.0447 0.304124
      vertex -49.8597 19.7332 0
      vertex -50.6447 19.0447 0
    endloop
  endfacet
  facet normal -0.811031 0.541891 0.220415
    outer loop
      vertex -51.3332 18.2597 0.304124
      vertex -51.7951 17.3231 0.907169
      vertex -51.2249 18.1765 0.907169
    endloop
  endfacet
  facet normal -0.154645 0.176328 0.972108
    outer loop
      vertex -46.5654 15.4401 4.40322
      vertex -47.154 16.2071 4.17046
      vertex -46.8183 15.2183 4.40322
    endloop
  endfacet
  facet normal -0.0856854 0.128226 0.988037
    outer loop
      vertex -45.7804 14.7516 4.56065
      vertex -46.5654 15.4401 4.40322
      vertex -45.9501 14.6382 4.56065
    endloop
  endfacet
  facet normal -0.0300663 0.151248 0.988038
    outer loop
      vertex -45.3356 15.9495 4.40322
      vertex -45.6656 15.8839 4.40322
      vertex -45.4039 14.9075 4.56065
    endloop
  endfacet
  facet normal -0.062184 0.312641 0.947834
    outer loop
      vertex -45.5801 17.8065 3.86633
      vertex -45.9158 16.8177 4.17046
      vertex -45.4618 16.908 4.17046
    endloop
  endfacet
  facet normal 0.0693102 -0.140545 0.987645
    outer loop
      vertex 43.7679 -3.06212 6.15505
      vertex 42.8212 -1.98264 6.3751
      vertex 43.3531 -3.26668 6.15505
    endloop
  endfacet
  facet normal 0.0305718 -0.153697 0.987645
    outer loop
      vertex 42.5554 -2.07287 6.3751
      vertex 42.2801 -2.12763 6.3751
      vertex 42.9151 -3.41535 6.15505
    endloop
  endfacet
  facet normal 0.229822 -0.343967 0.910422
    outer loop
      vertex 45.7203 -4.8484 5.40455
      vertex 45.0556 -5.29252 5.40455
      vertex 45.6264 -6.28111 4.88696
    endloop
  endfacet
  facet normal 0.17973 -0.268996 0.946223
    outer loop
      vertex 45.7203 -4.8484 5.40455
      vertex 44.4326 -4.21337 5.82967
      vertex 45.0556 -5.29252 5.40455
    endloop
  endfacet
  facet normal -0.0267319 -0.407189 0.912953
    outer loop
      vertex -45 -17.8446 3.86633
      vertex -45.6885 -18.6296 3.49605
      vertex -45 -18.6748 3.49605
    endloop
  endfacet
  facet normal 0.0329742 -0.502273 0.86408
    outer loop
      vertex -45 -18.6748 3.49605
      vertex -45 -19.4147 3.06596
      vertex -44.3115 -18.6296 3.49605
    endloop
  endfacet
  facet normal 0.0526988 -0.506132 0.860845
    outer loop
      vertex 42.9467 -7.19075 4.88696
      vertex -44.2149 -19.3633 3.06596
      vertex 43.0795 -8.19948 4.28575
    endloop
  endfacet
  facet normal 0.0517594 -0.499952 0.864505
    outer loop
      vertex 42.9467 -7.19075 4.88696
      vertex -44.3115 -18.6296 3.49605
      vertex -44.2149 -19.3633 3.06596
    endloop
  endfacet
  facet normal 0.0584166 -0.0512716 0.996975
    outer loop
      vertex 42.5708 -0.437963 6.48608
      vertex 42.5087 -0.508717 6.48608
      vertex 43.5174 -1.51745 6.3751
    endloop
  endfacet
  facet normal -0.0202055 0.00685988 0.999772
    outer loop
      vertex -45.4834 13.6002 4.64004
      vertex -45.5054 13.5354 4.64004
      vertex 41.3051 0.186203 6.48608
    endloop
  endfacet
  facet normal 0.130289 -0.0870826 0.987644
    outer loop
      vertex 43.8585 -1.073 6.3751
      vertex 43.7025 -1.3064 6.3751
      vertex 45.0621 -1.76792 6.15505
    endloop
  endfacet
  facet normal 0.013879 0.234043 0.972127
    outer loop
      vertex -45 16.9383 4.17046
      vertex -45 15.9715 4.40322
      vertex 42 3.53583 6.15505
    endloop
  endfacet
  facet normal 0.198079 -0.132367 0.971207
    outer loop
      vertex 46.2134 -2.43259 5.82967
      vertex 44.8052 -2.15248 6.15505
      vertex 45.8598 -2.96173 5.82967
    endloop
  endfacet
  facet normal 0.233656 -0.0464941 0.971207
    outer loop
      vertex 46.8236 -0.635033 5.82967
      vertex 45.4154 -0.915141 6.15505
      vertex 46.6994 -1.2592 5.82967
    endloop
  endfacet
  facet normal 0.371026 0.182987 0.910415
    outer loop
      vertex 48.7007 2.77553 4.88696
      vertex 47.2925 3.05564 5.40455
      vertex 47.6461 2.33868 5.40455
    endloop
  endfacet
  facet normal 0.272764 0.311018 0.910422
    outer loop
      vertex 47.1285 5.12851 4.88696
      vertex 45.7203 4.8484 5.40455
      vertex 46.3213 4.32132 5.40455
    endloop
  endfacet
  facet normal 0.0165489 0.25222 0.967528
    outer loop
      vertex -44.5382 16.908 4.17046
      vertex -45 16.9383 4.17046
      vertex 42 4.86518 5.82967
    endloop
  endfacet
  facet normal 0.0151636 0.0762334 0.996975
    outer loop
      vertex 42.2801 2.12763 6.3751
      vertex 42.1862 0.69492 6.48608
      vertex 42.5554 2.07287 6.3751
    endloop
  endfacet
  facet normal 0.0762317 -0.015197 0.996974
    outer loop
      vertex 42.7133 -0.0939045 6.48608
      vertex 42.6949 -0.186203 6.48608
      vertex 44.1276 -0.280107 6.3751
    endloop
  endfacet
  facet normal 0.0736199 -0.0249497 0.996974
    outer loop
      vertex 42.6949 -0.186203 6.48608
      vertex 42.6647 -0.275315 6.48608
      vertex 43.9826 -0.821236 6.3751
    endloop
  endfacet
  facet normal 0.0696917 -0.0344326 0.996974
    outer loop
      vertex 42.6647 -0.275315 6.48608
      vertex 42.623 -0.359716 6.48608
      vertex 43.9826 -0.821236 6.3751
    endloop
  endfacet
  facet normal 0.22559 -0.0765918 0.971207
    outer loop
      vertex 46.6994 -1.2592 5.82967
      vertex 45.2667 -1.3531 6.15505
      vertex 46.4948 -1.86182 5.82967
    endloop
  endfacet
  facet normal 0.304088 -0.0894376 0.948436
    outer loop
      vertex 47.09 -1.74344 5.65
      vertex 46.4948 -1.86182 5.82967
      vertex 47.0898 -1.74412 5.65
    endloop
  endfacet
  facet normal 0.306359 -0.103972 0.946221
    outer loop
      vertex 47.589 -1.64418 5.49935
      vertex 47.6461 -2.33868 5.40455
      vertex 47.903 -1.58171 5.40455
    endloop
  endfacet
  facet normal 0.306299 -0.10398 0.94624
    outer loop
      vertex 47.4529 -1.69037 5.53833
      vertex 47.6461 -2.33868 5.40455
      vertex 47.589 -1.64418 5.49935
    endloop
  endfacet
  facet normal 0.306359 -0.103958 0.946222
    outer loop
      vertex 47.2284 -1.73503 5.60611
      vertex 47.6461 -2.33868 5.40455
      vertex 47.4529 -1.69037 5.53833
    endloop
  endfacet
  facet normal 0.306444 -0.103892 0.946202
    outer loop
      vertex 47.0898 -1.74412 5.65
      vertex 47.6461 -2.33868 5.40455
      vertex 47.2284 -1.73503 5.60611
    endloop
  endfacet
  facet normal 0.306309 -0.104031 0.946231
    outer loop
      vertex 47.6461 -2.33868 5.40455
      vertex 47.0898 -1.74412 5.65
      vertex 46.4948 -1.86182 5.82967
    endloop
  endfacet
  facet normal 0.499756 -0.0994162 0.860442
    outer loop
      vertex 49.1908 -0.94668 4.88696
      vertex 49.0057 -1.87716 4.88696
      vertex 50.1995 -1.07948 4.28575
    endloop
  endfacet
  facet normal 0.50846 -0.0333001 0.860441
    outer loop
      vertex 49.2528 0 4.88696
      vertex 49.1908 -0.94668 4.88696
      vertex 50.1995 -1.07948 4.28575
    endloop
  endfacet
  facet normal 0.117811 -0.103325 0.987646
    outer loop
      vertex 43.7025 -1.3064 6.3751
      vertex 43.5174 -1.51745 6.3751
      vertex 44.8052 -2.15248 6.15505
    endloop
  endfacet
  facet normal 0.130302 -0.0870461 0.987646
    outer loop
      vertex 45.0621 -1.76792 6.15505
      vertex 43.7025 -1.3064 6.3751
      vertex 44.8052 -2.15248 6.15505
    endloop
  endfacet
  facet normal 0.0870611 -0.130299 0.987645
    outer loop
      vertex 43.3064 -1.70253 6.3751
      vertex 43.073 -1.85848 6.3751
      vertex 43.7679 -3.06212 6.15505
    endloop
  endfacet
  facet normal 0.0431827 -0.0646286 0.996975
    outer loop
      vertex 43.3064 -1.70253 6.3751
      vertex 42.438 -0.570765 6.48608
      vertex 43.073 -1.85848 6.3751
    endloop
  endfacet
  facet normal 0.714471 -0.046828 0.698097
    outer loop
      vertex 51.8656 0 2.87488
      vertex 51.0679 -1.19381 3.61121
      vertex 51.7812 -1.28772 2.87488
    endloop
  endfacet
  facet normal 0.642168 -0.316645 0.698109
    outer loop
      vertex 51.1146 -3.7754 2.87488
      vertex 49.9208 -4.57308 3.61121
      vertex 50.5439 -4.9328 2.87488
    endloop
  endfacet
  facet normal 0.306359 0.103972 0.946221
    outer loop
      vertex 47.6461 2.33868 5.40455
      vertex 47.589 1.64418 5.49935
      vertex 47.903 1.58171 5.40455
    endloop
  endfacet
  facet normal 0.306299 0.10398 0.94624
    outer loop
      vertex 47.6461 2.33868 5.40455
      vertex 47.4529 1.69037 5.53833
      vertex 47.589 1.64418 5.49935
    endloop
  endfacet
  facet normal 0.306359 0.103958 0.946222
    outer loop
      vertex 47.6461 2.33868 5.40455
      vertex 47.2284 1.73503 5.60611
      vertex 47.4529 1.69037 5.53833
    endloop
  endfacet
  facet normal 0.306444 0.103892 0.946202
    outer loop
      vertex 47.6461 2.33868 5.40455
      vertex 47.0898 1.74412 5.65
      vertex 47.2284 1.73503 5.60611
    endloop
  endfacet
  facet normal 0.306309 0.104031 0.946231
    outer loop
      vertex 47.0898 1.74412 5.65
      vertex 47.6461 2.33868 5.40455
      vertex 46.4948 1.86182 5.82967
    endloop
  endfacet
  facet normal 0.304088 0.0894376 0.948436
    outer loop
      vertex 47.09 1.74344 5.65
      vertex 47.0898 1.74412 5.65
      vertex 46.4948 1.86182 5.82967
    endloop
  endfacet
  facet normal 0.412818 0.0270363 0.910412
    outer loop
      vertex 49.1908 0.94668 4.88696
      vertex 48.7081 0.363984 5.12314
      vertex 49.2528 0 4.88696
    endloop
  endfacet
  facet normal 0.412781 0.0270731 0.910428
    outer loop
      vertex 49.1908 0.94668 4.88696
      vertex 48.6904 0.452933 5.12852
      vertex 48.7081 0.363984 5.12314
    endloop
  endfacet
  facet normal 0.412771 0.0270854 0.910432
    outer loop
      vertex 49.1908 0.94668 4.88696
      vertex 48.6168 0.669696 5.15544
      vertex 48.6904 0.452933 5.12852
    endloop
  endfacet
  facet normal 0.412766 0.0270984 0.910434
    outer loop
      vertex 48.6168 0.669696 5.15544
      vertex 49.1908 0.94668 4.88696
      vertex 48.5235 0.858837 5.19211
    endloop
  endfacet
  facet normal 0.383095 0.33595 0.860451
    outer loop
      vertex 48.5612 5.0346 4.28575
      vertex 47.1285 5.12851 4.88696
      vertex 47.754 4.41523 4.88696
    endloop
  endfacet
  facet normal 0.547922 0.270236 0.791678
    outer loop
      vertex 49.9208 4.57308 3.61121
      vertex 49.6407 3.16488 4.28575
      vertex 50.45 3.50009 3.61121
    endloop
  endfacet
  facet normal 0.499764 0.0994338 0.860435
    outer loop
      vertex 49.9884 2.14049 4.28575
      vertex 49.0057 1.87716 4.88696
      vertex 50.1995 1.07948 4.28575
    endloop
  endfacet
  facet normal 0.499756 0.0994162 0.860442
    outer loop
      vertex 50.1995 1.07948 4.28575
      vertex 49.0057 1.87716 4.88696
      vertex 49.1908 0.94668 4.88696
    endloop
  endfacet
  facet normal 0.237711 0.0155721 0.971211
    outer loop
      vertex 46.8236 0.635033 5.82967
      vertex 45.5358 0 6.15505
      vertex 46.8652 0 5.82967
    endloop
  endfacet
  facet normal 0.405729 0.080678 0.910426
    outer loop
      vertex 49.0057 1.87716 4.88696
      vertex 48.2374 1.23744 5.28604
      vertex 48.341 1.1193 5.25034
    endloop
  endfacet
  facet normal 0.405726 0.0806816 0.910427
    outer loop
      vertex 49.0057 1.87716 4.88696
      vertex 48.0653 1.38837 5.34936
      vertex 48.2374 1.23744 5.28604
    endloop
  endfacet
  facet normal 0.40572 0.0806959 0.910428
    outer loop
      vertex 47.903 1.58171 5.40455
      vertex 48.0653 1.38837 5.34936
      vertex 49.0057 1.87716 4.88696
    endloop
  endfacet
  facet normal 0.405856 0.0808313 0.910355
    outer loop
      vertex 48.0653 1.38837 5.34936
      vertex 47.903 1.58171 5.40455
      vertex 47.9225 1.4838 5.40455
    endloop
  endfacet
  facet normal 0.714496 -0.0468626 0.698068
    outer loop
      vertex 51.1462 0 3.61121
      vertex 51.0679 -1.19381 3.61121
      vertex 51.8656 0 2.87488
    endloop
  endfacet
  facet normal 0.714496 0.0468626 0.698068
    outer loop
      vertex 51.8656 0 2.87488
      vertex 51.0679 1.19381 3.61121
      vertex 51.1462 0 3.61121
    endloop
  endfacet
  facet normal 0.322839 0.021163 0.946217
    outer loop
      vertex 47.3697 0.337132 5.65
      vertex 46.8652 0 5.82967
      vertex 47.3918 0 5.65
    endloop
  endfacet
  facet normal 0.237719 0.0155554 0.97121
    outer loop
      vertex 46.8236 0.635033 5.82967
      vertex 45.5056 0.461518 6.15505
      vertex 45.5358 0 6.15505
    endloop
  endfacet
  facet normal 0.23365 0.0464598 0.97121
    outer loop
      vertex 46.8236 0.635033 5.82967
      vertex 45.4154 0.915141 6.15505
      vertex 45.5056 0.461518 6.15505
    endloop
  endfacet
  facet normal 0.213647 0.105376 0.971211
    outer loop
      vertex 46.2134 2.43259 5.82967
      vertex 45.0621 1.76792 6.15505
      vertex 45.2667 1.3531 6.15505
    endloop
  endfacet
  facet normal 0.290148 -0.143048 0.94623
    outer loop
      vertex 46.4948 -1.86182 5.82967
      vertex 46.2134 -2.43259 5.82967
      vertex 47.6461 -2.33868 5.40455
    endloop
  endfacet
  facet normal 0.213679 -0.105348 0.971207
    outer loop
      vertex 46.4948 -1.86182 5.82967
      vertex 45.2667 -1.3531 6.15505
      vertex 46.2134 -2.43259 5.82967
    endloop
  endfacet
  facet normal 0.190432 -0.957415 0.217006
    outer loop
      vertex 44.7923 -10.421 1.26809
      vertex 43.4082 -10.6963 1.26809
      vertex 44.8409 -10.6024 0.425119
    endloop
  endfacet
  facet normal 0.431746 -0.875499 0.21702
    outer loop
      vertex 47.4882 -9.50588 0.425119
      vertex 46.1286 -9.9674 1.26809
      vertex 46.2005 -10.1409 0.425119
    endloop
  endfacet
  facet normal 0.733915 -0.64364 0.217017
    outer loop
      vertex 50.5592 -6.56771 1.26809
      vertex 49.6287 -7.62872 1.26809
      vertex 49.7615 -7.76152 0.425119
    endloop
  endfacet
  facet normal 0.383095 -0.33595 0.860451
    outer loop
      vertex 47.754 -4.41523 4.88696
      vertex 47.1285 -5.12851 4.88696
      vertex 48.5612 -5.0346 4.28575
    endloop
  endfacet
  facet normal 0.311038 -0.27276 0.910416
    outer loop
      vertex 47.754 -4.41523 4.88696
      vertex 46.8484 -3.72031 5.40455
      vertex 47.1285 -5.12851 4.88696
    endloop
  endfacet
  facet normal 0.482484 -0.163805 0.860452
    outer loop
      vertex 49.0057 -1.87716 4.88696
      vertex 48.7007 -2.77553 4.88696
      vertex 49.6407 -3.16488 4.28575
    endloop
  endfacet
  facet normal 0.290149 -0.1431 0.946222
    outer loop
      vertex 47.6461 -2.33868 5.40455
      vertex 46.2134 -2.43259 5.82967
      vertex 47.2925 -3.05564 5.40455
    endloop
  endfacet
  facet normal 0.507991 -0.339444 0.791658
    outer loop
      vertex 49.9208 -4.57308 3.61121
      vertex 48.5612 -5.0346 4.28575
      vertex 49.2561 -5.56783 3.61121
    endloop
  endfacet
  facet normal 0.397803 -0.595325 0.698099
    outer loop
      vertex 47.5678 -7.25614 3.61121
      vertex 46.5731 -7.92081 3.61121
      vertex 48.0058 -7.82691 2.87488
    endloop
  endfacet
  facet normal 0.482522 -0.163778 0.860435
    outer loop
      vertex 49.9884 -2.14049 4.28575
      vertex 49.0057 -1.87716 4.88696
      vertex 49.6407 -3.16488 4.28575
    endloop
  endfacet
  facet normal 0.578531 -0.196366 0.79167
    outer loop
      vertex 49.9884 -2.14049 4.28575
      vertex 49.6407 -3.16488 4.28575
      vertex 50.8345 -2.3672 3.61121
    endloop
  endfacet
  facet normal 0.391734 -0.132995 0.910416
    outer loop
      vertex 49.0057 -1.87716 4.88696
      vertex 47.6461 -2.33868 5.40455
      vertex 48.7007 -2.77553 4.88696
    endloop
  endfacet
  facet normal 0.371026 -0.182987 0.910415
    outer loop
      vertex 47.6461 -2.33868 5.40455
      vertex 47.2925 -3.05564 5.40455
      vertex 48.7007 -2.77553 4.88696
    endloop
  endfacet
  facet normal 0.547936 -0.270229 0.791671
    outer loop
      vertex 49.6407 -3.16488 4.28575
      vertex 49.1622 -4.13512 4.28575
      vertex 49.9208 -4.57308 3.61121
    endloop
  endfacet
  facet normal 0.45699 -0.225377 0.860445
    outer loop
      vertex 49.6407 -3.16488 4.28575
      vertex 48.2811 -3.6264 4.88696
      vertex 49.1622 -4.13512 4.28575
    endloop
  endfacet
  facet normal 0.97408 -0.0638457 0.217009
    outer loop
      vertex 52.7886 0 1.26809
      vertex 52.6963 -1.4082 1.26809
      vertex 52.9764 0 0.425119
    endloop
  endfacet
  facet normal 0.862735 -0.292844 0.412227
    outer loop
      vertex 52.0613 -2.69592 2.08936
      vertex 51.9674 -4.12863 1.26809
      vertex 52.421 -2.7923 1.26809
    endloop
  endfacet
  facet normal 0.862701 -0.292872 0.412279
    outer loop
      vertex 52.0613 -2.69592 2.08936
      vertex 51.6233 -3.98612 2.08936
      vertex 51.9674 -4.12863 1.26809
    endloop
  endfacet
  facet normal 0.734968 -0.362404 0.573136
    outer loop
      vertex 51.1146 -3.7754 2.87488
      vertex 50.5439 -4.9328 2.87488
      vertex 51.0207 -5.20812 2.08936
    endloop
  endfacet
  facet normal 0.684978 -0.600732 0.412222
    outer loop
      vertex 50.2638 -6.341 2.08936
      vertex 49.3654 -7.36539 2.08936
      vertex 49.6287 -7.62872 1.26809
    endloop
  endfacet
  facet normal 0.506161 -0.757535 0.41224
    outer loop
      vertex 48.341 -8.26375 2.08936
      vertex 47.3943 -9.34323 1.26809
      vertex 48.5677 -8.5592 1.26809
    endloop
  endfacet
  facet normal -0.195085 -0.980786 0
    outer loop
      vertex -47.0661 -21.1109 0
      vertex -46.042 -21.3146 0.304124
      vertex -47.0661 -21.1109 0.304124
    endloop
  endfacet
  facet normal -0.195085 -0.980786 -0
    outer loop
      vertex -46.042 -21.3146 0.304124
      vertex -47.0661 -21.1109 0
      vertex -46.042 -21.3146 0
    endloop
  endfacet
  facet normal 0.0654067 -0.997859 0
    outer loop
      vertex -45 -21.3829 0
      vertex -43.958 -21.3146 0.304124
      vertex -45 -21.3829 0.304124
    endloop
  endfacet
  facet normal 0.0654067 -0.997859 0
    outer loop
      vertex -43.958 -21.3146 0.304124
      vertex -45 -21.3829 0
      vertex -43.958 -21.3146 0
    endloop
  endfacet
  facet normal 0.362427 0.734935 0.573164
    outer loop
      vertex 45.9861 9.62334 2.08936
      vertex 45.7754 9.11463 2.87488
      vertex 47.2081 9.02072 2.08936
    endloop
  endfacet
  facet normal 0.431745 0.875499 0.217019
    outer loop
      vertex 47.4882 9.50588 0.425119
      vertex 46.1286 9.9674 1.26809
      vertex 47.3943 9.34323 1.26809
    endloop
  endfacet
  facet normal 0.506162 0.757535 0.412239
    outer loop
      vertex 47.3943 9.34323 1.26809
      vertex 47.2081 9.02072 2.08936
      vertex 48.341 8.26375 2.08936
    endloop
  endfacet
  facet normal 0.402956 0.81712 0.412239
    outer loop
      vertex 47.3943 9.34323 1.26809
      vertex 46.1286 9.9674 1.26809
      vertex 47.2081 9.02072 2.08936
    endloop
  endfacet
  facet normal 0.0385429 0.405728 0.913181
    outer loop
      vertex -44.3115 18.6296 3.49605
      vertex -44.4199 17.8065 3.86633
      vertex 42.7977 6.05899 5.40455
    endloop
  endfacet
  facet normal 0.0631072 0.31729 0.946227
    outer loop
      vertex 42.7977 6.05899 5.40455
      vertex 42.635 4.82355 5.82967
      vertex 43.2592 4.6994 5.82967
    endloop
  endfacet
  facet normal 0.311014 0.272767 0.910422
    outer loop
      vertex 47.1285 5.12851 4.88696
      vertex 46.3213 4.32132 5.40455
      vertex 46.8484 3.72031 5.40455
    endloop
  endfacet
  facet normal 0.179103 0.157095 0.971207
    outer loop
      vertex 45.8598 2.96173 5.82967
      vertex 44.5002 2.50021 6.15505
      vertex 44.8052 2.15248 6.15505
    endloop
  endfacet
  facet normal 0.080703 0.405739 0.910419
    outer loop
      vertex 42.9467 7.19075 4.88696
      vertex 42.7977 6.05899 5.40455
      vertex 43.8772 7.00567 4.88696
    endloop
  endfacet
  facet normal 0.105367 0.213659 0.971209
    outer loop
      vertex 44.4326 4.21337 5.82967
      vertex 43.3531 3.26668 6.15505
      vertex 43.7679 3.06212 6.15505
    endloop
  endfacet
  facet normal 0.195085 0.980786 -0
    outer loop
      vertex 44.8409 10.6024 0
      vertex 43.4327 10.8825 0.425119
      vertex 44.8409 10.6024 0.425119
    endloop
  endfacet
  facet normal 0.195085 0.980786 0
    outer loop
      vertex 43.4327 10.8825 0.425119
      vertex 44.8409 10.6024 0
      vertex 43.4327 10.8825 0
    endloop
  endfacet
  facet normal 0.442287 0.896874 -0
    outer loop
      vertex 47.4882 9.50588 0
      vertex 46.2005 10.1409 0.425119
      vertex 47.4882 9.50588 0.425119
    endloop
  endfacet
  facet normal 0.442287 0.896874 0
    outer loop
      vertex 46.2005 10.1409 0.425119
      vertex 47.4882 9.50588 0
      vertex 46.2005 10.1409 0
    endloop
  endfacet
  facet normal 0.643635 0.733919 0.217017
    outer loop
      vertex 49.7615 7.76152 0.425119
      vertex 48.5677 8.5592 1.26809
      vertex 49.6287 7.62872 1.26809
    endloop
  endfacet
  facet normal 0.600713 0.684993 0.412224
    outer loop
      vertex 49.6287 7.62872 1.26809
      vertex 48.341 8.26375 2.08936
      vertex 49.3654 7.36539 2.08936
    endloop
  endfacet
  facet normal 0.893577 0.177735 0.412227
    outer loop
      vertex 52.421 2.7923 1.26809
      vertex 52.0613 2.69592 2.08936
      vertex 52.3271 1.35959 2.08936
    endloop
  endfacet
  facet normal 0.909132 -0.0595795 0.412225
    outer loop
      vertex 52.4162 0 2.08936
      vertex 52.3271 -1.35959 2.08936
      vertex 52.6963 -1.4082 1.26809
    endloop
  endfacet
  facet normal 0.980786 0.195085 0
    outer loop
      vertex 52.8825 1.43271 0.425119
      vertex 52.6024 2.84091 0
      vertex 52.6024 2.84091 0.425119
    endloop
  endfacet
  facet normal 0.980786 0.195085 0
    outer loop
      vertex 52.6024 2.84091 0
      vertex 52.8825 1.43271 0.425119
      vertex 52.8825 1.43271 0
    endloop
  endfacet
  facet normal 0.909126 -0.0595883 0.412238
    outer loop
      vertex 52.7886 0 1.26809
      vertex 52.4162 0 2.08936
      vertex 52.6963 -1.4082 1.26809
    endloop
  endfacet
  facet normal -0.956638 0.190281 0.220536
    outer loop
      vertex -52.7109 15.4661 0.304124
      vertex -52.9146 14.442 0.304124
      vertex -52.5789 15.4308 0.907169
    endloop
  endfacet
  facet normal -0.831461 0.555584 0
    outer loop
      vertex -51.9134 17.3914 0
      vertex -51.3332 18.2597 0.304124
      vertex -51.3332 18.2597 0
    endloop
  endfacet
  facet normal -0.831461 0.555584 0
    outer loop
      vertex -51.3332 18.2597 0.304124
      vertex -51.9134 17.3914 0
      vertex -51.9134 17.3914 0.304124
    endloop
  endfacet
  facet normal -0.593089 -0.117937 0.796453
    outer loop
      vertex -50.9633 -14.1851 3.06596
      vertex -51.5948 -14.2682 2.5834
      vertex -51.4251 -15.1216 2.5834
    endloop
  endfacet
  facet normal -0.603314 -0.0394986 0.796525
    outer loop
      vertex -51.0147 -13.4 3.06596
      vertex -51.6518 -13.4 2.5834
      vertex -50.9633 -14.1851 3.06596
    endloop
  endfacet
  facet normal -0.891044 0.177219 0.417892
    outer loop
      vertex -52.3173 15.3607 1.49469
      vertex -52.5789 15.4308 0.907169
      vertex -52.5106 14.3888 1.49469
    endloop
  endfacet
  facet normal -0.502273 0.0329742 0.86408
    outer loop
      vertex -50.2296 14.0885 3.49605
      vertex -51.0147 13.4 3.06596
      vertex -50.2748 13.4 3.49605
    endloop
  endfacet
  facet normal -0.814413 0 0.580285
    outer loop
      vertex -52.5754 -13.4 1.49469
      vertex -52.175 13.4 2.05664
      vertex -52.5754 13.4 1.49469
    endloop
  endfacet
  facet normal -0.814413 0 0.580285
    outer loop
      vertex -52.175 13.4 2.05664
      vertex -52.5754 -13.4 1.49469
      vertex -52.175 -13.4 2.05664
    endloop
  endfacet
  facet normal -0.813255 -0.0533197 0.57946
    outer loop
      vertex -52.175 -13.4 2.05664
      vertex -52.5754 -13.4 1.49469
      vertex -52.1136 -14.3365 2.05664
    endloop
  endfacet
  facet normal -0.799319 -0.158995 0.579491
    outer loop
      vertex -52.1136 -14.3365 2.05664
      vertex -52.5106 -14.3888 1.49469
      vertex -51.9305 -15.257 2.05664
    endloop
  endfacet
  facet normal -0.799307 -0.158973 0.579513
    outer loop
      vertex -51.9305 -15.257 2.05664
      vertex -52.5106 -14.3888 1.49469
      vertex -52.3173 -15.3607 1.49469
    endloop
  endfacet
  facet normal -0.101688 0.115947 0.988036
    outer loop
      vertex -46.5654 15.4401 4.40322
      vertex -46.8183 15.2183 4.40322
      vertex -45.9501 14.6382 4.56065
    endloop
  endfacet
  facet normal -0.0724095 0.0245608 0.997073
    outer loop
      vertex -46.4419 13.9973 4.56065
      vertex -46.5075 13.8039 4.56065
      vertex -45.4834 13.6002 4.64004
    endloop
  endfacet
  facet normal -0.0100883 0.153893 0.988036
    outer loop
      vertex -45 15.9715 4.40322
      vertex -45.3356 15.9495 4.40322
      vertex -45.2037 14.9474 4.56065
    endloop
  endfacet
  facet normal -0.014945 0.0749874 0.997072
    outer loop
      vertex -45.2037 14.9474 4.56065
      vertex -45.4039 14.9075 4.56065
      vertex -45.1354 13.9054 4.64004
    endloop
  endfacet
  facet normal -0.0750081 0.0148675 0.997072
    outer loop
      vertex -45.5054 13.5354 4.64004
      vertex -46.5075 13.8039 4.56065
      vertex -45.5187 13.4683 4.64004
    endloop
  endfacet
  facet normal -0.0749822 0.014944 0.997073
    outer loop
      vertex -46.5075 13.8039 4.56065
      vertex -46.5474 13.6037 4.56065
      vertex -45.5187 13.4683 4.64004
    endloop
  endfacet
  facet normal -0.0724052 -0.024582 0.997072
    outer loop
      vertex -45.5054 -13.5354 4.64004
      vertex -46.5075 -13.8039 4.56065
      vertex -45.4834 -13.6002 4.64004
    endloop
  endfacet
  facet normal -0.154604 -0.176343 0.972111
    outer loop
      vertex -46.8183 -15.2183 4.40322
      vertex -47.502 -15.902 4.17046
      vertex -47.154 -16.2071 4.17046
    endloop
  endfacet
  facet normal -0.0245807 -0.0724013 0.997073
    outer loop
      vertex -45.2002 -13.8834 4.64004
      vertex -45.5973 -14.8419 4.56065
      vertex -45.1354 -13.9054 4.64004
    endloop
  endfacet
  facet normal -0.0338366 -0.0685666 0.997073
    outer loop
      vertex -45.2616 -13.8531 4.64004
      vertex -45.5973 -14.8419 4.56065
      vertex -45.2002 -13.8834 4.64004
    endloop
  endfacet
  facet normal -0.194982 0.130337 0.972108
    outer loop
      vertex -47.0401 14.9654 4.40322
      vertex -47.8071 15.554 4.17046
      vertex -47.227 14.6858 4.40322
    endloop
  endfacet
  facet normal -0.222117 0.0753565 0.972104
    outer loop
      vertex -48.269 14.7541 4.17046
      vertex -48.4177 14.3158 4.17046
      vertex -47.4839 14.0656 4.40322
    endloop
  endfacet
  facet normal -0.312638 -0.0621832 0.947835
    outer loop
      vertex -48.508 -13.8618 4.17046
      vertex -49.2931 -14.5503 3.86633
      vertex -48.4177 -14.3158 4.17046
    endloop
  endfacet
  facet normal -0.301862 -0.102411 0.947835
    outer loop
      vertex -48.4177 -14.3158 4.17046
      vertex -49.2931 -14.5503 3.86633
      vertex -48.269 -14.7541 4.17046
    endloop
  endfacet
  facet normal -0.046449 0.708734 0.703945
    outer loop
      vertex -45 20.575 2.05664
      vertex -45.8682 19.9949 2.5834
      vertex -45 20.0518 2.5834
    endloop
  endfacet
  facet normal -0.039542 0.603345 0.796499
    outer loop
      vertex -45 20.0518 2.5834
      vertex -45.8682 19.9949 2.5834
      vertex -45.7851 19.3633 3.06596
    endloop
  endfacet
  facet normal -0.195085 0.980786 0
    outer loop
      vertex -46.042 21.3146 0
      vertex -47.0661 21.1109 0.304124
      vertex -46.042 21.3146 0.304124
    endloop
  endfacet
  facet normal -0.195085 0.980786 0
    outer loop
      vertex -47.0661 21.1109 0.304124
      vertex -46.042 21.3146 0
      vertex -47.0661 21.1109 0
    endloop
  endfacet
  facet normal -0.0532947 0.813237 0.579487
    outer loop
      vertex -45 20.9754 1.49469
      vertex -45.9888 20.9106 1.49469
      vertex -45.9365 20.5136 2.05664
    endloop
  endfacet
  facet normal -0.177277 0.890987 0.417989
    outer loop
      vertex -46.0241 21.1792 0.907169
      vertex -47.0308 20.9789 0.907169
      vertex -45.9888 20.9106 1.49469
    endloop
  endfacet
  facet normal -0.22261 0.451425 0.864095
    outer loop
      vertex -47.3017 18.9569 3.06596
      vertex -48.0074 18.6089 3.06596
      vertex -47.6374 17.9681 3.49605
    endloop
  endfacet
  facet normal -0.117978 0.593039 0.796484
    outer loop
      vertex -45.7851 19.3633 3.06596
      vertex -46.7216 19.8251 2.5834
      vertex -46.5567 19.2098 3.06596
    endloop
  endfacet
  facet normal -0.799307 0.158973 0.579513
    outer loop
      vertex -52.3173 15.3607 1.49469
      vertex -52.5106 14.3888 1.49469
      vertex -51.9305 15.257 2.05664
    endloop
  endfacet
  facet normal -0.407334 0 0.913279
    outer loop
      vertex -50.2748 13.4 3.49605
      vertex -49.4446 -13.4 3.86633
      vertex -49.4446 13.4 3.86633
    endloop
  endfacet
  facet normal -0.407334 0 0.913279
    outer loop
      vertex -49.4446 -13.4 3.86633
      vertex -50.2748 13.4 3.49605
      vertex -50.2748 -13.4 3.49605
    endloop
  endfacet
  facet normal -0.502733 0.335943 0.796493
    outer loop
      vertex -50.2772 17.4493 2.5834
      vertex -50.7606 16.7259 2.5834
      vertex -50.2089 16.4074 3.06596
    endloop
  endfacet
  facet normal -0.533957 0.468272 0.703996
    outer loop
      vertex -50.0735 18.4735 2.05664
      vertex -50.6923 17.7679 2.05664
      vertex -50.2772 17.4493 2.5834
    endloop
  endfacet
  facet normal -0.502212 0.0328795 0.864119
    outer loop
      vertex -50.9633 14.1851 3.06596
      vertex -51.0147 13.4 3.06596
      vertex -50.2296 14.0885 3.49605
    endloop
  endfacet
  facet normal -0.708734 0.0464669 0.703944
    outer loop
      vertex -52.1136 14.3365 2.05664
      vertex -52.175 13.4 2.05664
      vertex -51.6518 13.4 2.5834
    endloop
  endfacet
  facet normal -0.177106 0.265056 0.947828
    outer loop
      vertex -47.2223 17.2491 3.86633
      vertex -47.7057 16.9261 3.86633
      vertex -46.7692 16.4643 4.17046
    endloop
  endfacet
  facet normal -0.180468 0.365989 0.912953
    outer loop
      vertex -47.0186 18.2732 3.49605
      vertex -47.2223 17.2491 3.86633
      vertex -46.7009 17.5062 3.86633
    endloop
  endfacet
  facet normal -0.306752 -0.269081 0.912961
    outer loop
      vertex -48.5261 -16.1057 3.86633
      vertex -49.1848 -16.6111 3.49605
      vertex -48.7298 -17.1298 3.49605
    endloop
  endfacet
  facet normal -0.418511 -0.279615 0.864097
    outer loop
      vertex -49.5681 -16.0374 3.49605
      vertex -50.2089 -16.4074 3.06596
      vertex -49.1848 -16.6111 3.49605
    endloop
  endfacet
  facet normal -0.612747 -0.537408 0.579426
    outer loop
      vertex -50.0735 -18.4735 2.05664
      vertex -51.01 -18.0116 1.49469
      vertex -50.3566 -18.7566 1.49469
    endloop
  endfacet
  facet normal -0.637008 -0.314115 0.703955
    outer loop
      vertex -51.1454 -15.9455 2.5834
      vertex -51.6288 -16.1457 2.05664
      vertex -51.2137 -16.9875 2.05664
    endloop
  endfacet
  facet normal -0.418514 -0.27967 0.864078
    outer loop
      vertex -49.1848 -16.6111 3.49605
      vertex -50.2089 -16.4074 3.06596
      vertex -49.7718 -17.0615 3.06596
    endloop
  endfacet
  facet normal -0.45144 -0.222583 0.864094
    outer loop
      vertex -49.8732 -15.4186 3.49605
      vertex -50.2089 -16.4074 3.06596
      vertex -49.5681 -16.0374 3.49605
    endloop
  endfacet
  facet normal -0.811031 -0.541891 0.220415
    outer loop
      vertex -51.2249 -18.1765 0.907169
      vertex -51.7951 -17.3231 0.907169
      vertex -51.3332 -18.2597 0.304124
    endloop
  endfacet
  facet normal -0.874816 -0.431373 0.220485
    outer loop
      vertex -52.249 -16.4026 0.907169
      vertex -52.3752 -16.4549 0.304124
      vertex -51.7951 -17.3231 0.907169
    endloop
  endfacet
  facet normal -0.874815 -0.431382 0.220471
    outer loop
      vertex -51.7951 -17.3231 0.907169
      vertex -52.3752 -16.4549 0.304124
      vertex -51.9134 -17.3914 0.304124
    endloop
  endfacet
  facet normal -0.733339 -0.64319 0.220274
    outer loop
      vertex -50.5482 -18.9482 0.907169
      vertex -51.3332 -18.2597 0.304124
      vertex -50.6447 -19.0447 0.304124
    endloop
  endfacet
  facet normal -0.59893 -0.683013 0.418062
    outer loop
      vertex -50.3566 -18.7566 1.49469
      vertex -50.5482 -18.9482 0.907169
      vertex -49.7765 -19.6249 0.907169
    endloop
  endfacet
  facet normal -0.643094 -0.733376 0.220431
    outer loop
      vertex -49.7765 -19.6249 0.907169
      vertex -50.5482 -18.9482 0.907169
      vertex -49.8597 -19.7332 0.304124
    endloop
  endfacet
  facet normal -0.0532947 -0.813237 0.579487
    outer loop
      vertex -45.9365 -20.5136 2.05664
      vertex -45.9888 -20.9106 1.49469
      vertex -45 -20.9754 1.49469
    endloop
  endfacet
  facet normal 0.0532947 -0.813237 0.579487
    outer loop
      vertex -44.0635 -20.5136 2.05664
      vertex -45 -20.9754 1.49469
      vertex -44.0112 -20.9106 1.49469
    endloop
  endfacet
  facet normal -0.0464679 -0.708749 0.703929
    outer loop
      vertex -45.8682 -19.9949 2.5834
      vertex -45.9365 -20.5136 2.05664
      vertex -45 -20.575 2.05664
    endloop
  endfacet
  facet normal -0.0394986 -0.603314 0.796525
    outer loop
      vertex -45 -19.4147 3.06596
      vertex -45.7851 -19.3633 3.06596
      vertex -45 -20.0518 2.5834
    endloop
  endfacet
  facet normal 0.0394986 -0.603314 0.796525
    outer loop
      vertex -45 -19.4147 3.06596
      vertex -45 -20.0518 2.5834
      vertex -44.2149 -19.3633 3.06596
    endloop
  endfacet
  facet normal -0.0328795 -0.502212 0.864119
    outer loop
      vertex -45.6885 -18.6296 3.49605
      vertex -45.7851 -19.3633 3.06596
      vertex -45 -19.4147 3.06596
    endloop
  endfacet
  facet normal 0.190436 -0.957413 0.217013
    outer loop
      vertex 44.8409 -10.6024 0.425119
      vertex 43.4082 -10.6963 1.26809
      vertex 43.4327 -10.8825 0.425119
    endloop
  endfacet
  facet normal 0.195085 -0.980786 0
    outer loop
      vertex 43.4327 -10.8825 0
      vertex 44.8409 -10.6024 0.425119
      vertex 43.4327 -10.8825 0.425119
    endloop
  endfacet
  facet normal 0.195085 -0.980786 0
    outer loop
      vertex 44.8409 -10.6024 0.425119
      vertex 43.4327 -10.8825 0
      vertex 44.8409 -10.6024 0
    endloop
  endfacet
  facet normal 0.263399 -0.775953 0.573165
    outer loop
      vertex 45.7754 -9.11463 2.87488
      vertex 44.5534 -9.52944 2.87488
      vertex 44.6959 -10.0613 2.08936
    endloop
  endfacet
  facet normal 0.177739 -0.893574 0.412231
    outer loop
      vertex 44.6959 -10.0613 2.08936
      vertex 43.3596 -10.3271 2.08936
      vertex 44.7923 -10.421 1.26809
    endloop
  endfacet
  facet normal 0.335976 -0.383089 0.860443
    outer loop
      vertex 47.1285 -5.12851 4.88696
      vertex 47.0346 -6.56122 4.28575
      vertex 47.8479 -5.84794 4.28575
    endloop
  endfacet
  facet normal 0.540274 -0.616075 0.573197
    outer loop
      vertex 48.976 -6.97603 2.87488
      vertex 48.341 -8.26375 2.08936
      vertex 49.3654 -7.36539 2.08936
    endloop
  endfacet
  facet normal 0.459355 -0.402827 0.791659
    outer loop
      vertex 48.5612 -5.0346 4.28575
      vertex 48.4673 -6.46732 3.61121
      vertex 49.2561 -5.56783 3.61121
    endloop
  endfacet
  facet normal 0.616059 -0.54029 0.5732
    outer loop
      vertex 50.2638 -6.341 2.08936
      vertex 48.976 -6.97603 2.87488
      vertex 49.3654 -7.36539 2.08936
    endloop
  endfacet
  facet normal -0.0300663 -0.151248 0.988038
    outer loop
      vertex -45.4039 -14.9075 4.56065
      vertex -45.6656 -15.8839 4.40322
      vertex -45.3356 -15.9495 4.40322
    endloop
  endfacet
  facet normal -0.265056 -0.177106 0.947828
    outer loop
      vertex -48.0643 -15.1692 4.17046
      vertex -48.8491 -15.6223 3.86633
      vertex -48.5261 -16.1057 3.86633
    endloop
  endfacet
  facet normal -0.269081 -0.306752 0.912961
    outer loop
      vertex -47.7057 -16.9261 3.86633
      vertex -48.7298 -17.1298 3.49605
      vertex -48.2111 -17.5848 3.49605
    endloop
  endfacet
  facet normal -0.279635 -0.41854 0.864077
    outer loop
      vertex -48.2111 -17.5848 3.49605
      vertex -48.6615 -18.1718 3.06596
      vertex -47.6374 -17.9681 3.49605
    endloop
  endfacet
  facet normal -0.046449 -0.708734 0.703945
    outer loop
      vertex -45 -20.0518 2.5834
      vertex -45.8682 -19.9949 2.5834
      vertex -45 -20.575 2.05664
    endloop
  endfacet
  facet normal -0.131166 -0.38641 0.912953
    outer loop
      vertex -46.7009 -17.5062 3.86633
      vertex -47.0186 -18.2732 3.49605
      vertex -46.1503 -17.6931 3.86633
    endloop
  endfacet
  facet normal -0.222572 -0.451418 0.864109
    outer loop
      vertex -47.0186 -18.2732 3.49605
      vertex -47.6374 -17.9681 3.49605
      vertex -47.3017 -18.9569 3.06596
    endloop
  endfacet
  facet normal -0.180468 -0.365989 0.912953
    outer loop
      vertex -46.7009 -17.5062 3.86633
      vertex -47.2223 -17.2491 3.86633
      vertex -47.0186 -18.2732 3.49605
    endloop
  endfacet
  facet normal -0.261981 -0.771701 0.57952
    outer loop
      vertex -46.857 -20.3305 2.05664
      vertex -47.7457 -20.0288 2.05664
      vertex -46.9607 -20.7173 1.49469
    endloop
  endfacet
  facet normal -0.360481 -0.730914 0.579499
    outer loop
      vertex -48.5875 -19.6137 2.05664
      vertex -48.7877 -19.9605 1.49469
      vertex -47.899 -20.3988 1.49469
    endloop
  endfacet
  facet normal -0.599023 -0.682999 0.417952
    outer loop
      vertex -49.6116 -19.41 1.49469
      vertex -50.3566 -18.7566 1.49469
      vertex -49.7765 -19.6249 0.907169
    endloop
  endfacet
  facet normal -0.50471 -0.75537 0.417952
    outer loop
      vertex -49.6116 -19.41 1.49469
      vertex -49.7765 -19.6249 0.907169
      vertex -48.7877 -19.9605 1.49469
    endloop
  endfacet
  facet normal -0.335941 -0.50273 0.796497
    outer loop
      vertex -48.6615 -18.1718 3.06596
      vertex -49.0493 -18.6772 2.5834
      vertex -48.3259 -19.1606 2.5834
    endloop
  endfacet
  facet normal -0.398662 -0.454602 0.796496
    outer loop
      vertex -48.6615 -18.1718 3.06596
      vertex -49.7035 -18.1035 2.5834
      vertex -49.0493 -18.6772 2.5834
    endloop
  endfacet
  facet normal -0.117993 -0.59302 0.796495
    outer loop
      vertex -45.7851 -19.3633 3.06596
      vertex -46.7216 -19.8251 2.5834
      vertex -45.8682 -19.9949 2.5834
    endloop
  endfacet
  facet normal -0.117978 -0.593039 0.796484
    outer loop
      vertex -46.5567 -19.2098 3.06596
      vertex -46.7216 -19.8251 2.5834
      vertex -45.7851 -19.3633 3.06596
    endloop
  endfacet
  facet normal -0.533976 -0.468269 0.703984
    outer loop
      vertex -49.7035 -18.1035 2.5834
      vertex -50.2772 -17.4493 2.5834
      vertex -50.0735 -18.4735 2.05664
    endloop
  endfacet
  facet normal -0.378408 -0.331937 0.864075
    outer loop
      vertex -49.1848 -16.6111 3.49605
      vertex -49.7718 -17.0615 3.06596
      vertex -48.7298 -17.1298 3.49605
    endloop
  endfacet
  facet normal -0.228318 0.672542 0.703959
    outer loop
      vertex -46.857 20.3305 2.05664
      vertex -47.7457 20.0288 2.05664
      vertex -46.7216 19.8251 2.5834
    endloop
  endfacet
  facet normal -0.0981979 0.493613 0.86412
    outer loop
      vertex -45.7851 19.3633 3.06596
      vertex -46.5567 19.2098 3.06596
      vertex -45.6885 18.6296 3.49605
    endloop
  endfacet
  facet normal -0.117993 0.59302 0.796495
    outer loop
      vertex -45.8682 19.9949 2.5834
      vertex -46.7216 19.8251 2.5834
      vertex -45.7851 19.3633 3.06596
    endloop
  endfacet
  facet normal -0.138605 0.696616 0.703928
    outer loop
      vertex -45.9365 20.5136 2.05664
      vertex -46.7216 19.8251 2.5834
      vertex -45.8682 19.9949 2.5834
    endloop
  endfacet
  facet normal -0.279635 0.41854 0.864077
    outer loop
      vertex -47.6374 17.9681 3.49605
      vertex -48.6615 18.1718 3.06596
      vertex -48.2111 17.5848 3.49605
    endloop
  endfacet
  facet normal -0.468261 0.533966 0.703997
    outer loop
      vertex -49.3679 19.0923 2.05664
      vertex -49.7035 18.1035 2.5834
      vertex -49.0493 18.6772 2.5834
    endloop
  endfacet
  facet normal -0.59893 0.683013 0.418062
    outer loop
      vertex -49.7765 19.6249 0.907169
      vertex -50.5482 18.9482 0.907169
      vertex -50.3566 18.7566 1.49469
    endloop
  endfacet
  facet normal -0.50471 0.75537 0.417952
    outer loop
      vertex -48.7877 19.9605 1.49469
      vertex -49.7765 19.6249 0.907169
      vertex -49.6116 19.41 1.49469
    endloop
  endfacet
  facet normal -0.442265 0.896884 0
    outer loop
      vertex -48.0549 20.7752 0
      vertex -48.9914 20.3134 0.304124
      vertex -48.0549 20.7752 0.304124
    endloop
  endfacet
  facet normal -0.442265 0.896884 0
    outer loop
      vertex -48.9914 20.3134 0.304124
      vertex -48.0549 20.7752 0
      vertex -48.9914 20.3134 0
    endloop
  endfacet
  facet normal -0.431382 0.874815 0.220471
    outer loop
      vertex -48.0549 20.7752 0.304124
      vertex -48.9914 20.3134 0.304124
      vertex -48.9231 20.1951 0.907169
    endloop
  endfacet
  facet normal -0.541884 0.81102 0.220472
    outer loop
      vertex -48.9914 20.3134 0.304124
      vertex -49.7765 19.6249 0.907169
      vertex -48.9231 20.1951 0.907169
    endloop
  endfacet
  facet normal -0.682999 0.599023 0.417952
    outer loop
      vertex -50.3566 18.7566 1.49469
      vertex -51.2249 18.1765 0.907169
      vertex -51.01 18.0116 1.49469
    endloop
  endfacet
  facet normal -0.599023 0.682999 0.417952
    outer loop
      vertex -49.7765 19.6249 0.907169
      vertex -50.3566 18.7566 1.49469
      vertex -49.6116 19.41 1.49469
    endloop
  endfacet
  facet normal -0.0682127 0.138305 0.988038
    outer loop
      vertex -45.9841 15.7758 4.40322
      vertex -46.2858 15.627 4.40322
      vertex -45.7804 14.7516 4.56065
    endloop
  endfacet
  facet normal -0.0682087 0.138306 0.988038
    outer loop
      vertex -45.5973 14.8419 4.56065
      vertex -45.9841 15.7758 4.40322
      vertex -45.7804 14.7516 4.56065
    endloop
  endfacet
  facet normal 0.0155819 -0.23772 0.971209
    outer loop
      vertex 42.4615 -3.50558 6.15505
      vertex 42 -3.53583 6.15505
      vertex 42.635 -4.82355 5.82967
    endloop
  endfacet
  facet normal 0.0464782 -0.233653 0.971209
    outer loop
      vertex 42.9151 -3.41535 6.15505
      vertex 42.4615 -3.50558 6.15505
      vertex 42.635 -4.82355 5.82967
    endloop
  endfacet
  facet normal 0.0503731 -0.148389 0.987645
    outer loop
      vertex 42.8212 -1.98264 6.3751
      vertex 42.5554 -2.07287 6.3751
      vertex 43.3531 -3.26668 6.15505
    endloop
  endfacet
  facet normal 0.0503687 -0.148392 0.987645
    outer loop
      vertex 43.3531 -3.26668 6.15505
      vertex 42.5554 -2.07287 6.3751
      vertex 42.9151 -3.41535 6.15505
    endloop
  endfacet
  facet normal 0.0765782 -0.225587 0.971209
    outer loop
      vertex 43.3531 -3.26668 6.15505
      vertex 43.2592 -4.6994 5.82967
      vertex 43.8618 -4.49484 5.82967
    endloop
  endfacet
  facet normal 0.0765706 -0.225586 0.971209
    outer loop
      vertex 43.3531 -3.26668 6.15505
      vertex 42.9151 -3.41535 6.15505
      vertex 43.2592 -4.6994 5.82967
    endloop
  endfacet
  facet normal 0.0394001 -0.411285 0.910655
    outer loop
      vertex 42.7977 -6.05899 5.40455
      vertex -44.3115 -18.6296 3.49605
      vertex 42.9467 -7.19075 4.88696
    endloop
  endfacet
  facet normal 0.0994016 -0.499747 0.860449
    outer loop
      vertex 43.8772 -7.00567 4.88696
      vertex 42.9467 -7.19075 4.88696
      vertex 43.0795 -8.19948 4.28575
    endloop
  endfacet
  facet normal 0.225367 -0.456988 0.860448
    outer loop
      vertex 45.6264 -6.28111 4.88696
      vertex 45.1649 -7.6407 4.28575
      vertex 46.1351 -7.16224 4.28575
    endloop
  endfacet
  facet normal 0.132971 -0.391729 0.910421
    outer loop
      vertex 44.3387 -5.64608 5.40455
      vertex 43.5817 -5.90304 5.40455
      vertex 43.8772 -7.00567 4.88696
    endloop
  endfacet
  facet normal 0.0267319 -0.407189 0.912953
    outer loop
      vertex -45 -17.8446 3.86633
      vertex -45 -18.6748 3.49605
      vertex -44.3115 -18.6296 3.49605
    endloop
  endfacet
  facet normal 0.0267429 -0.407181 0.912956
    outer loop
      vertex -44.4199 -17.8065 3.86633
      vertex -45 -17.8446 3.86633
      vertex -44.3115 -18.6296 3.49605
    endloop
  endfacet
  facet normal 0.139686 -0.702256 0.698086
    outer loop
      vertex 44.3672 -8.83452 3.61121
      vertex 43.2877 -9.7812 2.87488
      vertex 44.5534 -9.52944 2.87488
    endloop
  endfacet
  facet normal 0.139685 -0.702256 0.698086
    outer loop
      vertex 44.3672 -8.83452 3.61121
      vertex 43.1938 -9.06792 3.61121
      vertex 43.2877 -9.7812 2.87488
    endloop
  endfacet
  facet normal 0.0328795 -0.502212 0.864119
    outer loop
      vertex -44.3115 -18.6296 3.49605
      vertex -45 -19.4147 3.06596
      vertex -44.2149 -19.3633 3.06596
    endloop
  endfacet
  facet normal -0.039542 -0.603345 0.796499
    outer loop
      vertex -45.7851 -19.3633 3.06596
      vertex -45.8682 -19.9949 2.5834
      vertex -45 -20.0518 2.5834
    endloop
  endfacet
  facet normal -0.00967312 0.0756769 0.997085
    outer loop
      vertex 41.9061 0.713279 6.48608
      vertex -45.2037 14.9474 4.56065
      vertex -45.0683 13.9187 4.64004
    endloop
  endfacet
  facet normal -0.0119958 0.0605202 0.998095
    outer loop
      vertex -45.0683 13.9187 4.64004
      vertex -45.1354 13.9054 4.64004
      vertex 41.9061 0.713279 6.48608
    endloop
  endfacet
  facet normal -0.0172909 0.0258908 0.999515
    outer loop
      vertex -45.2616 13.8531 4.64004
      vertex -45.3185 13.8151 4.64004
      vertex 41.562 0.570765 6.48608
    endloop
  endfacet
  facet normal -0.021048 0.00138677 0.999778
    outer loop
      vertex -45.5187 13.4683 4.64004
      vertex -45.5232 13.4 4.64004
      vertex 41.2867 0.0939045 6.48608
    endloop
  endfacet
  facet normal 0.148386 -0.0503814 0.987645
    outer loop
      vertex 45.4154 -0.915141 6.15505
      vertex 44.0729 -0.555424 6.3751
      vertex 45.2667 -1.3531 6.15505
    endloop
  endfacet
  facet normal 0.153703 -0.0305377 0.987645
    outer loop
      vertex 44.1276 -0.280107 6.3751
      vertex 44.0729 -0.555424 6.3751
      vertex 45.4154 -0.915141 6.15505
    endloop
  endfacet
  facet normal 0.22559 0.0765918 0.971207
    outer loop
      vertex 46.4948 1.86182 5.82967
      vertex 45.2667 1.3531 6.15505
      vertex 46.6994 1.2592 5.82967
    endloop
  endfacet
  facet normal 0.198087 0.132329 0.971211
    outer loop
      vertex 46.2134 2.43259 5.82967
      vertex 44.8052 2.15248 6.15505
      vertex 45.0621 1.76792 6.15505
    endloop
  endfacet
  facet normal 0.132983 0.391732 0.910418
    outer loop
      vertex 44.7755 6.70072 4.88696
      vertex 43.8772 7.00567 4.88696
      vertex 44.3387 5.64608 5.40455
    endloop
  endfacet
  facet normal -0.0192839 0.0128646 0.999731
    outer loop
      vertex 41.4292 0.437963 6.48608
      vertex -45.4531 13.6616 4.64004
      vertex 41.377 0.359716 6.48608
    endloop
  endfacet
  facet normal -0.0197596 0.00976264 0.999757
    outer loop
      vertex 41.377 0.359716 6.48608
      vertex -45.4531 13.6616 4.64004
      vertex 41.3353 0.275315 6.48608
    endloop
  endfacet
  facet normal 0.17973 0.268996 0.946223
    outer loop
      vertex 45.0556 5.29252 5.40455
      vertex 44.4326 4.21337 5.82967
      vertex 45.7203 4.8484 5.40455
    endloop
  endfacet
  facet normal 0.0259632 0.317441 0.947923
    outer loop
      vertex -44.4199 17.8065 3.86633
      vertex -44.5382 16.908 4.17046
      vertex 42.635 4.82355 5.82967
    endloop
  endfacet
  facet normal 0.016524 0.252048 0.967574
    outer loop
      vertex 42.635 4.82355 5.82967
      vertex -44.5382 16.908 4.17046
      vertex 42 4.86518 5.82967
    endloop
  endfacet
  facet normal -0.0202073 0.00684823 0.999772
    outer loop
      vertex 41.3353 0.275315 6.48608
      vertex -45.4834 13.6002 4.64004
      vertex 41.3051 0.186203 6.48608
    endloop
  endfacet
  facet normal 0.0696917 0.0344326 0.996974
    outer loop
      vertex 43.9826 0.821236 6.3751
      vertex 42.623 0.359716 6.48608
      vertex 42.6647 0.275315 6.48608
    endloop
  endfacet
  facet normal 0.23365 -0.0464598 0.97121
    outer loop
      vertex 45.5056 -0.461518 6.15505
      vertex 45.4154 -0.915141 6.15505
      vertex 46.8236 -0.635033 5.82967
    endloop
  endfacet
  facet normal 0.22559 -0.0765946 0.971207
    outer loop
      vertex 45.4154 -0.915141 6.15505
      vertex 45.2667 -1.3531 6.15505
      vertex 46.6994 -1.2592 5.82967
    endloop
  endfacet
  facet normal 0.179103 -0.157095 0.971207
    outer loop
      vertex 44.8052 -2.15248 6.15505
      vertex 44.5002 -2.50021 6.15505
      vertex 45.8598 -2.96173 5.82967
    endloop
  endfacet
  facet normal 0.117808 -0.103331 0.987646
    outer loop
      vertex 44.8052 -2.15248 6.15505
      vertex 43.5174 -1.51745 6.3751
      vertex 44.5002 -2.50021 6.15505
    endloop
  endfacet
  facet normal 0.0646231 -0.0431928 0.996975
    outer loop
      vertex 43.8585 -1.073 6.3751
      vertex 42.5708 -0.437963 6.48608
      vertex 43.7025 -1.3064 6.3751
    endloop
  endfacet
  facet normal 0.0584381 -0.0512528 0.996974
    outer loop
      vertex 43.7025 -1.3064 6.3751
      vertex 42.5708 -0.437963 6.48608
      vertex 43.5174 -1.51745 6.3751
    endloop
  endfacet
  facet normal 0.0736199 0.0249497 0.996974
    outer loop
      vertex 43.9826 0.821236 6.3751
      vertex 42.6647 0.275315 6.48608
      vertex 42.6949 0.186203 6.48608
    endloop
  endfacet
  facet normal 0.678059 0.230132 0.698051
    outer loop
      vertex 51.1146 3.7754 2.87488
      vertex 50.45 3.50009 3.61121
      vertex 50.8345 2.3672 3.61121
    endloop
  endfacet
  facet normal 0.547936 0.270229 0.791671
    outer loop
      vertex 49.9208 4.57308 3.61121
      vertex 49.1622 4.13512 4.28575
      vertex 49.6407 3.16488 4.28575
    endloop
  endfacet
  facet normal 0.311038 0.27276 0.910416
    outer loop
      vertex 47.1285 5.12851 4.88696
      vertex 46.8484 3.72031 5.40455
      vertex 47.754 4.41523 4.88696
    endloop
  endfacet
  facet normal 0.391734 0.132995 0.910416
    outer loop
      vertex 48.7007 2.77553 4.88696
      vertex 47.6461 2.33868 5.40455
      vertex 49.0057 1.87716 4.88696
    endloop
  endfacet
  facet normal 0.456987 0.22536 0.860451
    outer loop
      vertex 49.6407 3.16488 4.28575
      vertex 48.2811 3.6264 4.88696
      vertex 48.7007 2.77553 4.88696
    endloop
  endfacet
  facet normal 0.45699 0.225377 0.860445
    outer loop
      vertex 49.1622 4.13512 4.28575
      vertex 48.2811 3.6264 4.88696
      vertex 49.6407 3.16488 4.28575
    endloop
  endfacet
  facet normal 0.405729 0.0807115 0.910423
    outer loop
      vertex 48.3884 1.06533 5.23403
      vertex 49.1908 0.94668 4.88696
      vertex 49.0057 1.87716 4.88696
    endloop
  endfacet
  facet normal 0.405616 0.0813491 0.910416
    outer loop
      vertex 49.1908 0.94668 4.88696
      vertex 48.5155 0.875 5.19423
      vertex 48.5235 0.858837 5.19211
    endloop
  endfacet
  facet normal 0.405714 0.0805472 0.910444
    outer loop
      vertex 49.1908 0.94668 4.88696
      vertex 48.3884 1.06533 5.23403
      vertex 48.5155 0.875 5.19423
    endloop
  endfacet
  facet normal 0.405471 0.0809482 0.910517
    outer loop
      vertex 48.3884 1.06533 5.23403
      vertex 49.0057 1.87716 4.88696
      vertex 48.341 1.1193 5.25034
    endloop
  endfacet
  facet normal 0.609618 0.0399267 0.791689
    outer loop
      vertex 51.1462 0 3.61121
      vertex 50.1995 1.07948 4.28575
      vertex 50.2702 0 4.28575
    endloop
  endfacet
  facet normal 0.599233 0.119194 0.791652
    outer loop
      vertex 50.8345 2.3672 3.61121
      vertex 50.1995 1.07948 4.28575
      vertex 51.0679 1.19381 3.61121
    endloop
  endfacet
  facet normal 0.599203 0.119218 0.791671
    outer loop
      vertex 50.8345 2.3672 3.61121
      vertex 49.9884 2.14049 4.28575
      vertex 50.1995 1.07948 4.28575
    endloop
  endfacet
  facet normal 0.322839 0.0211327 0.946218
    outer loop
      vertex 46.8236 0.635033 5.82967
      vertex 47.3697 0.337132 5.65
      vertex 47.3457 0.703774 5.65
    endloop
  endfacet
  facet normal 0.322847 0.0211492 0.946215
    outer loop
      vertex 47.3697 0.337132 5.65
      vertex 46.8236 0.635033 5.82967
      vertex 46.8652 0 5.82967
    endloop
  endfacet
  facet normal 0.233656 0.0464941 0.971207
    outer loop
      vertex 46.6994 1.2592 5.82967
      vertex 45.4154 0.915141 6.15505
      vertex 46.8236 0.635033 5.82967
    endloop
  endfacet
  facet normal 0.317309 -0.0631333 0.946218
    outer loop
      vertex 46.8236 -0.635033 5.82967
      vertex 47.274 -1.06414 5.65
      vertex 47.3457 -0.703774 5.65
    endloop
  endfacet
  facet normal 0.317304 -0.0631389 0.94622
    outer loop
      vertex 47.274 -1.06414 5.65
      vertex 46.8236 -0.635033 5.82967
      vertex 46.6994 -1.2592 5.82967
    endloop
  endfacet
  facet normal 0.322847 -0.0211492 0.946215
    outer loop
      vertex 46.8236 -0.635033 5.82967
      vertex 47.3697 -0.337132 5.65
      vertex 46.8652 0 5.82967
    endloop
  endfacet
  facet normal 0.322839 -0.0211327 0.946218
    outer loop
      vertex 47.3697 -0.337132 5.65
      vertex 46.8236 -0.635033 5.82967
      vertex 47.3457 -0.703774 5.65
    endloop
  endfacet
  facet normal 0.542327 -0.81166 0.217001
    outer loop
      vertex 48.5677 -8.5592 1.26809
      vertex 47.3943 -9.34323 1.26809
      vertex 48.682 -8.7082 0.425119
    endloop
  endfacet
  facet normal 0.542334 -0.811651 0.217018
    outer loop
      vertex 48.682 -8.7082 0.425119
      vertex 47.3943 -9.34323 1.26809
      vertex 47.4882 -9.50588 0.425119
    endloop
  endfacet
  facet normal 0.659339 -0.751845 0
    outer loop
      vertex 48.682 -8.7082 0
      vertex 49.7615 -7.76152 0.425119
      vertex 48.682 -8.7082 0.425119
    endloop
  endfacet
  facet normal 0.659339 -0.751845 0
    outer loop
      vertex 49.7615 -7.76152 0.425119
      vertex 48.682 -8.7082 0
      vertex 49.7615 -7.76152 0
    endloop
  endfacet
  facet normal 0.506162 -0.757535 0.412239
    outer loop
      vertex 48.341 -8.26375 2.08936
      vertex 47.2081 -9.02072 2.08936
      vertex 47.3943 -9.34323 1.26809
    endloop
  endfacet
  facet normal 0.643635 -0.733919 0.217017
    outer loop
      vertex 49.6287 -7.62872 1.26809
      vertex 48.5677 -8.5592 1.26809
      vertex 49.7615 -7.76152 0.425119
    endloop
  endfacet
  facet normal 0.283079 -0.423663 0.860451
    outer loop
      vertex 46.4152 -5.75404 4.88696
      vertex 46.1351 -7.16224 4.28575
      vertex 47.0346 -6.56122 4.28575
    endloop
  endfacet
  facet normal 0.339423 -0.507989 0.791669
    outer loop
      vertex 47.0346 -6.56122 4.28575
      vertex 46.1351 -7.16224 4.28575
      vertex 46.5731 -7.92081 3.61121
    endloop
  endfacet
  facet normal 0.456987 -0.22536 0.860451
    outer loop
      vertex 48.7007 -2.77553 4.88696
      vertex 48.2811 -3.6264 4.88696
      vertex 49.6407 -3.16488 4.28575
    endloop
  endfacet
  facet normal 0.371023 -0.182967 0.91042
    outer loop
      vertex 48.7007 -2.77553 4.88696
      vertex 47.2925 -3.05564 5.40455
      vertex 48.2811 -3.6264 4.88696
    endloop
  endfacet
  facet normal 0.957412 -0.190435 0.217015
    outer loop
      vertex 52.6963 -1.4082 1.26809
      vertex 52.6024 -2.84091 0.425119
      vertex 52.8825 -1.43271 0.425119
    endloop
  endfacet
  facet normal 0.893577 -0.177734 0.412226
    outer loop
      vertex 52.6963 -1.4082 1.26809
      vertex 52.3271 -1.35959 2.08936
      vertex 52.421 -2.7923 1.26809
    endloop
  endfacet
  facet normal 0.81711 -0.402938 0.412276
    outer loop
      vertex 51.6233 -3.98612 2.08936
      vertex 51.0207 -5.20812 2.08936
      vertex 51.9674 -4.12863 1.26809
    endloop
  endfacet
  facet normal 0.775934 -0.263386 0.573196
    outer loop
      vertex 51.5294 -2.5534 2.87488
      vertex 51.1146 -3.7754 2.87488
      vertex 52.0613 -2.69592 2.08936
    endloop
  endfacet
  facet normal 0.87548 -0.43176 0.217069
    outer loop
      vertex 51.9674 -4.12863 1.26809
      vertex 51.3432 -5.39432 1.26809
      vertex 51.5059 -5.48822 0.425119
    endloop
  endfacet
  facet normal 0.817114 -0.402976 0.412232
    outer loop
      vertex 51.9674 -4.12863 1.26809
      vertex 51.0207 -5.20812 2.08936
      vertex 51.3432 -5.39432 1.26809
    endloop
  endfacet
  facet normal 0.757554 -0.506159 0.412207
    outer loop
      vertex 51.3432 -5.39432 1.26809
      vertex 50.2638 -6.341 2.08936
      vertex 50.5592 -6.56771 1.26809
    endloop
  endfacet
  facet normal 0.757555 -0.506138 0.412233
    outer loop
      vertex 51.0207 -5.20812 2.08936
      vertex 50.2638 -6.341 2.08936
      vertex 51.3432 -5.39432 1.26809
    endloop
  endfacet
  facet normal 0.157068 0.179116 0.971209
    outer loop
      vertex 44.9617 3.8598 5.82967
      vertex 44.5002 2.50021 6.15505
      vertex 45.4402 3.4402 5.82967
    endloop
  endfacet
  facet normal 0.0765782 0.225587 0.971209
    outer loop
      vertex 43.8618 4.49484 5.82967
      vertex 43.2592 4.6994 5.82967
      vertex 43.3531 3.26668 6.15505
    endloop
  endfacet
  facet normal 0.371023 0.182967 0.91042
    outer loop
      vertex 48.2811 3.6264 4.88696
      vertex 47.2925 3.05564 5.40455
      vertex 48.7007 2.77553 4.88696
    endloop
  endfacet
  facet normal 0.343971 0.229825 0.91042
    outer loop
      vertex 48.2811 3.6264 4.88696
      vertex 46.8484 3.72031 5.40455
      vertex 47.2925 3.05564 5.40455
    endloop
  endfacet
  facet normal 0.213305 0.24322 0.946227
    outer loop
      vertex 45.7203 4.8484 5.40455
      vertex 44.9617 3.8598 5.82967
      vertex 46.3213 4.32132 5.40455
    endloop
  endfacet
  facet normal 0.268976 0.179744 0.946226
    outer loop
      vertex 46.8484 3.72031 5.40455
      vertex 45.8598 2.96173 5.82967
      vertex 46.2134 2.43259 5.82967
    endloop
  endfacet
  facet normal 0.335952 0.383091 0.860452
    outer loop
      vertex 47.0346 6.56122 4.28575
      vertex 46.4152 5.75404 4.88696
      vertex 47.1285 5.12851 4.88696
    endloop
  endfacet
  facet normal 0.283079 0.423663 0.860451
    outer loop
      vertex 47.0346 6.56122 4.28575
      vertex 46.1351 7.16224 4.28575
      vertex 46.4152 5.75404 4.88696
    endloop
  endfacet
  facet normal 0.270222 0.547944 0.791667
    outer loop
      vertex 46.5731 7.92081 3.61121
      vertex 45.1649 7.6407 4.28575
      vertex 46.1351 7.16224 4.28575
    endloop
  endfacet
  facet normal 0.225367 0.456988 0.860448
    outer loop
      vertex 46.1351 7.16224 4.28575
      vertex 45.1649 7.6407 4.28575
      vertex 45.6264 6.28111 4.88696
    endloop
  endfacet
  facet normal 0.555574 0.831467 -0
    outer loop
      vertex 48.682 8.7082 0
      vertex 47.4882 9.50588 0.425119
      vertex 48.682 8.7082 0.425119
    endloop
  endfacet
  facet normal 0.555574 0.831467 0
    outer loop
      vertex 47.4882 9.50588 0.425119
      vertex 48.682 8.7082 0
      vertex 47.4882 9.50588 0
    endloop
  endfacet
  facet normal 0.600717 0.68498 0.412239
    outer loop
      vertex 48.5677 8.5592 1.26809
      vertex 48.341 8.26375 2.08936
      vertex 49.6287 7.62872 1.26809
    endloop
  endfacet
  facet normal 0.643629 0.733931 0.216997
    outer loop
      vertex 48.682 8.7082 0.425119
      vertex 48.5677 8.5592 1.26809
      vertex 49.7615 7.76152 0.425119
    endloop
  endfacet
  facet normal 0.87548 0.43176 0.217069
    outer loop
      vertex 51.5059 5.48822 0.425119
      vertex 51.3432 5.39432 1.26809
      vertex 51.9674 4.12863 1.26809
    endloop
  endfacet
  facet normal 0.751832 0.659354 0
    outer loop
      vertex 50.7082 6.68204 0.425119
      vertex 49.7615 7.76152 0
      vertex 49.7615 7.76152 0.425119
    endloop
  endfacet
  facet normal 0.751832 0.659354 0
    outer loop
      vertex 49.7615 7.76152 0
      vertex 50.7082 6.68204 0.425119
      vertex 50.7082 6.68204 0
    endloop
  endfacet
  facet normal 0.81769 -0.0535869 0.573159
    outer loop
      vertex 52.4162 0 2.08936
      vertex 51.7812 -1.28772 2.87488
      vertex 52.3271 -1.35959 2.08936
    endloop
  endfacet
  facet normal 0.8037 -0.159858 0.57316
    outer loop
      vertex 52.3271 -1.35959 2.08936
      vertex 51.7812 -1.28772 2.87488
      vertex 52.0613 -2.69592 2.08936
    endloop
  endfacet
  facet normal 0.909132 0.0595795 0.412225
    outer loop
      vertex 52.6963 1.4082 1.26809
      vertex 52.3271 1.35959 2.08936
      vertex 52.4162 0 2.08936
    endloop
  endfacet
  facet normal 0.893577 0.177734 0.412226
    outer loop
      vertex 52.421 2.7923 1.26809
      vertex 52.3271 1.35959 2.08936
      vertex 52.6963 1.4082 1.26809
    endloop
  endfacet
  facet normal 0.997859 0.0653998 0
    outer loop
      vertex 52.9764 0 0.425119
      vertex 52.8825 1.43271 0
      vertex 52.8825 1.43271 0.425119
    endloop
  endfacet
  facet normal 0.997859 0.0653998 0
    outer loop
      vertex 52.8825 1.43271 0
      vertex 52.9764 0 0.425119
      vertex 52.9764 0 0
    endloop
  endfacet
  facet normal 0.831465 0.555577 0
    outer loop
      vertex 51.5059 5.48822 0.425119
      vertex 50.7082 6.68204 0
      vertex 50.7082 6.68204 0.425119
    endloop
  endfacet
  facet normal 0.831465 0.555577 0
    outer loop
      vertex 50.7082 6.68204 0
      vertex 51.5059 5.48822 0.425119
      vertex 51.5059 5.48822 0
    endloop
  endfacet
  facet normal -1 0 0
    outer loop
      vertex -52.9829 -13.4 0
      vertex -52.9829 13.4 0.304124
      vertex -52.9829 13.4 0
    endloop
  endfacet
  facet normal -1 -0 0
    outer loop
      vertex -52.9829 13.4 0.304124
      vertex -52.9829 -13.4 0
      vertex -52.9829 -13.4 0.304124
    endloop
  endfacet
  facet normal -0.973316 0.0637726 0.220429
    outer loop
      vertex -52.7792 14.4241 0.907169
      vertex -52.9146 14.442 0.304124
      vertex -52.8463 13.4 0.907169
    endloop
  endfacet
  facet normal -0.923622 0.313545 0.22048
    outer loop
      vertex -52.3752 16.4549 0.304124
      vertex -52.5789 15.4308 0.907169
      vertex -52.249 16.4026 0.907169
    endloop
  endfacet
  facet normal -0.637008 0.314115 0.703955
    outer loop
      vertex -51.2137 16.9875 2.05664
      vertex -51.6288 16.1457 2.05664
      vertex -51.1454 15.9455 2.5834
    endloop
  endfacet
  facet normal -0.751805 0.659386 0
    outer loop
      vertex -51.3332 18.2597 0
      vertex -50.6447 19.0447 0.304124
      vertex -50.6447 19.0447 0
    endloop
  endfacet
  facet normal -0.751805 0.659386 0
    outer loop
      vertex -50.6447 19.0447 0.304124
      vertex -51.3332 18.2597 0
      vertex -51.3332 18.2597 0.304124
    endloop
  endfacet
  facet normal -0.603398 -0.0396149 0.796456
    outer loop
      vertex -50.9633 -14.1851 3.06596
      vertex -51.6518 -13.4 2.5834
      vertex -51.5948 -14.2682 2.5834
    endloop
  endfacet
  facet normal -0.708675 -0.0465267 0.703999
    outer loop
      vertex -51.6518 -13.4 2.5834
      vertex -52.1136 -14.3365 2.05664
      vertex -51.5948 -14.2682 2.5834
    endloop
  endfacet
  facet normal -0.799319 0.158995 0.579491
    outer loop
      vertex -51.9305 15.257 2.05664
      vertex -52.5106 14.3888 1.49469
      vertex -52.1136 14.3365 2.05664
    endloop
  endfacet
  facet normal -0.813237 0.0532947 0.579487
    outer loop
      vertex -52.5106 14.3888 1.49469
      vertex -52.5754 13.4 1.49469
      vertex -52.1136 14.3365 2.05664
    endloop
  endfacet
  facet normal -0.891044 -0.177219 0.417892
    outer loop
      vertex -52.5106 -14.3888 1.49469
      vertex -52.5789 -15.4308 0.907169
      vertex -52.3173 -15.3607 1.49469
    endloop
  endfacet
  facet normal -0.77171 -0.261952 0.579521
    outer loop
      vertex -51.9305 -15.257 2.05664
      vertex -52.3173 -15.3607 1.49469
      vertex -51.9988 -16.299 1.49469
    endloop
  endfacet
  facet normal -0.7095 0 0.704705
    outer loop
      vertex -52.175 -13.4 2.05664
      vertex -51.6518 13.4 2.5834
      vertex -52.175 13.4 2.05664
    endloop
  endfacet
  facet normal -0.7095 0 0.704705
    outer loop
      vertex -51.6518 13.4 2.5834
      vertex -52.175 -13.4 2.05664
      vertex -51.6518 -13.4 2.5834
    endloop
  endfacet
  facet normal -0.672543 -0.228317 0.703959
    outer loop
      vertex -51.4251 -15.1216 2.5834
      vertex -51.9305 -15.257 2.05664
      vertex -51.1454 -15.9455 2.5834
    endloop
  endfacet
  facet normal -0.696591 -0.138562 0.703961
    outer loop
      vertex -51.4251 -15.1216 2.5834
      vertex -52.1136 -14.3365 2.05664
      vertex -51.9305 -15.257 2.05664
    endloop
  endfacet
  facet normal -0.504707 0.755378 0.417941
    outer loop
      vertex -48.9231 20.1951 0.907169
      vertex -49.7765 19.6249 0.907169
      vertex -48.7877 19.9605 1.49469
    endloop
  endfacet
  facet normal -0.0685666 0.0338366 0.997073
    outer loop
      vertex -45.4531 13.6616 4.64004
      vertex -46.4419 13.9973 4.56065
      vertex -45.4834 13.6002 4.64004
    endloop
  endfacet
  facet normal -0.0503706 0.0575186 0.997073
    outer loop
      vertex -45.3185 13.8151 4.64004
      vertex -45.9501 14.6382 4.56065
      vertex -45.37 13.77 4.64004
    endloop
  endfacet
  facet normal -0.0753723 0.222112 0.972103
    outer loop
      vertex -45.9158 16.8177 4.17046
      vertex -46.354 16.669 4.17046
      vertex -45.6656 15.8839 4.40322
    endloop
  endfacet
  facet normal -0.0495357 0.14604 0.988038
    outer loop
      vertex -45.4039 14.9075 4.56065
      vertex -45.9841 15.7758 4.40322
      vertex -45.5973 14.8419 4.56065
    endloop
  endfacet
  facet normal -0.0100475 0.153885 0.988038
    outer loop
      vertex -45 15.9715 4.40322
      vertex -45.2037 14.9474 4.56065
      vertex -45 14.9607 4.56065
    endloop
  endfacet
  facet normal -0.00637467 0.0976332 0.995202
    outer loop
      vertex -45 14.9607 4.56065
      vertex -45.2037 14.9474 4.56065
      vertex 41.7199 2.12763 6.3751
    endloop
  endfacet
  facet normal -0.0762965 -0.00498156 0.997073
    outer loop
      vertex -45.5232 -13.4 4.64004
      vertex -46.5607 -13.4 4.56065
      vertex -46.5474 -13.6037 4.56065
    endloop
  endfacet
  facet normal -0.210347 -0.103744 0.972107
    outer loop
      vertex -47.3758 -14.3841 4.40322
      vertex -48.269 -14.7541 4.17046
      vertex -47.227 -14.6858 4.40322
    endloop
  endfacet
  facet normal -0.00967312 -0.0756769 0.997085
    outer loop
      vertex -45.0683 -13.9187 4.64004
      vertex -45.2037 -14.9474 4.56065
      vertex 41.9061 -0.713279 6.48608
    endloop
  endfacet
  facet normal -0.0148644 -0.0749927 0.997073
    outer loop
      vertex -45.1354 -13.9054 4.64004
      vertex -45.2037 -14.9474 4.56065
      vertex -45.0683 -13.9187 4.64004
    endloop
  endfacet
  facet normal -0.318081 -0.0208702 0.947834
    outer loop
      vertex -48.5383 -13.4 4.17046
      vertex -49.4065 -13.9801 3.86633
      vertex -48.508 -13.8618 4.17046
    endloop
  endfacet
  facet normal -0.318069 -0.0208902 0.947837
    outer loop
      vertex -48.5383 -13.4 4.17046
      vertex -49.4446 -13.4 3.86633
      vertex -49.4065 -13.9801 3.86633
    endloop
  endfacet
  facet normal -0.154604 0.176343 0.972111
    outer loop
      vertex -47.154 16.2071 4.17046
      vertex -47.502 15.902 4.17046
      vertex -46.8183 15.2183 4.40322
    endloop
  endfacet
  facet normal -0.146029 0.0495626 0.988038
    outer loop
      vertex -47.3758 14.3841 4.40322
      vertex -47.4839 14.0656 4.40322
      vertex -46.4419 13.9973 4.56065
    endloop
  endfacet
  facet normal -0.234038 0.0153376 0.972107
    outer loop
      vertex -47.5495 13.7357 4.40322
      vertex -48.5383 13.4 4.17046
      vertex -47.5715 13.4 4.40322
    endloop
  endfacet
  facet normal -0.0594067 0.906503 0.418
    outer loop
      vertex -45 20.9754 1.49469
      vertex -46.0241 21.1792 0.907169
      vertex -45.9888 20.9106 1.49469
    endloop
  endfacet
  facet normal -0.0593955 0.906511 0.417983
    outer loop
      vertex -45 21.2463 0.907169
      vertex -46.0241 21.1792 0.907169
      vertex -45 20.9754 1.49469
    endloop
  endfacet
  facet normal -0.401857 0.814807 0.417852
    outer loop
      vertex -48.0026 20.649 0.907169
      vertex -48.7877 19.9605 1.49469
      vertex -47.899 20.3988 1.49469
    endloop
  endfacet
  facet normal -0.360481 0.730914 0.579499
    outer loop
      vertex -47.899 20.3988 1.49469
      vertex -48.7877 19.9605 1.49469
      vertex -48.5875 19.6137 2.05664
    endloop
  endfacet
  facet normal -0.603785 0 0.797147
    outer loop
      vertex -51.6518 13.4 2.5834
      vertex -51.0147 -13.4 3.06596
      vertex -51.0147 13.4 3.06596
    endloop
  endfacet
  facet normal -0.603785 0 0.797147
    outer loop
      vertex -51.0147 -13.4 3.06596
      vertex -51.6518 13.4 2.5834
      vertex -51.6518 -13.4 2.5834
    endloop
  endfacet
  facet normal -0.318138 0 0.948044
    outer loop
      vertex -49.4446 13.4 3.86633
      vertex -48.5383 -13.4 4.17046
      vertex -48.5383 13.4 4.17046
    endloop
  endfacet
  facet normal -0.318138 0 0.948044
    outer loop
      vertex -48.5383 -13.4 4.17046
      vertex -49.4446 13.4 3.86633
      vertex -49.4446 -13.4 3.86633
    endloop
  endfacet
  facet normal -0.542311 0.267429 0.79648
    outer loop
      vertex -50.2089 16.4074 3.06596
      vertex -51.1454 15.9455 2.5834
      vertex -50.5569 15.7017 3.06596
    endloop
  endfacet
  facet normal -0.418511 0.279615 0.864097
    outer loop
      vertex -49.1848 16.6111 3.49605
      vertex -50.2089 16.4074 3.06596
      vertex -49.5681 16.0374 3.49605
    endloop
  endfacet
  facet normal -0.502726 0.335945 0.796497
    outer loop
      vertex -49.7718 17.0615 3.06596
      vertex -50.2772 17.4493 2.5834
      vertex -50.2089 16.4074 3.06596
    endloop
  endfacet
  facet normal -0.398662 0.454602 0.796496
    outer loop
      vertex -49.0493 18.6772 2.5834
      vertex -49.7035 18.1035 2.5834
      vertex -48.6615 18.1718 3.06596
    endloop
  endfacet
  facet normal -0.77171 0.261952 0.579521
    outer loop
      vertex -51.9988 16.299 1.49469
      vertex -52.3173 15.3607 1.49469
      vertex -51.9305 15.257 2.05664
    endloop
  endfacet
  facet normal -0.730898 0.360413 0.57956
    outer loop
      vertex -51.2137 16.9875 2.05664
      vertex -51.9988 16.299 1.49469
      vertex -51.6288 16.1457 2.05664
    endloop
  endfacet
  facet normal -0.874816 0.431373 0.220485
    outer loop
      vertex -51.7951 17.3231 0.907169
      vertex -52.3752 16.4549 0.304124
      vertex -52.249 16.4026 0.907169
    endloop
  endfacet
  facet normal -0.16178 0.476588 0.864113
    outer loop
      vertex -46.5567 19.2098 3.06596
      vertex -47.0186 18.2732 3.49605
      vertex -46.3652 18.495 3.49605
    endloop
  endfacet
  facet normal -0.131168 0.386408 0.912953
    outer loop
      vertex -46.3652 18.495 3.49605
      vertex -47.0186 18.2732 3.49605
      vertex -46.1503 17.6931 3.86633
    endloop
  endfacet
  facet normal -0.339284 -0.226682 0.912963
    outer loop
      vertex -48.5261 -16.1057 3.86633
      vertex -49.5681 -16.0374 3.49605
      vertex -49.1848 -16.6111 3.49605
    endloop
  endfacet
  facet normal -0.285916 -0.140984 0.947827
    outer loop
      vertex -48.269 -14.7541 4.17046
      vertex -49.1062 -15.1009 3.86633
      vertex -48.8491 -15.6223 3.86633
    endloop
  endfacet
  facet normal -0.755374 -0.504704 0.417952
    outer loop
      vertex -51.01 -18.0116 1.49469
      vertex -51.7951 -17.3231 0.907169
      vertex -51.2249 -18.1765 0.907169
    endloop
  endfacet
  facet normal -0.896884 -0.442265 0
    outer loop
      vertex -51.9134 -17.3914 0
      vertex -52.3752 -16.4549 0.304124
      vertex -52.3752 -16.4549 0
    endloop
  endfacet
  facet normal -0.896884 -0.442265 0
    outer loop
      vertex -52.3752 -16.4549 0.304124
      vertex -51.9134 -17.3914 0
      vertex -51.9134 -17.3914 0.304124
    endloop
  endfacet
  facet normal -0.751805 -0.659386 0
    outer loop
      vertex -50.6447 -19.0447 0
      vertex -51.3332 -18.2597 0.304124
      vertex -51.3332 -18.2597 0
    endloop
  endfacet
  facet normal -0.751805 -0.659386 0
    outer loop
      vertex -51.3332 -18.2597 0.304124
      vertex -50.6447 -19.0447 0
      vertex -50.6447 -19.0447 0.304124
    endloop
  endfacet
  facet normal -0.138605 -0.696616 0.703928
    outer loop
      vertex -45.8682 -19.9949 2.5834
      vertex -46.7216 -19.8251 2.5834
      vertex -45.9365 -20.5136 2.05664
    endloop
  endfacet
  facet normal -0.0533197 -0.813255 0.57946
    outer loop
      vertex -45 -20.575 2.05664
      vertex -45.9365 -20.5136 2.05664
      vertex -45 -20.9754 1.49469
    endloop
  endfacet
  facet normal -0.194366 -0.572568 0.796485
    outer loop
      vertex -46.5567 -19.2098 3.06596
      vertex -47.3017 -18.9569 3.06596
      vertex -46.7216 -19.8251 2.5834
    endloop
  endfacet
  facet normal -0.228317 -0.672544 0.703958
    outer loop
      vertex -47.5455 -19.5454 2.5834
      vertex -47.7457 -20.0288 2.05664
      vertex -46.7216 -19.8251 2.5834
    endloop
  endfacet
  facet normal -0.138562 -0.696591 0.703961
    outer loop
      vertex -46.7216 -19.8251 2.5834
      vertex -46.857 -20.3305 2.05664
      vertex -45.9365 -20.5136 2.05664
    endloop
  endfacet
  facet normal -0.261945 -0.771688 0.579554
    outer loop
      vertex -47.7457 -20.0288 2.05664
      vertex -47.899 -20.3988 1.49469
      vertex -46.9607 -20.7173 1.49469
    endloop
  endfacet
  facet normal 0.313766 -0.924368 0.217015
    outer loop
      vertex 46.1286 -9.9674 1.26809
      vertex 44.8409 -10.6024 0.425119
      vertex 46.2005 -10.1409 0.425119
    endloop
  endfacet
  facet normal 0.321426 -0.946935 0
    outer loop
      vertex 44.8409 -10.6024 0
      vertex 46.2005 -10.1409 0.425119
      vertex 44.8409 -10.6024 0.425119
    endloop
  endfacet
  facet normal 0.321426 -0.946935 0
    outer loop
      vertex 46.2005 -10.1409 0.425119
      vertex 44.8409 -10.6024 0
      vertex 46.2005 -10.1409 0
    endloop
  endfacet
  facet normal 0.0946245 -0.81341 0.573943
    outer loop
      vertex 43.2877 -9.7812 2.87488
      vertex -44.0112 -20.9106 1.49469
      vertex 43.3596 -10.3271 2.08936
    endloop
  endfacet
  facet normal 0.263398 -0.775953 0.573165
    outer loop
      vertex 45.7754 -9.11463 2.87488
      vertex 44.6959 -10.0613 2.08936
      vertex 45.9861 -9.62334 2.08936
    endloop
  endfacet
  facet normal 0.36243 -0.73493 0.573169
    outer loop
      vertex 46.9328 -8.54386 2.87488
      vertex 45.7754 -9.11463 2.87488
      vertex 47.2081 -9.02072 2.08936
    endloop
  endfacet
  facet normal 0.362427 -0.734935 0.573164
    outer loop
      vertex 47.2081 -9.02072 2.08936
      vertex 45.7754 -9.11463 2.87488
      vertex 45.9861 -9.62334 2.08936
    endloop
  endfacet
  facet normal 0.616059 -0.540289 0.573201
    outer loop
      vertex 49.8269 -6.0058 2.87488
      vertex 48.976 -6.97603 2.87488
      vertex 50.2638 -6.341 2.08936
    endloop
  endfacet
  facet normal 0.472085 -0.538323 0.6981
    outer loop
      vertex 48.4673 -6.46732 3.61121
      vertex 47.5678 -7.25614 3.61121
      vertex 48.0058 -7.82691 2.87488
    endloop
  endfacet
  facet normal -0.0857013 -0.128208 0.988037
    outer loop
      vertex -45.7804 -14.7516 4.56065
      vertex -46.5654 -15.4401 4.40322
      vertex -46.2858 -15.627 4.40322
    endloop
  endfacet
  facet normal -0.103716 -0.21037 0.972105
    outer loop
      vertex -45.9841 -15.7758 4.40322
      vertex -46.7692 -16.4643 4.17046
      vertex -46.354 -16.669 4.17046
    endloop
  endfacet
  facet normal -0.306825 -0.26906 0.912943
    outer loop
      vertex -48.5261 -16.1057 3.86633
      vertex -48.7298 -17.1298 3.49605
      vertex -48.1428 -16.5428 3.86633
    endloop
  endfacet
  facet normal -0.26906 -0.306825 0.912943
    outer loop
      vertex -48.1428 -16.5428 3.86633
      vertex -48.7298 -17.1298 3.49605
      vertex -47.7057 -16.9261 3.86633
    endloop
  endfacet
  facet normal -0.177132 -0.265009 0.947837
    outer loop
      vertex -47.154 -16.2071 4.17046
      vertex -47.7057 -16.9261 3.86633
      vertex -46.7692 -16.4643 4.17046
    endloop
  endfacet
  facet normal -0.13033 -0.194988 0.972108
    outer loop
      vertex -46.5654 -15.4401 4.40322
      vertex -47.154 -16.2071 4.17046
      vertex -46.7692 -16.4643 4.17046
    endloop
  endfacet
  facet normal -0.161785 -0.47659 0.864111
    outer loop
      vertex -47.0186 -18.2732 3.49605
      vertex -47.3017 -18.9569 3.06596
      vertex -46.5567 -19.2098 3.06596
    endloop
  endfacet
  facet normal -0.131168 -0.386408 0.912953
    outer loop
      vertex -46.1503 -17.6931 3.86633
      vertex -47.0186 -18.2732 3.49605
      vertex -46.3652 -18.495 3.49605
    endloop
  endfacet
  facet normal -0.190341 -0.956648 0.220443
    outer loop
      vertex -46.0241 -21.1792 0.907169
      vertex -47.0308 -20.9789 0.907169
      vertex -46.042 -21.3146 0.304124
    endloop
  endfacet
  facet normal -0.177277 -0.890987 0.417989
    outer loop
      vertex -45.9888 -20.9106 1.49469
      vertex -47.0308 -20.9789 0.907169
      vertex -46.0241 -21.1792 0.907169
    endloop
  endfacet
  facet normal -0.331937 -0.378408 0.864075
    outer loop
      vertex -48.2111 -17.5848 3.49605
      vertex -48.7298 -17.1298 3.49605
      vertex -48.6615 -18.1718 3.06596
    endloop
  endfacet
  facet normal -0.331901 -0.378411 0.864087
    outer loop
      vertex -48.7298 -17.1298 3.49605
      vertex -49.253 -17.653 3.06596
      vertex -48.6615 -18.1718 3.06596
    endloop
  endfacet
  facet normal -0.454602 -0.398662 0.796496
    outer loop
      vertex -49.7718 -17.0615 3.06596
      vertex -50.2772 -17.4493 2.5834
      vertex -49.7035 -18.1035 2.5834
    endloop
  endfacet
  facet normal -0.454539 -0.398673 0.796526
    outer loop
      vertex -49.253 -17.653 3.06596
      vertex -49.7718 -17.0615 3.06596
      vertex -49.7035 -18.1035 2.5834
    endloop
  endfacet
  facet normal -0.590543 -0.394621 0.703941
    outer loop
      vertex -50.7606 -16.7259 2.5834
      vertex -51.2137 -16.9875 2.05664
      vertex -50.2772 -17.4493 2.5834
    endloop
  endfacet
  facet normal -0.533957 -0.468272 0.703996
    outer loop
      vertex -50.2772 -17.4493 2.5834
      vertex -50.6923 -17.7679 2.05664
      vertex -50.0735 -18.4735 2.05664
    endloop
  endfacet
  facet normal -0.194366 0.572568 0.796485
    outer loop
      vertex -46.7216 19.8251 2.5834
      vertex -47.3017 18.9569 3.06596
      vertex -46.5567 19.2098 3.06596
    endloop
  endfacet
  facet normal -0.226704 0.339284 0.912958
    outer loop
      vertex -47.6374 17.9681 3.49605
      vertex -47.7057 16.9261 3.86633
      vertex -47.2223 17.2491 3.86633
    endloop
  endfacet
  facet normal -0.26742 0.542294 0.796495
    outer loop
      vertex -47.3017 18.9569 3.06596
      vertex -48.3259 19.1606 2.5834
      vertex -48.0074 18.6089 3.06596
    endloop
  endfacet
  facet normal -0.261981 0.771701 0.57952
    outer loop
      vertex -46.9607 20.7173 1.49469
      vertex -47.7457 20.0288 2.05664
      vertex -46.857 20.3305 2.05664
    endloop
  endfacet
  facet normal -0.64319 0.733339 0.220274
    outer loop
      vertex -49.8597 19.7332 0.304124
      vertex -50.6447 19.0447 0.304124
      vertex -50.5482 18.9482 0.907169
    endloop
  endfacet
  facet normal -0.454602 0.398662 0.796496
    outer loop
      vertex -49.7035 18.1035 2.5834
      vertex -50.2772 17.4493 2.5834
      vertex -49.7718 17.0615 3.06596
    endloop
  endfacet
  facet normal -0.537392 0.612729 0.579458
    outer loop
      vertex -49.6116 19.41 1.49469
      vertex -50.3566 18.7566 1.49469
      vertex -49.3679 19.0923 2.05664
    endloop
  endfacet
  facet normal -0.177132 0.265009 0.947837
    outer loop
      vertex -46.7692 16.4643 4.17046
      vertex -47.7057 16.9261 3.86633
      vertex -47.154 16.2071 4.17046
    endloop
  endfacet
  facet normal -0.13033 0.194988 0.972108
    outer loop
      vertex -46.7692 16.4643 4.17046
      vertex -47.154 16.2071 4.17046
      vertex -46.5654 15.4401 4.40322
    endloop
  endfacet
  facet normal 0.163793 -0.48249 0.860451
    outer loop
      vertex 44.7755 -6.70072 4.88696
      vertex 43.8772 -7.00567 4.88696
      vertex 45.1649 -7.6407 4.28575
    endloop
  endfacet
  facet normal 0.132983 -0.391732 0.910418
    outer loop
      vertex 44.3387 -5.64608 5.40455
      vertex 43.8772 -7.00567 4.88696
      vertex 44.7755 -6.70072 4.88696
    endloop
  endfacet
  facet normal 0.229836 -0.343967 0.910419
    outer loop
      vertex 45.7203 -4.8484 5.40455
      vertex 45.6264 -6.28111 4.88696
      vertex 46.4152 -5.75404 4.88696
    endloop
  endfacet
  facet normal 0.182965 -0.371022 0.910421
    outer loop
      vertex 45.0556 -5.29252 5.40455
      vertex 44.7755 -6.70072 4.88696
      vertex 45.6264 -6.28111 4.88696
    endloop
  endfacet
  facet normal 0.143075 -0.290146 0.946227
    outer loop
      vertex 44.4326 -4.21337 5.82967
      vertex 43.8618 -4.49484 5.82967
      vertex 44.3387 -5.64608 5.40455
    endloop
  endfacet
  facet normal 0.103985 -0.306338 0.946226
    outer loop
      vertex 43.8618 -4.49484 5.82967
      vertex 43.5817 -5.90304 5.40455
      vertex 44.3387 -5.64608 5.40455
    endloop
  endfacet
  facet normal -0.0208909 -0.318078 0.947834
    outer loop
      vertex -45.4618 -16.908 4.17046
      vertex -45.5801 -17.8065 3.86633
      vertex -45 -17.8446 3.86633
    endloop
  endfacet
  facet normal -0.0267429 -0.407181 0.912956
    outer loop
      vertex -45.5801 -17.8065 3.86633
      vertex -45.6885 -18.6296 3.49605
      vertex -45 -17.8446 3.86633
    endloop
  endfacet
  facet normal -0.138307 0.0682092 0.988038
    outer loop
      vertex -46.3516 14.1804 4.56065
      vertex -47.227 14.6858 4.40322
      vertex -46.4419 13.9973 4.56065
    endloop
  endfacet
  facet normal 0.069715 0.0343641 0.996975
    outer loop
      vertex 43.8585 1.073 6.3751
      vertex 42.623 0.359716 6.48608
      vertex 43.9826 0.821236 6.3751
    endloop
  endfacet
  facet normal 0.153703 0.0305377 0.987645
    outer loop
      vertex 45.4154 0.915141 6.15505
      vertex 44.0729 0.555424 6.3751
      vertex 44.1276 0.280107 6.3751
    endloop
  endfacet
  facet normal 0.0343782 0.0697112 0.996975
    outer loop
      vertex 42.8212 1.98264 6.3751
      vertex 42.2753 0.66467 6.48608
      vertex 42.3597 0.623048 6.48608
    endloop
  endfacet
  facet normal 0.0775691 0.00503886 0.996974
    outer loop
      vertex 44.1276 0.280107 6.3751
      vertex 42.7133 0.0939045 6.48608
      vertex 42.7194 0 6.48608
    endloop
  endfacet
  facet normal 0.0735946 -0.0250011 0.996975
    outer loop
      vertex 44.0729 -0.555424 6.3751
      vertex 42.6949 -0.186203 6.48608
      vertex 43.9826 -0.821236 6.3751
    endloop
  endfacet
  facet normal 0.148371 -0.0504038 0.987646
    outer loop
      vertex 44.0729 -0.555424 6.3751
      vertex 43.9826 -0.821236 6.3751
      vertex 45.2667 -1.3531 6.15505
    endloop
  endfacet
  facet normal 0.198079 0.132367 0.971207
    outer loop
      vertex 45.8598 2.96173 5.82967
      vertex 44.8052 2.15248 6.15505
      vertex 46.2134 2.43259 5.82967
    endloop
  endfacet
  facet normal 0.24322 0.21331 0.946226
    outer loop
      vertex 46.3213 4.32132 5.40455
      vertex 45.8598 2.96173 5.82967
      vertex 46.8484 3.72031 5.40455
    endloop
  endfacet
  facet normal -0.0172903 0.0258943 0.999515
    outer loop
      vertex 41.6403 0.623048 6.48608
      vertex -45.2616 13.8531 4.64004
      vertex 41.562 0.570765 6.48608
    endloop
  endfacet
  facet normal 0.0994032 0.499748 0.860448
    outer loop
      vertex 44.1405 7.98844 4.28575
      vertex 43.0795 8.19948 4.28575
      vertex 43.8772 7.00567 4.88696
    endloop
  endfacet
  facet normal 0.103985 0.306338 0.946226
    outer loop
      vertex 44.3387 5.64608 5.40455
      vertex 43.5817 5.90304 5.40455
      vertex 43.8618 4.49484 5.82967
    endloop
  endfacet
  facet normal -0.0094571 0.0769857 0.996987
    outer loop
      vertex 41.7199 2.12763 6.3751
      vertex -45.2037 14.9474 4.56065
      vertex 41.9061 0.713279 6.48608
    endloop
  endfacet
  facet normal 0.0512558 0.0584341 0.996975
    outer loop
      vertex 43.3064 1.70253 6.3751
      vertex 42.438 0.570765 6.48608
      vertex 43.5174 1.51745 6.3751
    endloop
  endfacet
  facet normal 0.0431613 0.0646392 0.996975
    outer loop
      vertex 43.073 1.85848 6.3751
      vertex 42.3597 0.623048 6.48608
      vertex 42.438 0.570765 6.48608
    endloop
  endfacet
  facet normal 0.0765706 0.225586 0.971209
    outer loop
      vertex 43.2592 4.6994 5.82967
      vertex 42.9151 3.41535 6.15505
      vertex 43.3531 3.26668 6.15505
    endloop
  endfacet
  facet normal -0.0187405 0.0164116 0.99969
    outer loop
      vertex -45.37 13.77 4.64004
      vertex -45.4151 13.7185 4.64004
      vertex 41.4913 0.508717 6.48608
    endloop
  endfacet
  facet normal 0.0870537 0.130301 0.987645
    outer loop
      vertex 43.7679 3.06212 6.15505
      vertex 43.3064 1.70253 6.3751
      vertex 44.1525 2.80517 6.15505
    endloop
  endfacet
  facet normal -0.0187356 0.016444 0.999689
    outer loop
      vertex 41.4913 0.508717 6.48608
      vertex -45.4151 13.7185 4.64004
      vertex 41.4292 0.437963 6.48608
    endloop
  endfacet
  facet normal 0.343971 0.229843 0.910416
    outer loop
      vertex 47.754 4.41523 4.88696
      vertex 46.8484 3.72031 5.40455
      vertex 48.2811 3.6264 4.88696
    endloop
  endfacet
  facet normal 0.423665 0.283095 0.860444
    outer loop
      vertex 49.1622 4.13512 4.28575
      vertex 47.754 4.41523 4.88696
      vertex 48.2811 3.6264 4.88696
    endloop
  endfacet
  facet normal 0.508459 -0.0333013 0.860442
    outer loop
      vertex 50.2702 0 4.28575
      vertex 49.2528 0 4.88696
      vertex 50.1995 -1.07948 4.28575
    endloop
  endfacet
  facet normal 0.609618 -0.0399267 0.791689
    outer loop
      vertex 50.2702 0 4.28575
      vertex 50.1995 -1.07948 4.28575
      vertex 51.1462 0 3.61121
    endloop
  endfacet
  facet normal 0.317309 0.0631333 0.946218
    outer loop
      vertex 47.274 1.06414 5.65
      vertex 46.8236 0.635033 5.82967
      vertex 47.3457 0.703774 5.65
    endloop
  endfacet
  facet normal 0.317304 0.0631389 0.94622
    outer loop
      vertex 46.8236 0.635033 5.82967
      vertex 47.274 1.06414 5.65
      vertex 46.6994 1.2592 5.82967
    endloop
  endfacet
  facet normal 0.317293 0.0631006 0.946226
    outer loop
      vertex 47.2081 1.39551 5.65
      vertex 46.6994 1.2592 5.82967
      vertex 47.274 1.06414 5.65
    endloop
  endfacet
  facet normal 0.317534 0.0632408 0.946136
    outer loop
      vertex 47.903 1.58171 5.40455
      vertex 47.875 1.51554 5.41837
      vertex 47.9225 1.4838 5.40455
    endloop
  endfacet
  facet normal 0.317303 0.0633529 0.946206
    outer loop
      vertex 47.875 1.51554 5.41837
      vertex 47.903 1.58171 5.40455
      vertex 47.7979 1.55355 5.44168
    endloop
  endfacet
  facet normal 0.924369 -0.313765 0.217009
    outer loop
      vertex 52.421 -2.7923 1.26809
      vertex 51.9674 -4.12863 1.26809
      vertex 52.6024 -2.84091 0.425119
    endloop
  endfacet
  facet normal 0.87551 -0.431731 0.217006
    outer loop
      vertex 51.9674 -4.12863 1.26809
      vertex 51.5059 -5.48822 0.425119
      vertex 52.1409 -4.2005 0.425119
    endloop
  endfacet
  facet normal 0.472117 -0.538323 0.698079
    outer loop
      vertex 48.4673 -6.46732 3.61121
      vertex 48.0058 -7.82691 2.87488
      vertex 48.976 -6.97603 2.87488
    endloop
  endfacet
  facet normal 0.339445 -0.507991 0.791658
    outer loop
      vertex 47.0346 -6.56122 4.28575
      vertex 46.5731 -7.92081 3.61121
      vertex 47.5678 -7.25614 3.61121
    endloop
  endfacet
  facet normal 0.896882 -0.44227 0
    outer loop
      vertex 51.5059 -5.48822 0.425119
      vertex 52.1409 -4.2005 0
      vertex 52.1409 -4.2005 0.425119
    endloop
  endfacet
  facet normal 0.896882 -0.44227 0
    outer loop
      vertex 52.1409 -4.2005 0
      vertex 51.5059 -5.48822 0.425119
      vertex 51.5059 -5.48822 0
    endloop
  endfacet
  facet normal 0.81164 -0.542331 0.217064
    outer loop
      vertex 51.3432 -5.39432 1.26809
      vertex 50.7082 -6.68204 0.425119
      vertex 51.5059 -5.48822 0.425119
    endloop
  endfacet
  facet normal 0.547922 -0.270236 0.791678
    outer loop
      vertex 50.45 -3.50009 3.61121
      vertex 49.6407 -3.16488 4.28575
      vertex 49.9208 -4.57308 3.61121
    endloop
  endfacet
  facet normal 0.642189 -0.316728 0.698052
    outer loop
      vertex 50.45 -3.50009 3.61121
      vertex 49.9208 -4.57308 3.61121
      vertex 51.1146 -3.7754 2.87488
    endloop
  endfacet
  facet normal 0.595315 -0.397801 0.698108
    outer loop
      vertex 49.9208 -4.57308 3.61121
      vertex 49.8269 -6.0058 2.87488
      vertex 50.5439 -4.9328 2.87488
    endloop
  endfacet
  facet normal 0.681341 -0.455286 0.57314
    outer loop
      vertex 50.5439 -4.9328 2.87488
      vertex 49.8269 -6.0058 2.87488
      vertex 51.0207 -5.20812 2.08936
    endloop
  endfacet
  facet normal 0.775946 -0.26342 0.573164
    outer loop
      vertex 52.0613 -2.69592 2.08936
      vertex 51.1146 -3.7754 2.87488
      vertex 51.6233 -3.98612 2.08936
    endloop
  endfacet
  facet normal 0.734939 -0.362418 0.573165
    outer loop
      vertex 51.1146 -3.7754 2.87488
      vertex 51.0207 -5.20812 2.08936
      vertex 51.6233 -3.98612 2.08936
    endloop
  endfacet
  facet normal 0.157092 0.179108 0.971207
    outer loop
      vertex 44.9617 3.8598 5.82967
      vertex 44.1525 2.80517 6.15505
      vertex 44.5002 2.50021 6.15505
    endloop
  endfacet
  facet normal 0.179742 0.268974 0.946227
    outer loop
      vertex 45.7203 4.8484 5.40455
      vertex 44.4326 4.21337 5.82967
      vertex 44.9617 3.8598 5.82967
    endloop
  endfacet
  facet normal 0.659339 0.751845 -0
    outer loop
      vertex 49.7615 7.76152 0
      vertex 48.682 8.7082 0.425119
      vertex 49.7615 7.76152 0.425119
    endloop
  endfacet
  facet normal 0.659339 0.751845 0
    outer loop
      vertex 48.682 8.7082 0.425119
      vertex 49.7615 7.76152 0
      vertex 48.682 8.7082 0
    endloop
  endfacet
  facet normal 0.684978 0.600732 0.412222
    outer loop
      vertex 49.6287 7.62872 1.26809
      vertex 49.3654 7.36539 2.08936
      vertex 50.2638 6.341 2.08936
    endloop
  endfacet
  facet normal 0.684986 0.600729 0.412211
    outer loop
      vertex 50.5592 6.56771 1.26809
      vertex 49.6287 7.62872 1.26809
      vertex 50.2638 6.341 2.08936
    endloop
  endfacet
  facet normal 0.811664 0.542313 0.217019
    outer loop
      vertex 50.7082 6.68204 0.425119
      vertex 50.5592 6.56771 1.26809
      vertex 51.3432 5.39432 1.26809
    endloop
  endfacet
  facet normal 0.702246 -0.139684 0.698097
    outer loop
      vertex 51.0679 -1.19381 3.61121
      vertex 50.8345 -2.3672 3.61121
      vertex 51.7812 -1.28772 2.87488
    endloop
  endfacet
  facet normal 0.70226 -0.139711 0.698077
    outer loop
      vertex 51.7812 -1.28772 2.87488
      vertex 50.8345 -2.3672 3.61121
      vertex 51.5294 -2.5534 2.87488
    endloop
  endfacet
  facet normal 0.803668 0.159885 0.573197
    outer loop
      vertex 52.0613 2.69592 2.08936
      vertex 51.5294 2.5534 2.87488
      vertex 51.7812 1.28772 2.87488
    endloop
  endfacet
  facet normal 0.702246 0.139684 0.698097
    outer loop
      vertex 51.7812 1.28772 2.87488
      vertex 50.8345 2.3672 3.61121
      vertex 51.0679 1.19381 3.61121
    endloop
  endfacet
  facet normal 0.957412 0.190435 0.217015
    outer loop
      vertex 52.8825 1.43271 0.425119
      vertex 52.6024 2.84091 0.425119
      vertex 52.6963 1.4082 1.26809
    endloop
  endfacet
  facet normal 0.974078 0.0638412 0.217016
    outer loop
      vertex 52.8825 1.43271 0.425119
      vertex 52.6963 1.4082 1.26809
      vertex 52.9764 0 0.425119
    endloop
  endfacet
  facet normal -0.890987 0.177277 0.417989
    outer loop
      vertex -52.5789 15.4308 0.907169
      vertex -52.7792 14.4241 0.907169
      vertex -52.5106 14.3888 1.49469
    endloop
  endfacet
  facet normal -0.956648 0.190341 0.220443
    outer loop
      vertex -52.5789 15.4308 0.907169
      vertex -52.9146 14.442 0.304124
      vertex -52.7792 14.4241 0.907169
    endloop
  endfacet
  facet normal -0.811001 0.541913 0.220471
    outer loop
      vertex -51.3332 18.2597 0.304124
      vertex -51.9134 17.3914 0.304124
      vertex -51.7951 17.3231 0.907169
    endloop
  endfacet
  facet normal -0.733376 0.643094 0.220431
    outer loop
      vertex -50.5482 18.9482 0.907169
      vertex -51.3332 18.2597 0.304124
      vertex -51.2249 18.1765 0.907169
    endloop
  endfacet
  facet normal -0.0192819 0.0128772 0.999731
    outer loop
      vertex -45.4151 13.7185 4.64004
      vertex -45.4531 13.6616 4.64004
      vertex 41.4292 0.437963 6.48608
    endloop
  endfacet
  facet normal -0.00508393 0.0775604 0.996975
    outer loop
      vertex 42 2.14599 6.3751
      vertex 41.7199 2.12763 6.3751
      vertex 42 0.719434 6.48608
    endloop
  endfacet
  facet normal -0.0457298 0.230043 0.972105
    outer loop
      vertex -45.4618 16.908 4.17046
      vertex -45.6656 15.8839 4.40322
      vertex -45.3356 15.9495 4.40322
    endloop
  endfacet
  facet normal -0.0457562 0.230048 0.972103
    outer loop
      vertex -45.4618 16.908 4.17046
      vertex -45.9158 16.8177 4.17046
      vertex -45.6656 15.8839 4.40322
    endloop
  endfacet
  facet normal -0.153897 -0.0100483 0.988036
    outer loop
      vertex -46.5607 -13.4 4.56065
      vertex -47.5495 -13.7357 4.40322
      vertex -46.5474 -13.6037 4.56065
    endloop
  endfacet
  facet normal -0.0635711 -0.0424806 0.997073
    outer loop
      vertex -45.4531 -13.6616 4.64004
      vertex -46.3516 -14.1804 4.56065
      vertex -46.2382 -14.3501 4.56065
    endloop
  endfacet
  facet normal -0.0245613 -0.0724108 0.997072
    outer loop
      vertex -45.1354 -13.9054 4.64004
      vertex -45.5973 -14.8419 4.56065
      vertex -45.4039 -14.9075 4.56065
    endloop
  endfacet
  facet normal -0.130339 -0.194986 0.972107
    outer loop
      vertex -46.5654 -15.4401 4.40322
      vertex -46.7692 -16.4643 4.17046
      vertex -46.2858 -15.627 4.40322
    endloop
  endfacet
  facet normal -0.301871 -0.102469 0.947826
    outer loop
      vertex -48.269 -14.7541 4.17046
      vertex -49.2931 -14.5503 3.86633
      vertex -49.1062 -15.1009 3.86633
    endloop
  endfacet
  facet normal -0.38641 -0.131166 0.912953
    outer loop
      vertex -49.2931 -14.5503 3.86633
      vertex -49.8732 -15.4186 3.49605
      vertex -49.1062 -15.1009 3.86633
    endloop
  endfacet
  facet normal -0.312642 0.0621775 0.947834
    outer loop
      vertex -49.2931 14.5503 3.86633
      vertex -49.4065 13.9801 3.86633
      vertex -48.508 13.8618 4.17046
    endloop
  endfacet
  facet normal -0.230046 0.0457441 0.972104
    outer loop
      vertex -47.4839 14.0656 4.40322
      vertex -48.508 13.8618 4.17046
      vertex -47.5495 13.7357 4.40322
    endloop
  endfacet
  facet normal -0.176328 0.154645 0.972108
    outer loop
      vertex -46.8183 15.2183 4.40322
      vertex -47.8071 15.554 4.17046
      vertex -47.0401 14.9654 4.40322
    endloop
  endfacet
  facet normal -0.138304 0.0682123 0.988038
    outer loop
      vertex -47.227 14.6858 4.40322
      vertex -47.3758 14.3841 4.40322
      vertex -46.4419 13.9973 4.56065
    endloop
  endfacet
  facet normal -0.0635852 0.0424646 0.997073
    outer loop
      vertex -45.4151 13.7185 4.64004
      vertex -46.2382 14.3501 4.56065
      vertex -45.4531 13.6616 4.64004
    endloop
  endfacet
  facet normal -0.128212 0.0857038 0.988037
    outer loop
      vertex -47.0401 14.9654 4.40322
      vertex -47.227 14.6858 4.40322
      vertex -46.2382 14.3501 4.56065
    endloop
  endfacet
  facet normal -0.153885 0.0100848 0.988037
    outer loop
      vertex -47.5495 13.7357 4.40322
      vertex -47.5715 13.4 4.40322
      vertex -46.5607 13.4 4.56065
    endloop
  endfacet
  facet normal -0.153897 0.0100483 0.988036
    outer loop
      vertex -46.5474 13.6037 4.56065
      vertex -47.5495 13.7357 4.40322
      vertex -46.5607 13.4 4.56065
    endloop
  endfacet
  facet normal -0.261945 0.771688 0.579554
    outer loop
      vertex -46.9607 20.7173 1.49469
      vertex -47.899 20.3988 1.49469
      vertex -47.7457 20.0288 2.05664
    endloop
  endfacet
  facet normal -0.360413 0.730898 0.57956
    outer loop
      vertex -47.899 20.3988 1.49469
      vertex -48.5875 19.6137 2.05664
      vertex -47.7457 20.0288 2.05664
    endloop
  endfacet
  facet normal -0.593039 0.117978 0.796484
    outer loop
      vertex -50.8098 14.9567 3.06596
      vertex -51.4251 15.1216 2.5834
      vertex -50.9633 14.1851 3.06596
    endloop
  endfacet
  facet normal -0.502547 0 0.86455
    outer loop
      vertex -51.0147 13.4 3.06596
      vertex -50.2748 -13.4 3.49605
      vertex -50.2748 13.4 3.49605
    endloop
  endfacet
  facet normal -0.502547 0 0.86455
    outer loop
      vertex -50.2748 -13.4 3.49605
      vertex -51.0147 13.4 3.06596
      vertex -51.0147 -13.4 3.06596
    endloop
  endfacet
  facet normal -0.493613 0.0981979 0.86412
    outer loop
      vertex -50.8098 14.9567 3.06596
      vertex -50.9633 14.1851 3.06596
      vertex -50.2296 14.0885 3.49605
    endloop
  endfacet
  facet normal -0.493626 0.0981855 0.864114
    outer loop
      vertex -50.095 14.7652 3.49605
      vertex -50.8098 14.9567 3.06596
      vertex -50.2296 14.0885 3.49605
    endloop
  endfacet
  facet normal -0.418514 0.27967 0.864078
    outer loop
      vertex -49.7718 17.0615 3.06596
      vertex -50.2089 16.4074 3.06596
      vertex -49.1848 16.6111 3.49605
    endloop
  endfacet
  facet normal -0.542305 0.2674 0.796494
    outer loop
      vertex -50.7606 16.7259 2.5834
      vertex -51.1454 15.9455 2.5834
      vertex -50.2089 16.4074 3.06596
    endloop
  endfacet
  facet normal -0.306825 0.26906 0.912943
    outer loop
      vertex -48.1428 16.5428 3.86633
      vertex -48.7298 17.1298 3.49605
      vertex -48.5261 16.1057 3.86633
    endloop
  endfacet
  facet normal -0.269081 0.306752 0.912961
    outer loop
      vertex -48.2111 17.5848 3.49605
      vertex -48.7298 17.1298 3.49605
      vertex -47.7057 16.9261 3.86633
    endloop
  endfacet
  facet normal -0.677632 0.452769 0.579495
    outer loop
      vertex -51.01 18.0116 1.49469
      vertex -51.5605 17.1877 1.49469
      vertex -51.2137 16.9875 2.05664
    endloop
  endfacet
  facet normal -0.590534 0.394547 0.70399
    outer loop
      vertex -50.6923 17.7679 2.05664
      vertex -51.2137 16.9875 2.05664
      vertex -50.2772 17.4493 2.5834
    endloop
  endfacet
  facet normal -0.696591 0.138562 0.703961
    outer loop
      vertex -51.9305 15.257 2.05664
      vertex -52.1136 14.3365 2.05664
      vertex -51.4251 15.1216 2.5834
    endloop
  endfacet
  facet normal -0.672543 0.228317 0.703959
    outer loop
      vertex -51.1454 15.9455 2.5834
      vertex -51.9305 15.257 2.05664
      vertex -51.4251 15.1216 2.5834
    endloop
  endfacet
  facet normal -0.814836 0.401797 0.417854
    outer loop
      vertex -51.7951 17.3231 0.907169
      vertex -52.249 16.4026 0.907169
      vertex -51.9988 16.299 1.49469
    endloop
  endfacet
  facet normal -0.860285 0.292018 0.417893
    outer loop
      vertex -51.9988 16.299 1.49469
      vertex -52.5789 15.4308 0.907169
      vertex -52.3173 15.3607 1.49469
    endloop
  endfacet
  facet normal -0.140959 0.285912 0.947832
    outer loop
      vertex -46.7009 17.5062 3.86633
      vertex -46.7692 16.4643 4.17046
      vertex -46.354 16.669 4.17046
    endloop
  endfacet
  facet normal -0.102438 0.301872 0.947829
    outer loop
      vertex -45.9158 16.8177 4.17046
      vertex -46.7009 17.5062 3.86633
      vertex -46.354 16.669 4.17046
    endloop
  endfacet
  facet normal -0.683013 -0.59893 0.418062
    outer loop
      vertex -50.3566 -18.7566 1.49469
      vertex -51.2249 -18.1765 0.907169
      vertex -50.5482 -18.9482 0.907169
    endloop
  endfacet
  facet normal -0.682999 -0.599023 0.417952
    outer loop
      vertex -51.01 -18.0116 1.49469
      vertex -51.2249 -18.1765 0.907169
      vertex -50.3566 -18.7566 1.49469
    endloop
  endfacet
  facet normal -0.997859 0.0654067 0
    outer loop
      vertex -52.9829 13.4 0
      vertex -52.9146 14.442 0.304124
      vertex -52.9146 14.442 0
    endloop
  endfacet
  facet normal -0.997859 0.0654067 0
    outer loop
      vertex -52.9146 14.442 0.304124
      vertex -52.9829 13.4 0
      vertex -52.9829 13.4 0.304124
    endloop
  endfacet
  facet normal -0.659386 -0.751805 0
    outer loop
      vertex -50.6447 -19.0447 0
      vertex -49.8597 -19.7332 0.304124
      vertex -50.6447 -19.0447 0.304124
    endloop
  endfacet
  facet normal -0.659386 -0.751805 -0
    outer loop
      vertex -49.8597 -19.7332 0.304124
      vertex -50.6447 -19.0447 0
      vertex -49.8597 -19.7332 0
    endloop
  endfacet
  facet normal -0.194379 -0.572573 0.796478
    outer loop
      vertex -47.3017 -18.9569 3.06596
      vertex -47.5455 -19.5454 2.5834
      vertex -46.7216 -19.8251 2.5834
    endloop
  endfacet
  facet normal -0.267408 -0.542321 0.796481
    outer loop
      vertex -47.3017 -18.9569 3.06596
      vertex -48.3259 -19.1606 2.5834
      vertex -47.5455 -19.5454 2.5834
    endloop
  endfacet
  facet normal 0.0533197 -0.813255 0.57946
    outer loop
      vertex -45 -20.575 2.05664
      vertex -45 -20.9754 1.49469
      vertex -44.0635 -20.5136 2.05664
    endloop
  endfacet
  facet normal 0.0464679 -0.708749 0.703929
    outer loop
      vertex -44.1318 -19.9949 2.5834
      vertex -45 -20.575 2.05664
      vertex -44.0635 -20.5136 2.05664
    endloop
  endfacet
  facet normal 0.159861 -0.803696 0.573164
    outer loop
      vertex 44.6959 -10.0613 2.08936
      vertex 43.2877 -9.7812 2.87488
      vertex 43.3596 -10.3271 2.08936
    endloop
  endfacet
  facet normal 0.316682 -0.642174 0.698087
    outer loop
      vertex 46.5731 -7.92081 3.61121
      vertex 45.5001 -8.44995 3.61121
      vertex 45.7754 -9.11463 2.87488
    endloop
  endfacet
  facet normal 0.0807798 -0.710744 0.698797
    outer loop
      vertex 43.1938 -9.06792 3.61121
      vertex -44.0635 -20.5136 2.05664
      vertex 43.2877 -9.7812 2.87488
    endloop
  endfacet
  facet normal 0.0939606 -0.808987 0.580269
    outer loop
      vertex 43.2877 -9.7812 2.87488
      vertex -44.0635 -20.5136 2.05664
      vertex -44.0112 -20.9106 1.49469
    endloop
  endfacet
  facet normal 0.600717 -0.68498 0.412239
    outer loop
      vertex 49.6287 -7.62872 1.26809
      vertex 48.341 -8.26375 2.08936
      vertex 48.5677 -8.5592 1.26809
    endloop
  endfacet
  facet normal 0.600713 -0.684993 0.412224
    outer loop
      vertex 49.3654 -7.36539 2.08936
      vertex 48.341 -8.26375 2.08936
      vertex 49.6287 -7.62872 1.26809
    endloop
  endfacet
  facet normal -0.154645 -0.176328 0.972108
    outer loop
      vertex -46.8183 -15.2183 4.40322
      vertex -47.154 -16.2071 4.17046
      vertex -46.5654 -15.4401 4.40322
    endloop
  endfacet
  facet normal -0.0856854 -0.128226 0.988037
    outer loop
      vertex -45.9501 -14.6382 4.56065
      vertex -46.5654 -15.4401 4.40322
      vertex -45.7804 -14.7516 4.56065
    endloop
  endfacet
  facet normal -0.102438 -0.301872 0.947829
    outer loop
      vertex -46.354 -16.669 4.17046
      vertex -46.7009 -17.5062 3.86633
      vertex -45.9158 -16.8177 4.17046
    endloop
  endfacet
  facet normal -0.0682087 -0.138306 0.988038
    outer loop
      vertex -45.7804 -14.7516 4.56065
      vertex -45.9841 -15.7758 4.40322
      vertex -45.5973 -14.8419 4.56065
    endloop
  endfacet
  facet normal -0.21015 -0.239699 0.94783
    outer loop
      vertex -47.502 -15.902 4.17046
      vertex -48.1428 -16.5428 3.86633
      vertex -47.154 -16.2071 4.17046
    endloop
  endfacet
  facet normal -0.210164 -0.239663 0.947836
    outer loop
      vertex -47.154 -16.2071 4.17046
      vertex -48.1428 -16.5428 3.86633
      vertex -47.7057 -16.9261 3.86633
    endloop
  endfacet
  facet normal -0.16178 -0.476588 0.864113
    outer loop
      vertex -46.3652 -18.495 3.49605
      vertex -47.0186 -18.2732 3.49605
      vertex -46.5567 -19.2098 3.06596
    endloop
  endfacet
  facet normal -0.0981855 -0.493626 0.864114
    outer loop
      vertex -46.3652 -18.495 3.49605
      vertex -46.5567 -19.2098 3.06596
      vertex -45.6885 -18.6296 3.49605
    endloop
  endfacet
  facet normal -0.292018 -0.860285 0.417893
    outer loop
      vertex -46.9607 -20.7173 1.49469
      vertex -47.899 -20.3988 1.49469
      vertex -47.0308 -20.9789 0.907169
    endloop
  endfacet
  facet normal -0.177219 -0.891044 0.417892
    outer loop
      vertex -46.9607 -20.7173 1.49469
      vertex -47.0308 -20.9789 0.907169
      vertex -45.9888 -20.9106 1.49469
    endloop
  endfacet
  facet normal -0.730898 -0.360413 0.57956
    outer loop
      vertex -51.6288 -16.1457 2.05664
      vertex -51.9988 -16.299 1.49469
      vertex -51.2137 -16.9875 2.05664
    endloop
  endfacet
  facet normal -0.730914 -0.360481 0.579499
    outer loop
      vertex -51.2137 -16.9875 2.05664
      vertex -51.9988 -16.299 1.49469
      vertex -51.5605 -17.1877 1.49469
    endloop
  endfacet
  facet normal -0.194379 0.572573 0.796478
    outer loop
      vertex -46.7216 19.8251 2.5834
      vertex -47.5455 19.5454 2.5834
      vertex -47.3017 18.9569 3.06596
    endloop
  endfacet
  facet normal -0.398673 0.454539 0.796526
    outer loop
      vertex -48.6615 18.1718 3.06596
      vertex -49.7035 18.1035 2.5834
      vertex -49.253 17.653 3.06596
    endloop
  endfacet
  facet normal -0.222572 0.451418 0.864109
    outer loop
      vertex -47.3017 18.9569 3.06596
      vertex -47.6374 17.9681 3.49605
      vertex -47.0186 18.2732 3.49605
    endloop
  endfacet
  facet normal -0.161785 0.47659 0.864111
    outer loop
      vertex -46.5567 19.2098 3.06596
      vertex -47.3017 18.9569 3.06596
      vertex -47.0186 18.2732 3.49605
    endloop
  endfacet
  facet normal -0.454539 0.398673 0.796526
    outer loop
      vertex -49.7035 18.1035 2.5834
      vertex -49.7718 17.0615 3.06596
      vertex -49.253 17.653 3.06596
    endloop
  endfacet
  facet normal -0.394573 0.590573 0.703943
    outer loop
      vertex -48.5875 19.6137 2.05664
      vertex -49.3679 19.0923 2.05664
      vertex -48.3259 19.1606 2.5834
    endloop
  endfacet
  facet normal -0.555584 0.831461 0
    outer loop
      vertex -48.9914 20.3134 0
      vertex -49.8597 19.7332 0.304124
      vertex -48.9914 20.3134 0.304124
    endloop
  endfacet
  facet normal -0.555584 0.831461 0
    outer loop
      vertex -49.8597 19.7332 0.304124
      vertex -48.9914 20.3134 0
      vertex -49.8597 19.7332 0
    endloop
  endfacet
  facet normal -0.54192 0.811012 0.220415
    outer loop
      vertex -48.9914 20.3134 0.304124
      vertex -49.8597 19.7332 0.304124
      vertex -49.7765 19.6249 0.907169
    endloop
  endfacet
  facet normal -0.643094 0.733376 0.220431
    outer loop
      vertex -49.8597 19.7332 0.304124
      vertex -50.5482 18.9482 0.907169
      vertex -49.7765 19.6249 0.907169
    endloop
  endfacet
  facet normal -0.103742 0.210342 0.972108
    outer loop
      vertex -45.9841 15.7758 4.40322
      vertex -46.7692 16.4643 4.17046
      vertex -46.2858 15.627 4.40322
    endloop
  endfacet
  facet normal -0.130339 0.194986 0.972107
    outer loop
      vertex -46.2858 15.627 4.40322
      vertex -46.7692 16.4643 4.17046
      vertex -46.5654 15.4401 4.40322
    endloop
  endfacet
  facet normal 0.163787 -0.482498 0.860447
    outer loop
      vertex 45.1649 -7.6407 4.28575
      vertex 43.8772 -7.00567 4.88696
      vertex 44.1405 -7.98844 4.28575
    endloop
  endfacet
  facet normal 0.0994032 -0.499748 0.860448
    outer loop
      vertex 43.8772 -7.00567 4.88696
      vertex 43.0795 -8.19948 4.28575
      vertex 44.1405 -7.98844 4.28575
    endloop
  endfacet
  facet normal 0.143094 -0.290146 0.946224
    outer loop
      vertex 44.4326 -4.21337 5.82967
      vertex 44.3387 -5.64608 5.40455
      vertex 45.0556 -5.29252 5.40455
    endloop
  endfacet
  facet normal 0.182981 -0.371024 0.910417
    outer loop
      vertex 45.0556 -5.29252 5.40455
      vertex 44.3387 -5.64608 5.40455
      vertex 44.7755 -6.70072 4.88696
    endloop
  endfacet
  facet normal 0.156376 0.0102722 0.987644
    outer loop
      vertex 45.5358 0 6.15505
      vertex 44.1276 0.280107 6.3751
      vertex 44.146 0 6.3751
    endloop
  endfacet
  facet normal 0.077558 0.00509472 0.996975
    outer loop
      vertex 44.1276 0.280107 6.3751
      vertex 42.7194 0 6.48608
      vertex 44.146 0 6.3751
    endloop
  endfacet
  facet normal -0.00508396 0.0775604 0.996975
    outer loop
      vertex 42 0.719434 6.48608
      vertex 41.7199 2.12763 6.3751
      vertex 41.9061 0.713279 6.48608
    endloop
  endfacet
  facet normal 0.0503731 0.148389 0.987645
    outer loop
      vertex 43.3531 3.26668 6.15505
      vertex 42.5554 2.07287 6.3751
      vertex 42.8212 1.98264 6.3751
    endloop
  endfacet
  facet normal 0.290149 0.1431 0.946222
    outer loop
      vertex 47.2925 3.05564 5.40455
      vertex 46.2134 2.43259 5.82967
      vertex 47.6461 2.33868 5.40455
    endloop
  endfacet
  facet normal 0.268998 0.179732 0.946222
    outer loop
      vertex 46.8484 3.72031 5.40455
      vertex 46.2134 2.43259 5.82967
      vertex 47.2925 3.05564 5.40455
    endloop
  endfacet
  facet normal 0.140538 0.0693168 0.987646
    outer loop
      vertex 45.0621 1.76792 6.15505
      vertex 43.9826 0.821236 6.3751
      vertex 45.2667 1.3531 6.15505
    endloop
  endfacet
  facet normal 0.148371 0.0504038 0.987646
    outer loop
      vertex 45.2667 1.3531 6.15505
      vertex 43.9826 0.821236 6.3751
      vertex 44.0729 0.555424 6.3751
    endloop
  endfacet
  facet normal 0.140564 0.0692869 0.987644
    outer loop
      vertex 45.0621 1.76792 6.15505
      vertex 43.8585 1.073 6.3751
      vertex 43.9826 0.821236 6.3751
    endloop
  endfacet
  facet normal 0.0994016 0.499747 0.860449
    outer loop
      vertex 43.0795 8.19948 4.28575
      vertex 42.9467 7.19075 4.88696
      vertex 43.8772 7.00567 4.88696
    endloop
  endfacet
  facet normal 0.0807071 0.405735 0.91042
    outer loop
      vertex 43.8772 7.00567 4.88696
      vertex 42.7977 6.05899 5.40455
      vertex 43.5817 5.90304 5.40455
    endloop
  endfacet
  facet normal 0.163793 0.48249 0.860451
    outer loop
      vertex 45.1649 7.6407 4.28575
      vertex 43.8772 7.00567 4.88696
      vertex 44.7755 6.70072 4.88696
    endloop
  endfacet
  facet normal 0.163787 0.482498 0.860447
    outer loop
      vertex 44.1405 7.98844 4.28575
      vertex 43.8772 7.00567 4.88696
      vertex 45.1649 7.6407 4.28575
    endloop
  endfacet
  facet normal 0.0762317 0.015197 0.996974
    outer loop
      vertex 44.1276 0.280107 6.3751
      vertex 42.6949 0.186203 6.48608
      vertex 42.7133 0.0939045 6.48608
    endloop
  endfacet
  facet normal 0.0343745 0.0697124 0.996975
    outer loop
      vertex 42.8212 1.98264 6.3751
      vertex 42.3597 0.623048 6.48608
      vertex 43.073 1.85848 6.3751
    endloop
  endfacet
  facet normal 0.0464721 0.233652 0.971209
    outer loop
      vertex 43.2592 4.6994 5.82967
      vertex 42.635 4.82355 5.82967
      vertex 42.9151 3.41535 6.15505
    endloop
  endfacet
  facet normal 0.00246446 0.156379 0.987694
    outer loop
      vertex 42 3.53583 6.15505
      vertex -45 15.9715 4.40322
      vertex 42 2.14599 6.3751
    endloop
  endfacet
  facet normal 0.0693102 0.140545 0.987645
    outer loop
      vertex 43.3531 3.26668 6.15505
      vertex 42.8212 1.98264 6.3751
      vertex 43.7679 3.06212 6.15505
    endloop
  endfacet
  facet normal 0.0693039 0.14055 0.987645
    outer loop
      vertex 43.7679 3.06212 6.15505
      vertex 42.8212 1.98264 6.3751
      vertex 43.073 1.85848 6.3751
    endloop
  endfacet
  facet normal 0.117811 0.103325 0.987646
    outer loop
      vertex 44.8052 2.15248 6.15505
      vertex 43.5174 1.51745 6.3751
      vertex 43.7025 1.3064 6.3751
    endloop
  endfacet
  facet normal 0.117808 0.103331 0.987646
    outer loop
      vertex 44.5002 2.50021 6.15505
      vertex 43.5174 1.51745 6.3751
      vertex 44.8052 2.15248 6.15505
    endloop
  endfacet
  facet normal 0.924369 -0.313768 0.217005
    outer loop
      vertex 52.6024 -2.84091 0.425119
      vertex 51.9674 -4.12863 1.26809
      vertex 52.1409 -4.2005 0.425119
    endloop
  endfacet
  facet normal 0.811664 -0.542313 0.217019
    outer loop
      vertex 51.3432 -5.39432 1.26809
      vertex 50.5592 -6.56771 1.26809
      vertex 50.7082 -6.68204 0.425119
    endloop
  endfacet
  facet normal 0.733914 -0.64364 0.217019
    outer loop
      vertex 50.5592 -6.56771 1.26809
      vertex 49.7615 -7.76152 0.425119
      vertex 50.7082 -6.68204 0.425119
    endloop
  endfacet
  facet normal 0.538325 -0.472116 0.698078
    outer loop
      vertex 49.8269 -6.0058 2.87488
      vertex 48.4673 -6.46732 3.61121
      vertex 48.976 -6.97603 2.87488
    endloop
  endfacet
  facet normal 0.538326 -0.47208 0.698102
    outer loop
      vertex 49.2561 -5.56783 3.61121
      vertex 48.4673 -6.46732 3.61121
      vertex 49.8269 -6.0058 2.87488
    endloop
  endfacet
  facet normal 0.946934 -0.321428 0
    outer loop
      vertex 52.1409 -4.2005 0.425119
      vertex 52.6024 -2.84091 0
      vertex 52.6024 -2.84091 0.425119
    endloop
  endfacet
  facet normal 0.946934 -0.321428 0
    outer loop
      vertex 52.6024 -2.84091 0
      vertex 52.1409 -4.2005 0.425119
      vertex 52.1409 -4.2005 0
    endloop
  endfacet
  facet normal 0.997859 -0.0653998 0
    outer loop
      vertex 52.8825 -1.43271 0.425119
      vertex 52.9764 0 0
      vertex 52.9764 0 0.425119
    endloop
  endfacet
  facet normal 0.997859 -0.0653998 0
    outer loop
      vertex 52.9764 0 0
      vertex 52.8825 -1.43271 0.425119
      vertex 52.8825 -1.43271 0
    endloop
  endfacet
  facet normal 0.132366 0.19808 0.971207
    outer loop
      vertex 44.4326 4.21337 5.82967
      vertex 44.1525 2.80517 6.15505
      vertex 44.9617 3.8598 5.82967
    endloop
  endfacet
  facet normal 0.229822 0.343967 0.910422
    outer loop
      vertex 45.6264 6.28111 4.88696
      vertex 45.0556 5.29252 5.40455
      vertex 45.7203 4.8484 5.40455
    endloop
  endfacet
  facet normal 0.0870611 0.130299 0.987645
    outer loop
      vertex 43.7679 3.06212 6.15505
      vertex 43.073 1.85848 6.3751
      vertex 43.3064 1.70253 6.3751
    endloop
  endfacet
  facet normal 0.13234 0.198085 0.97121
    outer loop
      vertex 44.4326 4.21337 5.82967
      vertex 43.7679 3.06212 6.15505
      vertex 44.1525 2.80517 6.15505
    endloop
  endfacet
  facet normal 0.733914 0.64364 0.217019
    outer loop
      vertex 50.7082 6.68204 0.425119
      vertex 49.7615 7.76152 0.425119
      vertex 50.5592 6.56771 1.26809
    endloop
  endfacet
  facet normal 0.775946 0.26342 0.573164
    outer loop
      vertex 51.6233 3.98612 2.08936
      vertex 51.1146 3.7754 2.87488
      vertex 52.0613 2.69592 2.08936
    endloop
  endfacet
  facet normal 0.8037 0.159858 0.57316
    outer loop
      vertex 52.0613 2.69592 2.08936
      vertex 51.7812 1.28772 2.87488
      vertex 52.3271 1.35959 2.08936
    endloop
  endfacet
  facet normal 0.81164 0.542331 0.217064
    outer loop
      vertex 51.5059 5.48822 0.425119
      vertex 50.7082 6.68204 0.425119
      vertex 51.3432 5.39432 1.26809
    endloop
  endfacet
  facet normal -0.860292 0.292046 0.417859
    outer loop
      vertex -52.249 16.4026 0.907169
      vertex -52.5789 15.4308 0.907169
      vertex -51.9988 16.299 1.49469
    endloop
  endfacet
  facet normal -0.874815 0.431382 0.220471
    outer loop
      vertex -51.9134 17.3914 0.304124
      vertex -52.3752 16.4549 0.304124
      vertex -51.7951 17.3231 0.907169
    endloop
  endfacet
  facet normal -0.755374 0.504704 0.417952
    outer loop
      vertex -51.2249 18.1765 0.907169
      vertex -51.7951 17.3231 0.907169
      vertex -51.01 18.0116 1.49469
    endloop
  endfacet
  facet normal -0.683013 0.59893 0.418062
    outer loop
      vertex -50.5482 18.9482 0.907169
      vertex -51.2249 18.1765 0.907169
      vertex -50.3566 18.7566 1.49469
    endloop
  endfacet
  facet normal -0.946916 0.32148 0
    outer loop
      vertex -52.7109 15.4661 0
      vertex -52.3752 16.4549 0.304124
      vertex -52.3752 16.4549 0
    endloop
  endfacet
  facet normal -0.946916 0.32148 0
    outer loop
      vertex -52.3752 16.4549 0.304124
      vertex -52.7109 15.4661 0
      vertex -52.7109 15.4661 0.304124
    endloop
  endfacet
  facet normal -0.896884 0.442265 0
    outer loop
      vertex -52.3752 16.4549 0
      vertex -51.9134 17.3914 0.304124
      vertex -51.9134 17.3914 0
    endloop
  endfacet
  facet normal -0.896884 0.442265 0
    outer loop
      vertex -51.9134 17.3914 0.304124
      vertex -52.3752 16.4549 0
      vertex -52.3752 16.4549 0.304124
    endloop
  endfacet
  facet normal -0.0180908 0.0206581 0.999623
    outer loop
      vertex -45.3185 13.8151 4.64004
      vertex -45.37 13.77 4.64004
      vertex 41.562 0.570765 6.48608
    endloop
  endfacet
  facet normal -0.0749822 -0.014944 0.997073
    outer loop
      vertex -45.5187 -13.4683 4.64004
      vertex -46.5474 -13.6037 4.56065
      vertex -46.5075 -13.8039 4.56065
    endloop
  endfacet
  facet normal -0.0762876 -0.00502627 0.997073
    outer loop
      vertex -45.5232 -13.4 4.64004
      vertex -46.5474 -13.6037 4.56065
      vertex -45.5187 -13.4683 4.64004
    endloop
  endfacet
  facet normal -0.0424623 -0.0635817 0.997073
    outer loop
      vertex -45.3185 -13.8151 4.64004
      vertex -45.7804 -14.7516 4.56065
      vertex -45.2616 -13.8531 4.64004
    endloop
  endfacet
  facet normal -0.101688 -0.115947 0.988036
    outer loop
      vertex -45.9501 -14.6382 4.56065
      vertex -46.8183 -15.2183 4.40322
      vertex -46.5654 -15.4401 4.40322
    endloop
  endfacet
  facet normal -0.0301448 -0.151253 0.988035
    outer loop
      vertex -45.2037 -14.9474 4.56065
      vertex -45.4039 -14.9075 4.56065
      vertex -45.3356 -15.9495 4.40322
    endloop
  endfacet
  facet normal -0.014945 -0.0749874 0.997072
    outer loop
      vertex -45.1354 -13.9054 4.64004
      vertex -45.4039 -14.9075 4.56065
      vertex -45.2037 -14.9474 4.56065
    endloop
  endfacet
  facet normal -0.400228 -0.0795964 0.912952
    outer loop
      vertex -49.4065 -13.9801 3.86633
      vertex -50.095 -14.7652 3.49605
      vertex -49.2931 -14.5503 3.86633
    endloop
  endfacet
  facet normal -0.312642 -0.0621775 0.947834
    outer loop
      vertex -48.508 -13.8618 4.17046
      vertex -49.4065 -13.9801 3.86633
      vertex -49.2931 -14.5503 3.86633
    endloop
  endfacet
  facet normal -0.476587 -0.161784 0.864113
    outer loop
      vertex -50.095 -14.7652 3.49605
      vertex -50.8098 -14.9567 3.06596
      vertex -50.5569 -15.7017 3.06596
    endloop
  endfacet
  facet normal -0.476591 -0.161781 0.864111
    outer loop
      vertex -50.095 -14.7652 3.49605
      vertex -50.5569 -15.7017 3.06596
      vertex -49.8732 -15.4186 3.49605
    endloop
  endfacet
  facet normal -0.365989 -0.180468 0.912953
    outer loop
      vertex -49.1062 -15.1009 3.86633
      vertex -49.8732 -15.4186 3.49605
      vertex -48.8491 -15.6223 3.86633
    endloop
  endfacet
  facet normal -0.365987 -0.18045 0.912957
    outer loop
      vertex -48.8491 -15.6223 3.86633
      vertex -49.8732 -15.4186 3.49605
      vertex -49.5681 -16.0374 3.49605
    endloop
  endfacet
  facet normal -0.400219 0.0796061 0.912956
    outer loop
      vertex -50.095 14.7652 3.49605
      vertex -50.2296 14.0885 3.49605
      vertex -49.4065 13.9801 3.86633
    endloop
  endfacet
  facet normal -0.407182 0.0267315 0.912956
    outer loop
      vertex -50.2296 14.0885 3.49605
      vertex -50.2748 13.4 3.49605
      vertex -49.4065 13.9801 3.86633
    endloop
  endfacet
  facet normal -0.210347 0.103744 0.972107
    outer loop
      vertex -47.227 14.6858 4.40322
      vertex -48.269 14.7541 4.17046
      vertex -47.3758 14.3841 4.40322
    endloop
  endfacet
  facet normal -0.222097 0.0753804 0.972106
    outer loop
      vertex -47.3758 14.3841 4.40322
      vertex -48.269 14.7541 4.17046
      vertex -47.4839 14.0656 4.40322
    endloop
  endfacet
  facet normal -0.306752 0.269081 0.912961
    outer loop
      vertex -48.7298 17.1298 3.49605
      vertex -49.1848 16.6111 3.49605
      vertex -48.5261 16.1057 3.86633
    endloop
  endfacet
  facet normal -0.400228 0.0795964 0.912952
    outer loop
      vertex -49.2931 14.5503 3.86633
      vertex -50.095 14.7652 3.49605
      vertex -49.4065 13.9801 3.86633
    endloop
  endfacet
  facet normal -0.0574883 0.05041 0.997073
    outer loop
      vertex -46.1036 14.5036 4.56065
      vertex -46.2382 14.3501 4.56065
      vertex -45.4151 13.7185 4.64004
    endloop
  endfacet
  facet normal -0.115958 0.101681 0.988036
    outer loop
      vertex -46.1036 14.5036 4.56065
      vertex -46.8183 15.2183 4.40322
      vertex -46.2382 14.3501 4.56065
    endloop
  endfacet
  facet normal -0.19499 0.130331 0.972107
    outer loop
      vertex -47.8071 15.554 4.17046
      vertex -48.0643 15.1692 4.17046
      vertex -47.227 14.6858 4.40322
    endloop
  endfacet
  facet normal -0.265009 0.177132 0.947837
    outer loop
      vertex -47.8071 15.554 4.17046
      vertex -48.5261 16.1057 3.86633
      vertex -48.0643 15.1692 4.17046
    endloop
  endfacet
  facet normal -0.312638 0.0621832 0.947835
    outer loop
      vertex -48.4177 14.3158 4.17046
      vertex -49.2931 14.5503 3.86633
      vertex -48.508 13.8618 4.17046
    endloop
  endfacet
  facet normal -0.339284 0.226704 0.912958
    outer loop
      vertex -48.5261 16.1057 3.86633
      vertex -49.5681 16.0374 3.49605
      vertex -48.8491 15.6223 3.86633
    endloop
  endfacet
  facet normal -0.593089 0.117937 0.796453
    outer loop
      vertex -51.4251 15.1216 2.5834
      vertex -51.5948 14.2682 2.5834
      vertex -50.9633 14.1851 3.06596
    endloop
  endfacet
  facet normal -0.696564 0.138513 0.703998
    outer loop
      vertex -51.4251 15.1216 2.5834
      vertex -52.1136 14.3365 2.05664
      vertex -51.5948 14.2682 2.5834
    endloop
  endfacet
  facet normal -0.378411 0.331901 0.864087
    outer loop
      vertex -49.253 17.653 3.06596
      vertex -49.7718 17.0615 3.06596
      vertex -48.7298 17.1298 3.49605
    endloop
  endfacet
  facet normal -0.394593 0.590502 0.703992
    outer loop
      vertex -48.3259 19.1606 2.5834
      vertex -49.3679 19.0923 2.05664
      vertex -49.0493 18.6772 2.5834
    endloop
  endfacet
  facet normal -0.590543 0.394621 0.703941
    outer loop
      vertex -50.2772 17.4493 2.5834
      vertex -51.2137 16.9875 2.05664
      vertex -50.7606 16.7259 2.5834
    endloop
  endfacet
  facet normal -0.637028 0.314106 0.703941
    outer loop
      vertex -50.7606 16.7259 2.5834
      vertex -51.2137 16.9875 2.05664
      vertex -51.1454 15.9455 2.5834
    endloop
  endfacet
  facet normal -0.612748 0.53737 0.579459
    outer loop
      vertex -50.0735 18.4735 2.05664
      vertex -51.01 18.0116 1.49469
      vertex -50.6923 17.7679 2.05664
    endloop
  endfacet
  facet normal -0.612747 0.537408 0.579426
    outer loop
      vertex -50.3566 18.7566 1.49469
      vertex -51.01 18.0116 1.49469
      vertex -50.0735 18.4735 2.05664
    endloop
  endfacet
  facet normal -0.771677 0.261973 0.579555
    outer loop
      vertex -51.6288 16.1457 2.05664
      vertex -51.9988 16.299 1.49469
      vertex -51.9305 15.257 2.05664
    endloop
  endfacet
  facet normal -0.672543 0.228318 0.703958
    outer loop
      vertex -51.6288 16.1457 2.05664
      vertex -51.9305 15.257 2.05664
      vertex -51.1454 15.9455 2.5834
    endloop
  endfacet
  facet normal -0.811001 -0.541913 0.220471
    outer loop
      vertex -51.7951 -17.3231 0.907169
      vertex -51.9134 -17.3914 0.304124
      vertex -51.3332 -18.2597 0.304124
    endloop
  endfacet
  facet normal 0.230156 -0.678013 0.698088
    outer loop
      vertex 45.5001 -8.44995 3.61121
      vertex 44.3672 -8.83452 3.61121
      vertex 45.7754 -9.11463 2.87488
    endloop
  endfacet
  facet normal 0.159863 -0.803694 0.573166
    outer loop
      vertex 44.5534 -9.52944 2.87488
      vertex 43.2877 -9.7812 2.87488
      vertex 44.6959 -10.0613 2.08936
    endloop
  endfacet
  facet normal -0.146031 -0.0495326 0.988039
    outer loop
      vertex -46.5075 -13.8039 4.56065
      vertex -47.4839 -14.0656 4.40322
      vertex -46.4419 -13.9973 4.56065
    endloop
  endfacet
  facet normal -0.230046 -0.0457441 0.972104
    outer loop
      vertex -47.5495 -13.7357 4.40322
      vertex -48.508 -13.8618 4.17046
      vertex -47.4839 -14.0656 4.40322
    endloop
  endfacet
  facet normal -0.0753828 -0.222104 0.972105
    outer loop
      vertex -45.9841 -15.7758 4.40322
      vertex -46.354 -16.669 4.17046
      vertex -45.6656 -15.8839 4.40322
    endloop
  endfacet
  facet normal -0.0495607 -0.146023 0.988039
    outer loop
      vertex -45.4039 -14.9075 4.56065
      vertex -45.9841 -15.7758 4.40322
      vertex -45.6656 -15.8839 4.40322
    endloop
  endfacet
  facet normal -0.062177 -0.312639 0.947835
    outer loop
      vertex -45.9158 -16.8177 4.17046
      vertex -46.1503 -17.6931 3.86633
      vertex -45.5801 -17.8065 3.86633
    endloop
  endfacet
  facet normal -0.102462 -0.301848 0.947834
    outer loop
      vertex -45.9158 -16.8177 4.17046
      vertex -46.7009 -17.5062 3.86633
      vertex -46.1503 -17.6931 3.86633
    endloop
  endfacet
  facet normal -0.677663 -0.45276 0.579466
    outer loop
      vertex -50.6923 -17.7679 2.05664
      vertex -51.2137 -16.9875 2.05664
      vertex -51.01 -18.0116 1.49469
    endloop
  endfacet
  facet normal -0.612748 -0.53737 0.579459
    outer loop
      vertex -50.6923 -17.7679 2.05664
      vertex -51.01 -18.0116 1.49469
      vertex -50.0735 -18.4735 2.05664
    endloop
  endfacet
  facet normal -0.46828 0.533966 0.703985
    outer loop
      vertex -49.3679 19.0923 2.05664
      vertex -50.0735 18.4735 2.05664
      vertex -49.7035 18.1035 2.5834
    endloop
  endfacet
  facet normal -0.533976 0.468269 0.703984
    outer loop
      vertex -50.0735 18.4735 2.05664
      vertex -50.2772 17.4493 2.5834
      vertex -49.7035 18.1035 2.5834
    endloop
  endfacet
  facet normal 0.196388 -0.578535 0.791662
    outer loop
      vertex 45.1649 -7.6407 4.28575
      vertex 44.1405 -7.98844 4.28575
      vertex 44.3672 -8.83452 3.61121
    endloop
  endfacet
  facet normal 0.119189 -0.59922 0.791663
    outer loop
      vertex 44.1405 -7.98844 4.28575
      vertex 43.0795 -8.19948 4.28575
      vertex 44.3672 -8.83452 3.61121
    endloop
  endfacet
  facet normal 0.243232 0.213305 0.946224
    outer loop
      vertex 46.3213 4.32132 5.40455
      vertex 45.4402 3.4402 5.82967
      vertex 45.8598 2.96173 5.82967
    endloop
  endfacet
  facet normal 0.179111 0.157074 0.971209
    outer loop
      vertex 45.4402 3.4402 5.82967
      vertex 44.5002 2.50021 6.15505
      vertex 45.8598 2.96173 5.82967
    endloop
  endfacet
  facet normal -0.0162209 0.0328924 0.999327
    outer loop
      vertex 41.7247 0.66467 6.48608
      vertex -45.2616 13.8531 4.64004
      vertex 41.6403 0.623048 6.48608
    endloop
  endfacet
  facet normal 0.182981 0.371024 0.910417
    outer loop
      vertex 44.7755 6.70072 4.88696
      vertex 44.3387 5.64608 5.40455
      vertex 45.0556 5.29252 5.40455
    endloop
  endfacet
  facet normal 0.182965 0.371022 0.910421
    outer loop
      vertex 45.6264 6.28111 4.88696
      vertex 44.7755 6.70072 4.88696
      vertex 45.0556 5.29252 5.40455
    endloop
  endfacet
  facet normal 0.0305718 0.153697 0.987645
    outer loop
      vertex 42.9151 3.41535 6.15505
      vertex 42.2801 2.12763 6.3751
      vertex 42.5554 2.07287 6.3751
    endloop
  endfacet
  facet normal 0.0155846 0.237719 0.971209
    outer loop
      vertex 42 4.86518 5.82967
      vertex 42 3.53583 6.15505
      vertex 42.635 4.82355 5.82967
    endloop
  endfacet
  facet normal 0.0503687 0.148392 0.987645
    outer loop
      vertex 42.9151 3.41535 6.15505
      vertex 42.5554 2.07287 6.3751
      vertex 43.3531 3.26668 6.15505
    endloop
  endfacet
  facet normal 0.0464782 0.233653 0.971209
    outer loop
      vertex 42.635 4.82355 5.82967
      vertex 42.4615 3.50558 6.15505
      vertex 42.9151 3.41535 6.15505
    endloop
  endfacet
  facet normal 0.831465 -0.555577 0
    outer loop
      vertex 50.7082 -6.68204 0.425119
      vertex 51.5059 -5.48822 0
      vertex 51.5059 -5.48822 0.425119
    endloop
  endfacet
  facet normal 0.831465 -0.555577 0
    outer loop
      vertex 51.5059 -5.48822 0
      vertex 50.7082 -6.68204 0.425119
      vertex 50.7082 -6.68204 0
    endloop
  endfacet
  facet normal 0.459329 -0.402832 0.791672
    outer loop
      vertex 48.5612 -5.0346 4.28575
      vertex 47.8479 -5.84794 4.28575
      vertex 48.4673 -6.46732 3.61121
    endloop
  endfacet
  facet normal 0.383093 -0.335973 0.860443
    outer loop
      vertex 48.5612 -5.0346 4.28575
      vertex 47.1285 -5.12851 4.88696
      vertex 47.8479 -5.84794 4.28575
    endloop
  endfacet
  facet normal 0.143094 0.290146 0.946224
    outer loop
      vertex 45.0556 5.29252 5.40455
      vertex 44.3387 5.64608 5.40455
      vertex 44.4326 4.21337 5.82967
    endloop
  endfacet
  facet normal 0.143075 0.290146 0.946227
    outer loop
      vertex 44.3387 5.64608 5.40455
      vertex 43.8618 4.49484 5.82967
      vertex 44.4326 4.21337 5.82967
    endloop
  endfacet
  facet normal 0.103336 0.117807 0.987645
    outer loop
      vertex 44.1525 2.80517 6.15505
      vertex 43.3064 1.70253 6.3751
      vertex 43.5174 1.51745 6.3751
    endloop
  endfacet
  facet normal 0.103329 0.117811 0.987646
    outer loop
      vertex 44.1525 2.80517 6.15505
      vertex 43.5174 1.51745 6.3751
      vertex 44.5002 2.50021 6.15505
    endloop
  endfacet
  facet normal 0.714471 0.046828 0.698097
    outer loop
      vertex 51.7812 1.28772 2.87488
      vertex 51.0679 1.19381 3.61121
      vertex 51.8656 0 2.87488
    endloop
  endfacet
  facet normal 0.817694 0.0535935 0.573152
    outer loop
      vertex 52.4162 0 2.08936
      vertex 51.7812 1.28772 2.87488
      vertex 51.8656 0 2.87488
    endloop
  endfacet
  facet normal 0.87551 0.431731 0.217006
    outer loop
      vertex 52.1409 4.2005 0.425119
      vertex 51.5059 5.48822 0.425119
      vertex 51.9674 4.12863 1.26809
    endloop
  endfacet
  facet normal 0.924369 0.313768 0.217005
    outer loop
      vertex 52.1409 4.2005 0.425119
      vertex 51.9674 4.12863 1.26809
      vertex 52.6024 2.84091 0.425119
    endloop
  endfacet
  facet normal 0 0 1
    outer loop
      vertex 42.7133 0.0939045 6.48608
      vertex 42.7133 -0.0939045 6.48608
      vertex 42.7194 0 6.48608
    endloop
  endfacet
  facet normal 0 0 1
    outer loop
      vertex 42.6949 0.186203 6.48608
      vertex 42.7133 -0.0939045 6.48608
      vertex 42.7133 0.0939045 6.48608
    endloop
  endfacet
  facet normal 0 0 1
    outer loop
      vertex 42.6949 0.186203 6.48608
      vertex 42.6949 -0.186203 6.48608
      vertex 42.7133 -0.0939045 6.48608
    endloop
  endfacet
  facet normal 0 0 1
    outer loop
      vertex 42.6647 0.275315 6.48608
      vertex 42.6949 -0.186203 6.48608
      vertex 42.6949 0.186203 6.48608
    endloop
  endfacet
  facet normal 0 0 1
    outer loop
      vertex 42.6647 0.275315 6.48608
      vertex 42.6647 -0.275315 6.48608
      vertex 42.6949 -0.186203 6.48608
    endloop
  endfacet
  facet normal 0 0 1
    outer loop
      vertex 42.623 0.359716 6.48608
      vertex 42.6647 -0.275315 6.48608
      vertex 42.6647 0.275315 6.48608
    endloop
  endfacet
  facet normal 0 0 1
    outer loop
      vertex 42.623 0.359716 6.48608
      vertex 42.623 -0.359716 6.48608
      vertex 42.6647 -0.275315 6.48608
    endloop
  endfacet
  facet normal 0 0 1
    outer loop
      vertex 42.5708 0.437963 6.48608
      vertex 42.623 -0.359716 6.48608
      vertex 42.623 0.359716 6.48608
    endloop
  endfacet
  facet normal 0 0 1
    outer loop
      vertex 42.5708 0.437963 6.48608
      vertex 42.5708 -0.437963 6.48608
      vertex 42.623 -0.359716 6.48608
    endloop
  endfacet
  facet normal 0 0 1
    outer loop
      vertex 42.5087 0.508717 6.48608
      vertex 42.5708 -0.437963 6.48608
      vertex 42.5708 0.437963 6.48608
    endloop
  endfacet
  facet normal 0 0 1
    outer loop
      vertex 42.5087 0.508717 6.48608
      vertex 42.5087 -0.508717 6.48608
      vertex 42.5708 -0.437963 6.48608
    endloop
  endfacet
  facet normal 0 0 1
    outer loop
      vertex 42.438 0.570765 6.48608
      vertex 42.5087 -0.508717 6.48608
      vertex 42.5087 0.508717 6.48608
    endloop
  endfacet
  facet normal 0 0 1
    outer loop
      vertex 42.438 0.570765 6.48608
      vertex 42.438 -0.570765 6.48608
      vertex 42.5087 -0.508717 6.48608
    endloop
  endfacet
  facet normal 0 0 1
    outer loop
      vertex 42.3597 0.623048 6.48608
      vertex 42.438 -0.570765 6.48608
      vertex 42.438 0.570765 6.48608
    endloop
  endfacet
  facet normal 0 0 1
    outer loop
      vertex 42.3597 0.623048 6.48608
      vertex 42.3597 -0.623048 6.48608
      vertex 42.438 -0.570765 6.48608
    endloop
  endfacet
  facet normal 0 0 1
    outer loop
      vertex 42.2753 0.66467 6.48608
      vertex 42.3597 -0.623048 6.48608
      vertex 42.3597 0.623048 6.48608
    endloop
  endfacet
  facet normal 0 0 1
    outer loop
      vertex 42.2753 0.66467 6.48608
      vertex 42.2753 -0.66467 6.48608
      vertex 42.3597 -0.623048 6.48608
    endloop
  endfacet
  facet normal 0 0 1
    outer loop
      vertex 42.1862 0.69492 6.48608
      vertex 42.2753 -0.66467 6.48608
      vertex 42.2753 0.66467 6.48608
    endloop
  endfacet
  facet normal 0 0 1
    outer loop
      vertex 42.1862 0.69492 6.48608
      vertex 42.1862 -0.69492 6.48608
      vertex 42.2753 -0.66467 6.48608
    endloop
  endfacet
  facet normal 0 0 1
    outer loop
      vertex 42.0939 0.713279 6.48608
      vertex 42.1862 -0.69492 6.48608
      vertex 42.1862 0.69492 6.48608
    endloop
  endfacet
  facet normal 0 0 1
    outer loop
      vertex 42.0939 0.713279 6.48608
      vertex 42.0939 -0.713279 6.48608
      vertex 42.1862 -0.69492 6.48608
    endloop
  endfacet
  facet normal 0 0 1
    outer loop
      vertex 42 0.719434 6.48608
      vertex 42.0939 -0.713279 6.48608
      vertex 42.0939 0.713279 6.48608
    endloop
  endfacet
  facet normal 0 0 1
    outer loop
      vertex 42 0.719434 6.48608
      vertex 42 -0.719434 6.48608
      vertex 42.0939 -0.713279 6.48608
    endloop
  endfacet
  facet normal -0 0 1
    outer loop
      vertex 41.9061 0.713279 6.48608
      vertex 42 -0.719434 6.48608
      vertex 42 0.719434 6.48608
    endloop
  endfacet
  facet normal 0 0 1
    outer loop
      vertex 41.9061 0.713279 6.48608
      vertex 41.9061 -0.713279 6.48608
      vertex 42 -0.719434 6.48608
    endloop
  endfacet
  facet normal -0 0 1
    outer loop
      vertex 41.8138 0.69492 6.48608
      vertex 41.9061 -0.713279 6.48608
      vertex 41.9061 0.713279 6.48608
    endloop
  endfacet
  facet normal 0 0 1
    outer loop
      vertex 41.8138 0.69492 6.48608
      vertex 41.8138 -0.69492 6.48608
      vertex 41.9061 -0.713279 6.48608
    endloop
  endfacet
  facet normal -0 0 1
    outer loop
      vertex 41.7247 0.66467 6.48608
      vertex 41.8138 -0.69492 6.48608
      vertex 41.8138 0.69492 6.48608
    endloop
  endfacet
  facet normal 0 0 1
    outer loop
      vertex 41.7247 0.66467 6.48608
      vertex 41.7247 -0.66467 6.48608
      vertex 41.8138 -0.69492 6.48608
    endloop
  endfacet
  facet normal -0 0 1
    outer loop
      vertex 41.6403 0.623048 6.48608
      vertex 41.7247 -0.66467 6.48608
      vertex 41.7247 0.66467 6.48608
    endloop
  endfacet
  facet normal 0 0 1
    outer loop
      vertex 41.6403 0.623048 6.48608
      vertex 41.6403 -0.623048 6.48608
      vertex 41.7247 -0.66467 6.48608
    endloop
  endfacet
  facet normal -0 0 1
    outer loop
      vertex 41.562 0.570765 6.48608
      vertex 41.6403 -0.623048 6.48608
      vertex 41.6403 0.623048 6.48608
    endloop
  endfacet
  facet normal 0 0 1
    outer loop
      vertex 41.562 0.570765 6.48608
      vertex 41.562 -0.570765 6.48608
      vertex 41.6403 -0.623048 6.48608
    endloop
  endfacet
  facet normal -0 0 1
    outer loop
      vertex 41.4913 0.508717 6.48608
      vertex 41.562 -0.570765 6.48608
      vertex 41.562 0.570765 6.48608
    endloop
  endfacet
  facet normal 0 0 1
    outer loop
      vertex 41.4913 0.508717 6.48608
      vertex 41.4913 -0.508717 6.48608
      vertex 41.562 -0.570765 6.48608
    endloop
  endfacet
  facet normal -0 0 1
    outer loop
      vertex 41.4292 0.437963 6.48608
      vertex 41.4913 -0.508717 6.48608
      vertex 41.4913 0.508717 6.48608
    endloop
  endfacet
  facet normal 0 0 1
    outer loop
      vertex 41.4292 0.437963 6.48608
      vertex 41.4292 -0.437963 6.48608
      vertex 41.4913 -0.508717 6.48608
    endloop
  endfacet
  facet normal -0 0 1
    outer loop
      vertex 41.377 0.359716 6.48608
      vertex 41.4292 -0.437963 6.48608
      vertex 41.4292 0.437963 6.48608
    endloop
  endfacet
  facet normal 0 0 1
    outer loop
      vertex 41.377 0.359716 6.48608
      vertex 41.377 -0.359716 6.48608
      vertex 41.4292 -0.437963 6.48608
    endloop
  endfacet
  facet normal -0 0 1
    outer loop
      vertex 41.3353 0.275315 6.48608
      vertex 41.377 -0.359716 6.48608
      vertex 41.377 0.359716 6.48608
    endloop
  endfacet
  facet normal 0 0 1
    outer loop
      vertex 41.3353 0.275315 6.48608
      vertex 41.3353 -0.275315 6.48608
      vertex 41.377 -0.359716 6.48608
    endloop
  endfacet
  facet normal -0 0 1
    outer loop
      vertex 41.3051 0.186203 6.48608
      vertex 41.3353 -0.275315 6.48608
      vertex 41.3353 0.275315 6.48608
    endloop
  endfacet
  facet normal 0 0 1
    outer loop
      vertex 41.3051 0.186203 6.48608
      vertex 41.3051 -0.186203 6.48608
      vertex 41.3353 -0.275315 6.48608
    endloop
  endfacet
  facet normal -0 0 1
    outer loop
      vertex 41.2867 0.0939045 6.48608
      vertex 41.3051 -0.186203 6.48608
      vertex 41.3051 0.186203 6.48608
    endloop
  endfacet
  facet normal 0 0 1
    outer loop
      vertex 41.2867 0.0939045 6.48608
      vertex 41.2867 -0.0939045 6.48608
      vertex 41.3051 -0.186203 6.48608
    endloop
  endfacet
  facet normal 0 -0 1
    outer loop
      vertex 41.2867 -0.0939045 6.48608
      vertex 41.2867 0.0939045 6.48608
      vertex 41.2806 0 6.48608
    endloop
  endfacet
  facet normal -0.0503706 -0.0575186 0.997073
    outer loop
      vertex -45.37 -13.77 4.64004
      vertex -45.9501 -14.6382 4.56065
      vertex -45.3185 -13.8151 4.64004
    endloop
  endfacet
  facet normal -0.0504121 -0.0574908 0.997072
    outer loop
      vertex -45.37 -13.77 4.64004
      vertex -46.1036 -14.5036 4.56065
      vertex -45.9501 -14.6382 4.56065
    endloop
  endfacet
  facet normal -0.339284 -0.226704 0.912958
    outer loop
      vertex -48.8491 -15.6223 3.86633
      vertex -49.5681 -16.0374 3.49605
      vertex -48.5261 -16.1057 3.86633
    endloop
  endfacet
  facet normal -0.176343 -0.154604 0.972111
    outer loop
      vertex -46.8183 -15.2183 4.40322
      vertex -47.8071 -15.554 4.17046
      vertex -47.502 -15.902 4.17046
    endloop
  endfacet
  facet normal -0.301862 0.102411 0.947835
    outer loop
      vertex -48.269 14.7541 4.17046
      vertex -49.2931 14.5503 3.86633
      vertex -48.4177 14.3158 4.17046
    endloop
  endfacet
  facet normal -0.230048 0.0457562 0.972103
    outer loop
      vertex -48.4177 14.3158 4.17046
      vertex -48.508 13.8618 4.17046
      vertex -47.4839 14.0656 4.40322
    endloop
  endfacet
  facet normal -0.386408 0.131168 0.912953
    outer loop
      vertex -49.8732 15.4186 3.49605
      vertex -50.095 14.7652 3.49605
      vertex -49.2931 14.5503 3.86633
    endloop
  endfacet
  facet normal -0.285916 0.140984 0.947827
    outer loop
      vertex -48.8491 15.6223 3.86633
      vertex -49.1062 15.1009 3.86633
      vertex -48.269 14.7541 4.17046
    endloop
  endfacet
  facet normal -0.21015 0.239699 0.94783
    outer loop
      vertex -47.154 16.2071 4.17046
      vertex -48.1428 16.5428 3.86633
      vertex -47.502 15.902 4.17046
    endloop
  endfacet
  facet normal -0.210164 0.239663 0.947836
    outer loop
      vertex -47.7057 16.9261 3.86633
      vertex -48.1428 16.5428 3.86633
      vertex -47.154 16.2071 4.17046
    endloop
  endfacet
  facet normal -0.0575259 0.050377 0.997072
    outer loop
      vertex -45.37 13.77 4.64004
      vertex -46.1036 14.5036 4.56065
      vertex -45.4151 13.7185 4.64004
    endloop
  endfacet
  facet normal -0.0504121 0.0574908 0.997072
    outer loop
      vertex -45.9501 14.6382 4.56065
      vertex -46.1036 14.5036 4.56065
      vertex -45.37 13.77 4.64004
    endloop
  endfacet
  facet normal -0.0635711 0.0424806 0.997073
    outer loop
      vertex -46.2382 14.3501 4.56065
      vertex -46.3516 14.1804 4.56065
      vertex -45.4531 13.6616 4.64004
    endloop
  endfacet
  facet normal -0.12822 0.0856812 0.988038
    outer loop
      vertex -46.2382 14.3501 4.56065
      vertex -47.227 14.6858 4.40322
      vertex -46.3516 14.1804 4.56065
    endloop
  endfacet
  facet normal -0.239684 0.210137 0.947836
    outer loop
      vertex -47.502 15.902 4.17046
      vertex -48.5261 16.1057 3.86633
      vertex -47.8071 15.554 4.17046
    endloop
  endfacet
  facet normal -0.176343 0.154604 0.972111
    outer loop
      vertex -47.502 15.902 4.17046
      vertex -47.8071 15.554 4.17046
      vertex -46.8183 15.2183 4.40322
    endloop
  endfacet
  facet normal -0.38641 0.131166 0.912953
    outer loop
      vertex -49.1062 15.1009 3.86633
      vertex -49.8732 15.4186 3.49605
      vertex -49.2931 14.5503 3.86633
    endloop
  endfacet
  facet normal -0.210348 0.10373 0.972108
    outer loop
      vertex -48.0643 15.1692 4.17046
      vertex -48.269 14.7541 4.17046
      vertex -47.227 14.6858 4.40322
    endloop
  endfacet
  facet normal -0.476587 0.161784 0.864113
    outer loop
      vertex -50.5569 15.7017 3.06596
      vertex -50.8098 14.9567 3.06596
      vertex -50.095 14.7652 3.49605
    endloop
  endfacet
  facet normal -0.572577 0.194369 0.796478
    outer loop
      vertex -50.5569 15.7017 3.06596
      vertex -51.1454 15.9455 2.5834
      vertex -50.8098 14.9567 3.06596
    endloop
  endfacet
  facet normal -0.603398 0.0396149 0.796456
    outer loop
      vertex -51.5948 14.2682 2.5834
      vertex -51.6518 13.4 2.5834
      vertex -50.9633 14.1851 3.06596
    endloop
  endfacet
  facet normal -0.603314 0.0394986 0.796525
    outer loop
      vertex -50.9633 14.1851 3.06596
      vertex -51.6518 13.4 2.5834
      vertex -51.0147 13.4 3.06596
    endloop
  endfacet
  facet normal -0.814768 0.401837 0.417948
    outer loop
      vertex -51.7951 17.3231 0.907169
      vertex -51.9988 16.299 1.49469
      vertex -51.5605 17.1877 1.49469
    endloop
  endfacet
  facet normal -0.730914 0.360481 0.579499
    outer loop
      vertex -51.5605 17.1877 1.49469
      vertex -51.9988 16.299 1.49469
      vertex -51.2137 16.9875 2.05664
    endloop
  endfacet
  facet normal -0.128212 -0.0857038 0.988037
    outer loop
      vertex -46.2382 -14.3501 4.56065
      vertex -47.227 -14.6858 4.40322
      vertex -47.0401 -14.9654 4.40322
    endloop
  endfacet
  facet normal -0.265009 -0.177132 0.947837
    outer loop
      vertex -48.0643 -15.1692 4.17046
      vertex -48.5261 -16.1057 3.86633
      vertex -47.8071 -15.554 4.17046
    endloop
  endfacet
  facet normal -0.138307 -0.0682092 0.988038
    outer loop
      vertex -46.4419 -13.9973 4.56065
      vertex -47.227 -14.6858 4.40322
      vertex -46.3516 -14.1804 4.56065
    endloop
  endfacet
  facet normal -0.12822 -0.0856812 0.988038
    outer loop
      vertex -46.3516 -14.1804 4.56065
      vertex -47.227 -14.6858 4.40322
      vertex -46.2382 -14.3501 4.56065
    endloop
  endfacet
  facet normal -0.230048 -0.0457562 0.972103
    outer loop
      vertex -47.4839 -14.0656 4.40322
      vertex -48.508 -13.8618 4.17046
      vertex -48.4177 -14.3158 4.17046
    endloop
  endfacet
  facet normal -0.222117 -0.0753565 0.972104
    outer loop
      vertex -47.4839 -14.0656 4.40322
      vertex -48.4177 -14.3158 4.17046
      vertex -48.269 -14.7541 4.17046
    endloop
  endfacet
  facet normal -0.0457562 -0.230048 0.972103
    outer loop
      vertex -45.6656 -15.8839 4.40322
      vertex -45.9158 -16.8177 4.17046
      vertex -45.4618 -16.908 4.17046
    endloop
  endfacet
  facet normal -0.0457298 -0.230043 0.972105
    outer loop
      vertex -45.3356 -15.9495 4.40322
      vertex -45.6656 -15.8839 4.40322
      vertex -45.4618 -16.908 4.17046
    endloop
  endfacet
  facet normal -0.103742 -0.210342 0.972108
    outer loop
      vertex -46.2858 -15.627 4.40322
      vertex -46.7692 -16.4643 4.17046
      vertex -45.9841 -15.7758 4.40322
    endloop
  endfacet
  facet normal -0.0682127 -0.138305 0.988038
    outer loop
      vertex -45.7804 -14.7516 4.56065
      vertex -46.2858 -15.627 4.40322
      vertex -45.9841 -15.7758 4.40322
    endloop
  endfacet
  facet normal -0.335948 0.50273 0.796493
    outer loop
      vertex -48.3259 19.1606 2.5834
      vertex -48.6615 18.1718 3.06596
      vertex -48.0074 18.6089 3.06596
    endloop
  endfacet
  facet normal -0.279653 0.418488 0.864096
    outer loop
      vertex -48.0074 18.6089 3.06596
      vertex -48.6615 18.1718 3.06596
      vertex -47.6374 17.9681 3.49605
    endloop
  endfacet
  facet normal 0.0155819 0.23772 0.971209
    outer loop
      vertex 42.635 4.82355 5.82967
      vertex 42 3.53583 6.15505
      vertex 42.4615 3.50558 6.15505
    endloop
  endfacet
  facet normal 0.0305732 0.153696 0.987645
    outer loop
      vertex 42.4615 3.50558 6.15505
      vertex 42.2801 2.12763 6.3751
      vertex 42.9151 3.41535 6.15505
    endloop
  endfacet
  facet normal 0.0102497 0.156371 0.987645
    outer loop
      vertex 42.4615 3.50558 6.15505
      vertex 42 3.53583 6.15505
      vertex 42.2801 2.12763 6.3751
    endloop
  endfacet
  facet normal 0.0102498 0.156371 0.987645
    outer loop
      vertex 42 3.53583 6.15505
      vertex 42 2.14599 6.3751
      vertex 42.2801 2.12763 6.3751
    endloop
  endfacet
  facet normal 0.0512695 0.0584185 0.996975
    outer loop
      vertex 43.5174 1.51745 6.3751
      vertex 42.438 0.570765 6.48608
      vertex 42.5087 0.508717 6.48608
    endloop
  endfacet
  facet normal 0.0584166 0.0512716 0.996975
    outer loop
      vertex 43.5174 1.51745 6.3751
      vertex 42.5087 0.508717 6.48608
      vertex 42.5708 0.437963 6.48608
    endloop
  endfacet
  facet normal 0.00508396 0.0775604 0.996975
    outer loop
      vertex 42.2801 2.12763 6.3751
      vertex 42 0.719434 6.48608
      vertex 42.0939 0.713279 6.48608
    endloop
  endfacet
  facet normal 0.775934 0.263386 0.573196
    outer loop
      vertex 52.0613 2.69592 2.08936
      vertex 51.1146 3.7754 2.87488
      vertex 51.5294 2.5534 2.87488
    endloop
  endfacet
  facet normal 0.678026 0.230152 0.698076
    outer loop
      vertex 51.1146 3.7754 2.87488
      vertex 50.8345 2.3672 3.61121
      vertex 51.5294 2.5534 2.87488
    endloop
  endfacet
  facet normal 0.896882 0.44227 0
    outer loop
      vertex 52.1409 4.2005 0.425119
      vertex 51.5059 5.48822 0
      vertex 51.5059 5.48822 0.425119
    endloop
  endfacet
  facet normal 0.896882 0.44227 0
    outer loop
      vertex 51.5059 5.48822 0
      vertex 52.1409 4.2005 0.425119
      vertex 52.1409 4.2005 0
    endloop
  endfacet
  facet normal 0.946934 0.321428 0
    outer loop
      vertex 52.6024 2.84091 0.425119
      vertex 52.1409 4.2005 0
      vertex 52.1409 4.2005 0.425119
    endloop
  endfacet
  facet normal 0.946934 0.321428 0
    outer loop
      vertex 52.1409 4.2005 0
      vertex 52.6024 2.84091 0.425119
      vertex 52.6024 2.84091 0
    endloop
  endfacet
  facet normal -0.407189 0.0267435 0.912952
    outer loop
      vertex -49.4065 13.9801 3.86633
      vertex -50.2748 13.4 3.49605
      vertex -49.4446 13.4 3.86633
    endloop
  endfacet
  facet normal -0.318069 0.0208902 0.947837
    outer loop
      vertex -49.4065 13.9801 3.86633
      vertex -49.4446 13.4 3.86633
      vertex -48.5383 13.4 4.17046
    endloop
  endfacet
  facet normal -0.45144 0.222583 0.864094
    outer loop
      vertex -49.5681 16.0374 3.49605
      vertex -50.2089 16.4074 3.06596
      vertex -49.8732 15.4186 3.49605
    endloop
  endfacet
  facet normal -0.365989 0.180468 0.912953
    outer loop
      vertex -48.8491 15.6223 3.86633
      vertex -49.8732 15.4186 3.49605
      vertex -49.1062 15.1009 3.86633
    endloop
  endfacet
  facet normal -0.285907 0.140991 0.947828
    outer loop
      vertex -48.0643 15.1692 4.17046
      vertex -48.8491 15.6223 3.86633
      vertex -48.269 14.7541 4.17046
    endloop
  endfacet
  facet normal -0.265056 0.177106 0.947828
    outer loop
      vertex -48.5261 16.1057 3.86633
      vertex -48.8491 15.6223 3.86633
      vertex -48.0643 15.1692 4.17046
    endloop
  endfacet
  facet normal -0.19499 -0.130331 0.972107
    outer loop
      vertex -47.227 -14.6858 4.40322
      vertex -48.0643 -15.1692 4.17046
      vertex -47.8071 -15.554 4.17046
    endloop
  endfacet
  facet normal -0.210348 -0.10373 0.972108
    outer loop
      vertex -47.227 -14.6858 4.40322
      vertex -48.269 -14.7541 4.17046
      vertex -48.0643 -15.1692 4.17046
    endloop
  endfacet
  facet normal -0.176328 -0.154645 0.972108
    outer loop
      vertex -47.0401 -14.9654 4.40322
      vertex -47.8071 -15.554 4.17046
      vertex -46.8183 -15.2183 4.40322
    endloop
  endfacet
  facet normal -0.115947 -0.101688 0.988036
    outer loop
      vertex -46.2382 -14.3501 4.56065
      vertex -47.0401 -14.9654 4.40322
      vertex -46.8183 -15.2183 4.40322
    endloop
  endfacet
  facet normal -0.146029 -0.0495626 0.988038
    outer loop
      vertex -46.4419 -13.9973 4.56065
      vertex -47.4839 -14.0656 4.40322
      vertex -47.3758 -14.3841 4.40322
    endloop
  endfacet
  facet normal -0.222097 -0.0753804 0.972106
    outer loop
      vertex -47.4839 -14.0656 4.40322
      vertex -48.269 -14.7541 4.17046
      vertex -47.3758 -14.3841 4.40322
    endloop
  endfacet
  facet normal -0.234038 -0.0153376 0.972107
    outer loop
      vertex -47.5715 -13.4 4.40322
      vertex -48.5383 -13.4 4.17046
      vertex -47.5495 -13.7357 4.40322
    endloop
  endfacet
  facet normal -0.234044 -0.0153563 0.972105
    outer loop
      vertex -47.5495 -13.7357 4.40322
      vertex -48.5383 -13.4 4.17046
      vertex -48.508 -13.8618 4.17046
    endloop
  endfacet
  facet normal -0.331901 0.378411 0.864087
    outer loop
      vertex -48.6615 18.1718 3.06596
      vertex -49.253 17.653 3.06596
      vertex -48.7298 17.1298 3.49605
    endloop
  endfacet
  facet normal -0.331937 0.378408 0.864075
    outer loop
      vertex -48.6615 18.1718 3.06596
      vertex -48.7298 17.1298 3.49605
      vertex -48.2111 17.5848 3.49605
    endloop
  endfacet
  facet normal -0.301871 0.102469 0.947826
    outer loop
      vertex -49.1062 15.1009 3.86633
      vertex -49.2931 14.5503 3.86633
      vertex -48.269 14.7541 4.17046
    endloop
  endfacet
  facet normal -0.365987 0.18045 0.912957
    outer loop
      vertex -49.5681 16.0374 3.49605
      vertex -49.8732 15.4186 3.49605
      vertex -48.8491 15.6223 3.86633
    endloop
  endfacet
  facet normal -0.451405 0.2226 0.864108
    outer loop
      vertex -50.2089 16.4074 3.06596
      vertex -50.5569 15.7017 3.06596
      vertex -49.8732 15.4186 3.49605
    endloop
  endfacet
  facet normal -0.476591 0.161781 0.864111
    outer loop
      vertex -49.8732 15.4186 3.49605
      vertex -50.5569 15.7017 3.06596
      vertex -50.095 14.7652 3.49605
    endloop
  endfacet
  facet normal 0.175846 0.0115255 -0.98435
    outer loop
      vertex -46.1583 -13.1105 3.02189
      vertex -47.0449 -13.2272 2.86214
      vertex -47.0729 -12.8 2.86214
    endloop
  endfacet
  facet normal -0.35118 0.400436 -0.846359
    outer loop
      vertex 47.21 -5.20998 3.11331
      vertex 46.9604 -6.46456 2.6233
      vertex 46.4854 -5.84545 3.11331
    endloop
  endfacet
  facet normal -0.0325621 -0.345451 -0.937872
    outer loop
      vertex 42.8434 6.40631 3.55005
      vertex 42.7107 5.39801 3.92605
      vertex -43.1631 17.6374 2.39931
    endloop
  endfacet
  facet normal 0.241593 0 -0.970378
    outer loop
      vertex -47.9112 -12.8 2.65343
      vertex -47.0729 12.8 2.86214
      vertex -47.0729 -12.8 2.86214
    endloop
  endfacet
  facet normal 0.241593 0 -0.970378
    outer loop
      vertex -47.0729 12.8 2.86214
      vertex -47.9112 -12.8 2.65343
      vertex -47.9112 12.8 2.65343
    endloop
  endfacet
  facet normal 0.241571 0.0158333 -0.970254
    outer loop
      vertex -47.0729 -12.8 2.86214
      vertex -47.0449 -13.2272 2.86214
      vertex -47.876 -13.3366 2.65343
    endloop
  endfacet
  facet normal -0.640132 -0.04195 -0.767119
    outer loop
      vertex 50.7894 0 2.08841
      vertex 50.1484 0 2.6233
      vertex 50.0787 1.06358 2.6233
    endloop
  endfacet
  facet normal -0.192353 0.0381995 -0.980582
    outer loop
      vertex 45.4845 -0.875 4.38226
      vertex 45.0428 -0.815308 4.47123
      vertex 45.4182 -0.740631 4.4005
    endloop
  endfacet
  facet normal -0.192333 0.0383461 -0.98058
    outer loop
      vertex 45.0428 -0.815308 4.47123
      vertex 45.4845 -0.875 4.38226
      vertex 45.5322 -0.946449 4.37011
    endloop
  endfacet
  facet normal 0.114796 -0.00755557 -0.99336
    outer loop
      vertex -45.2313 12.9884 3.12993
      vertex -45.2437 12.8 3.12993
      vertex -46.1786 12.8 3.02189
    endloop
  endfacet
  facet normal -0.329023 -0.111544 -0.937711
    outer loop
      vertex 47.6697 1.61679 3.75726
      vertex 48.2414 1.67238 3.55005
      vertex 47.7979 1.55355 3.7198
    endloop
  endfacet
  facet normal -0.329005 -0.111688 -0.9377
    outer loop
      vertex 48.2414 1.67238 3.55005
      vertex 47.6697 1.61679 3.75726
      vertex 47.9697 2.47274 3.55005
    endloop
  endfacet
  facet normal -0.328924 -0.111722 -0.937725
    outer loop
      vertex 47.4529 1.69037 3.82454
      vertex 47.9697 2.47274 3.55005
      vertex 47.6697 1.61679 3.75726
    endloop
  endfacet
  facet normal -0.333446 -0.108315 -0.936526
    outer loop
      vertex 47.9697 2.47274 3.55005
      vertex 47.4529 1.69037 3.82454
      vertex 47.4477 1.69142 3.82627
    endloop
  endfacet
  facet normal -0.0581105 -0.528679 -0.84683
    outer loop
      vertex 42.9617 7.305 3.11331
      vertex -20.0191 16.0109 2
      vertex 43.0636 8.07869 2.6233
    endloop
  endfacet
  facet normal -0.0581293 -0.528805 -0.84675
    outer loop
      vertex -20.0191 16.0109 2
      vertex 42.9617 7.305 3.11331
      vertex -28.4366 16.9362 2
    endloop
  endfacet
  facet normal -0.139773 -0.411738 -0.90052
    outer loop
      vertex 44.8196 6.80717 3.11331
      vertex 44.4727 5.96973 3.55005
      vertex 43.907 7.11697 3.11331
    endloop
  endfacet
  facet normal -0.0280587 0.0569013 -0.997985
    outer loop
      vertex 42.3205 -0.555079 4.71171
      vertex 42.9559 -1.65574 4.63109
      vertex 42.2453 -0.592161 4.71171
    endloop
  endfacet
  facet normal -0.244011 -0.718775 -0.651016
    outer loop
      vertex 44.4726 8.50282 2
      vertex 45.3635 8.1203 2.08841
      vertex 44.2749 8.48986 2.08841
    endloop
  endfacet
  facet normal -0.243965 -0.718692 -0.651125
    outer loop
      vertex 45.3635 8.1203 2.08841
      vertex 44.4726 8.50282 2
      vertex 45.3926 8.19052 2
    endloop
  endfacet
  facet normal -0.13978 -0.411741 -0.900517
    outer loop
      vertex 43.907 7.11697 3.11331
      vertex 44.4727 5.96973 3.55005
      vertex 43.6724 6.24142 3.55005
    endloop
  endfacet
  facet normal 0.0152462 0.0173754 -0.999733
    outer loop
      vertex 41.6098 -0.5085 4.71171
      vertex 26.6145 -2.67293 4.44541
      vertex 41.5468 -0.45322 4.71171
    endloop
  endfacet
  facet normal 0.0152487 0.0173579 -0.999733
    outer loop
      vertex 26.6145 -2.67293 4.44541
      vertex 41.6098 -0.5085 4.71171
      vertex 26.575 -2.73211 4.44378
    endloop
  endfacet
  facet normal 0.0152586 0.0172894 -0.999734
    outer loop
      vertex 20.3186 -3.60883 4.33313
      vertex 20.3781 -3.64862 4.33335
      vertex -44.0946 -13.184 3.18442
    endloop
  endfacet
  facet normal -0.066875 0.594788 -0.801096
    outer loop
      vertex 43.0636 -8.07869 2.6233
      vertex -1.16823 -13.8914 2
      vertex -20.0191 -16.0109 2
    endloop
  endfacet
  facet normal -0.0846067 -0.0964647 -0.991734
    outer loop
      vertex 43.9177 2.49915 4.47123
      vertex 43.3519 1.35191 4.63109
      vertex 43.1639 1.5168 4.63109
    endloop
  endfacet
  facet normal -0.0206125 0.314069 -0.949176
    outer loop
      vertex -43.8 -16.9112 2.65343
      vertex -43.1631 -17.6374 2.39931
      vertex -43.8 -17.6792 2.39931
    endloop
  endfacet
  facet normal 0.00547631 -0.0832046 -0.996517
    outer loop
      vertex -43.8 14.2437 3.12993
      vertex 42 1.91188 4.63109
      vertex -43.9884 14.2313 3.12993
    endloop
  endfacet
  facet normal -0.629219 -0.125136 -0.767089
    outer loop
      vertex 50.4899 2.27485 2.08841
      vertex 50.0787 1.06358 2.6233
      vertex 49.8708 2.10896 2.6233
    endloop
  endfacet
  facet normal -0.426475 -0.0848153 -0.900514
    outer loop
      vertex 48.3884 1.06533 3.53764
      vertex 49.117 1.90699 3.11331
      vertex 48.4715 0.940944 3.51
    endloop
  endfacet
  facet normal -0.426424 -0.0848685 -0.900533
    outer loop
      vertex 48.3545 1.10398 3.55005
      vertex 49.117 1.90699 3.11331
      vertex 48.3884 1.06533 3.53764
    endloop
  endfacet
  facet normal -0.426438 -0.0848525 -0.900528
    outer loop
      vertex 49.117 1.90699 3.11331
      vertex 48.3545 1.10398 3.55005
      vertex 48.2414 1.67238 3.55005
    endloop
  endfacet
  facet normal -0.0391942 0.394222 -0.918179
    outer loop
      vertex 42.8434 -6.40631 3.55005
      vertex -43.0738 -18.316 2.10414
      vertex -43.1631 -17.6374 2.39931
    endloop
  endfacet
  facet normal 0.0639513 -0.0956225 -0.993361
    outer loop
      vertex -44.5218 14.0503 3.12993
      vertex -44.6788 13.9453 3.12993
      vertex -44.9893 14.86 3.02189
    endloop
  endfacet
  facet normal 0.013703 0.0277888 -0.99952
    outer loop
      vertex 26.4755 -2.84734 4.43954
      vertex 41.6795 -0.555079 4.71171
      vertex 41.7547 -0.592161 4.71171
    endloop
  endfacet
  facet normal 0.013716 0.0277029 -0.999522
    outer loop
      vertex 41.6795 -0.555079 4.71171
      vertex 26.4755 -2.84734 4.43954
      vertex 26.5154 -2.80179 4.44135
    endloop
  endfacet
  facet normal 0.0136841 0.0279163 -0.999517
    outer loop
      vertex 20.4546 -3.69975 4.3333
      vertex 20.4991 -3.72944 4.33308
      vertex -43.9852 -13.2471 3.18442
    endloop
  endfacet
  facet normal -0.0630395 -0.185711 -0.98058
    outer loop
      vertex 43.1218 4.18674 4.23487
      vertex 43.6587 4.00449 4.23487
      vertex 42.8153 3.04277 4.47123
    endloop
  endfacet
  facet normal 0.220426 -0.329831 -0.917945
    outer loop
      vertex -46.2396 17.0255 2.39931
      vertex -46.7702 16.6709 2.39931
      vertex -47.1869 17.2139 2.10414
    endloop
  endfacet
  facet normal -0.148129 -0.744479 -0.651007
    outer loop
      vertex 44.2945 8.56327 2
      vertex 44.2749 8.48986 2.08841
      vertex 44.1101 8.59996 2
    endloop
  endfacet
  facet normal -0.0110857 0.195703 -0.980601
    outer loop
      vertex 42 -3.15011 4.47123
      vertex 42 -4.33443 4.23487
      vertex -43.8 -16.0729 2.86214
    endloop
  endfacet
  facet normal 0.0956225 0.0639513 -0.993361
    outer loop
      vertex -45.0503 -13.5218 3.12993
      vertex -44.9453 -13.6788 3.12993
      vertex -45.86 -13.9893 3.02189
    endloop
  endfacet
  facet normal 0.0169781 0.0057134 -0.99984
    outer loop
      vertex 20.0246 -3.36313 4.33079
      vertex 20.0856 -3.41665 4.33152
      vertex -44.2471 -12.9852 3.18442
    endloop
  endfacet
  facet normal 0.016973 0.00575102 -0.999839
    outer loop
      vertex 41.4078 -0.24528 4.71171
      vertex 26.8346 -2.34361 4.45225
      vertex 41.3809 -0.16589 4.71171
    endloop
  endfacet
  facet normal 0.0169827 0.00568332 -0.99984
    outer loop
      vertex 26.8346 -2.34361 4.45225
      vertex 41.4078 -0.24528 4.71171
      vertex 26.7832 -2.42048 4.45094
    endloop
  endfacet
  facet normal -0.052137 0.48729 -0.871682
    outer loop
      vertex -43.0738 -18.316 2.10414
      vertex -28.4366 -16.9362 2
      vertex -43.0496 -18.4997 2
    endloop
  endfacet
  facet normal -0.0521313 0.487227 -0.871718
    outer loop
      vertex -28.4366 -16.9362 2
      vertex -43.0738 -18.316 2.10414
      vertex 42.9617 -7.305 3.11331
    endloop
  endfacet
  facet normal -0.1712 0.504316 -0.846378
    outer loop
      vertex 44.8196 -6.80717 3.11331
      vertex 45.1183 -7.52814 2.6233
      vertex 43.907 -7.11697 3.11331
    endloop
  endfacet
  facet normal -0.411721 -0.139762 -0.900529
    outer loop
      vertex 48.8072 2.81962 3.11331
      vertex 49.117 1.90699 3.11331
      vertex 47.9697 2.47274 3.55005
    endloop
  endfacet
  facet normal -0.108962 -0.163072 -0.980579
    outer loop
      vertex 44.6386 3.43873 4.23487
      vertex 43.9177 2.49915 4.47123
      vertex 43.5751 2.72807 4.47123
    endloop
  endfacet
  facet normal -0.744462 -0.148126 -0.651026
    outer loop
      vertex 50.5633 2.29452 2
      vertex 50.6 2.11007 2
      vertex 50.4899 2.27485 2.08841
    endloop
  endfacet
  facet normal 0.216976 -0.440157 -0.871312
    outer loop
      vertex -46 18.1113 2
      vertex -45.9291 17.9401 2.10414
      vertex -46.227 17.9994 2
    endloop
  endfacet
  facet normal -0.195627 0.0131301 -0.98059
    outer loop
      vertex 45.25 0 4.4513
      vertex 45.2533 -0.0509074 4.44996
      vertex 45.1501 0 4.47123
    endloop
  endfacet
  facet normal 0.00414851 -0.0633061 -0.997986
    outer loop
      vertex 42 1.91188 4.63109
      vertex 42 0.64095 4.71171
      vertex 41.7505 1.89553 4.63109
    endloop
  endfacet
  facet normal 0.0566841 -0.0037308 -0.998385
    outer loop
      vertex -45.2313 12.9884 3.12993
      vertex -44.2798 12.8632 3.18442
      vertex -45.2437 12.8 3.12993
    endloop
  endfacet
  facet normal 0.0176605 -0.00113634 -0.999843
    outer loop
      vertex 19.8545 3.21401 4.32821
      vertex -44.2798 12.8632 3.18442
      vertex 19.8701 3.22769 4.32847
    endloop
  endfacet
  facet normal 0.017655 -0.00117327 -0.999843
    outer loop
      vertex -44.2798 12.8632 3.18442
      vertex 19.8545 3.21401 4.32821
      vertex -44.284 12.8 3.18442
    endloop
  endfacet
  facet normal 0.0175997 -0.00154335 -0.999844
    outer loop
      vertex 41.359 0 4.71171
      vertex 26.9443 2.1544 4.45465
      vertex 26.9385 2.166 4.45453
    endloop
  endfacet
  facet normal 0.0566869 0 -0.998392
    outer loop
      vertex -45.2437 -12.8 3.12993
      vertex -44.284 12.8 3.18442
      vertex -44.284 -12.8 3.18442
    endloop
  endfacet
  facet normal 0.0566869 0 -0.998392
    outer loop
      vertex -44.284 12.8 3.18442
      vertex -45.2437 -12.8 3.12993
      vertex -45.2437 12.8 3.12993
    endloop
  endfacet
  facet normal 0.489703 0.0321617 -0.871296
    outer loop
      vertex -49.5324 -13.0525 2
      vertex -49.316 -13.5262 2.10414
      vertex -49.4997 -13.5504 2
    endloop
  endfacet
  facet normal 0.489581 0.0320904 -0.871367
    outer loop
      vertex -49.316 -13.5262 2.10414
      vertex -49.5324 -13.0525 2
      vertex -49.3636 -12.8 2.10414
    endloop
  endfacet
  facet normal -0.421697 -0.631087 -0.651076
    outer loop
      vertex 46.3947 7.6118 2.08841
      vertex 47.2405 7.13784 2
      vertex 47.3506 6.97306 2.08841
    endloop
  endfacet
  facet normal -0.421695 -0.631082 -0.651083
    outer loop
      vertex 47.2405 7.13784 2
      vertex 46.3947 7.6118 2.08841
      vertex 46.4327 7.67762 2
    endloop
  endfacet
  facet normal -0.0677766 -0.340753 -0.937707
    outer loop
      vertex 43.6724 6.24142 3.55005
      vertex 43.4092 5.25907 3.92605
      vertex 42.8434 6.40631 3.55005
    endloop
  endfacet
  facet normal -0.482322 -0.423001 -0.767095
    outer loop
      vertex 48.9731 5.35062 2.08841
      vertex 48.4646 4.96043 2.6233
      vertex 47.7618 5.76179 2.6233
    endloop
  endfacet
  facet normal -0.356425 -0.533405 -0.767099
    outer loop
      vertex 47.3506 6.97306 2.08841
      vertex 46.9604 6.46456 2.6233
      vertex 46.3947 7.6118 2.08841
    endloop
  endfacet
  facet normal -0.261212 -0.229088 -0.937703
    outer loop
      vertex 47.1263 3.93357 3.55005
      vertex 46.3195 3.31446 3.92605
      vertex 45.8499 3.84991 3.92605
    endloop
  endfacet
  facet normal 0.00755477 -0.114784 -0.993362
    outer loop
      vertex -43.8 15.1787 3.02189
      vertex -43.8 14.2437 3.12993
      vertex -43.9884 14.2313 3.12993
    endloop
  endfacet
  facet normal -0.340636 -0.0677795 -0.937749
    outer loop
      vertex 48.2374 1.23744 3.58294
      vertex 48.2414 1.67238 3.55005
      vertex 48.3545 1.10398 3.55005
    endloop
  endfacet
  facet normal -0.340751 -0.0677753 -0.937708
    outer loop
      vertex 48.0653 1.38837 3.63457
      vertex 48.2414 1.67238 3.55005
      vertex 48.2374 1.23744 3.58294
    endloop
  endfacet
  facet normal -0.340779 -0.0677552 -0.937699
    outer loop
      vertex 47.875 1.51554 3.69454
      vertex 48.2414 1.67238 3.55005
      vertex 48.0653 1.38837 3.63457
    endloop
  endfacet
  facet normal -0.340709 -0.0679308 -0.937712
    outer loop
      vertex 48.2414 1.67238 3.55005
      vertex 47.875 1.51554 3.69454
      vertex 47.7979 1.55355 3.7198
    endloop
  endfacet
  facet normal -0.411723 -0.139769 -0.900527
    outer loop
      vertex 49.117 1.90699 3.11331
      vertex 48.2414 1.67238 3.55005
      vertex 47.9697 2.47274 3.55005
    endloop
  endfacet
  facet normal -0.533426 -0.356402 -0.767095
    outer loop
      vertex 48.9731 5.35062 2.08841
      vertex 49.6118 4.39468 2.08841
      vertex 48.4646 4.96043 2.6233
    endloop
  endfacet
  facet normal -0.442853 -0.295877 -0.846367
    outer loop
      vertex 49.0567 4.0742 2.6233
      vertex 48.3809 3.68401 3.11331
      vertex 47.8455 4.48537 3.11331
    endloop
  endfacet
  facet normal 0.000882337 0.114787 -0.99339
    outer loop
      vertex -43.8 -14.2437 3.12993
      vertex 42 -1.91188 4.63109
      vertex -43.8 -15.1787 3.02189
    endloop
  endfacet
  facet normal 0.440157 0.216976 -0.871312
    outer loop
      vertex -48.9401 -14.9291 2.10414
      vertex -48.9994 -15.227 2
      vertex -49.1113 -15 2
    endloop
  endfacet
  facet normal 0.0320904 0.489581 -0.871367
    outer loop
      vertex -44.0525 -18.5324 2
      vertex -44.5262 -18.316 2.10414
      vertex -43.8 -18.3636 2.10414
    endloop
  endfacet
  facet normal 0.0321617 0.489703 -0.871296
    outer loop
      vertex -44.5262 -18.316 2.10414
      vertex -44.0525 -18.5324 2
      vertex -44.5504 -18.4997 2
    endloop
  endfacet
  facet normal 0.0110382 0.0557295 -0.998385
    outer loop
      vertex -43.9253 -13.2675 3.18442
      vertex -43.8632 -13.2798 3.18442
      vertex -44.1736 -14.1945 3.12993
    endloop
  endfacet
  facet normal -0.175897 0.0867206 -0.980581
    outer loop
      vertex 44.9103 -1.20549 4.47123
      vertex 46.0045 -1.65871 4.23487
      vertex 44.7281 -1.57505 4.47123
    endloop
  endfacet
  facet normal 0.0251265 0.0509451 -0.998385
    outer loop
      vertex -43.9852 -13.2471 3.18442
      vertex -44.3525 -14.1338 3.12993
      vertex -44.5218 -14.0503 3.12993
    endloop
  endfacet
  facet normal -0.0833387 0.71654 -0.69255
    outer loop
      vertex 43.1472 -8.71416 2.08841
      vertex 35.9896 -9.63209 2
      vertex 31.9055 -10.1071 2
    endloop
  endfacet
  facet normal -0.118774 -0.240837 -0.963271
    outer loop
      vertex 44.7223 4.71515 3.92605
      vertex 44.1672 3.75373 4.23487
      vertex 44.0836 5.03014 3.92605
    endloop
  endfacet
  facet normal -0.201889 0.177061 -0.963271
    outer loop
      vertex 46.3195 -3.31446 3.92605
      vertex 45.8499 -3.84991 3.92605
      vertex 45.0649 -3.0649 4.23487
    endloop
  endfacet
  facet normal -0.129308 -0.147458 -0.980579
    outer loop
      vertex 44.6386 3.43873 4.23487
      vertex 45.0649 3.0649 4.23487
      vertex 44.2275 2.22746 4.47123
    endloop
  endfacet
  facet normal -0.0567482 -0.115077 -0.991734
    outer loop
      vertex 43.5751 2.72807 4.47123
      vertex 42.9559 1.65574 4.63109
      vertex 42.7316 1.76635 4.63109
    endloop
  endfacet
  facet normal 0.0566865 -0.00376714 -0.998385
    outer loop
      vertex -44.2798 12.8632 3.18442
      vertex -44.284 12.8 3.18442
      vertex -45.2437 12.8 3.12993
    endloop
  endfacet
  facet normal 0.0135844 0.028588 -0.999499
    outer loop
      vertex 26.5219 -2.79439 4.44165
      vertex 41.6795 -0.555079 4.71171
      vertex 26.5154 -2.80179 4.44135
    endloop
  endfacet
  facet normal 0.0137751 0.0273039 -0.999532
    outer loop
      vertex -43.9852 -13.2471 3.18442
      vertex 20.4436 -3.69237 4.33335
      vertex 20.4546 -3.69975 4.3333
    endloop
  endfacet
  facet normal 0.013702 0.0277954 -0.99952
    outer loop
      vertex 20.4436 -3.69237 4.33335
      vertex -43.9852 -13.2471 3.18442
      vertex -44.042 -13.2191 3.18442
    endloop
  endfacet
  facet normal -0.0846067 0.0964647 -0.991734
    outer loop
      vertex 43.3519 -1.35191 4.63109
      vertex 43.9177 -2.49915 4.47123
      vertex 43.1639 -1.5168 4.63109
    endloop
  endfacet
  facet normal 0.0509451 0.0251265 -0.998385
    outer loop
      vertex -44.2471 -12.9852 3.18442
      vertex -45.0503 -13.5218 3.12993
      vertex -45.1338 -13.3525 3.12993
    endloop
  endfacet
  facet normal -0.00839151 -0.128037 -0.991734
    outer loop
      vertex 42.4112 3.12316 4.47123
      vertex 42.2495 1.89553 4.63109
      vertex 42 3.15011 4.47123
    endloop
  endfacet
  facet normal 0.323587 0.368956 -0.8713
    outer loop
      vertex -47.1869 -17.2139 2.10414
      vertex -47.2997 -17.3609 2
      vertex -47.49 -17.194 2
    endloop
  endfacet
  facet normal 0.103169 -0.0508818 -0.993362
    outer loop
      vertex -45.86 13.9893 3.02189
      vertex -45.1338 13.3525 3.12993
      vertex -45.9976 13.7103 3.02189
    endloop
  endfacet
  facet normal -0.0418437 0.0476873 -0.997985
    outer loop
      vertex 42.4532 -0.45322 4.71171
      vertex 43.1639 -1.5168 4.63109
      vertex 42.3902 -0.5085 4.71171
    endloop
  endfacet
  facet normal 0.0151824 -0.0178011 -0.999726
    outer loop
      vertex 20.3037 3.59893 4.33308
      vertex -44.0946 13.184 3.18442
      vertex 20.3186 3.60883 4.33313
    endloop
  endfacet
  facet normal 0.0152477 -0.0173634 -0.999733
    outer loop
      vertex -44.0946 13.184 3.18442
      vertex 20.3037 3.59893 4.33308
      vertex -44.1422 13.1422 3.18442
    endloop
  endfacet
  facet normal 0.0152487 -0.0173585 -0.999733
    outer loop
      vertex 41.5468 0.45322 4.71171
      vertex 26.6208 2.66349 4.44567
      vertex 26.6145 2.67293 4.44541
    endloop
  endfacet
  facet normal -0.283751 -0.575363 -0.767101
    outer loop
      vertex 46.3947 7.6118 2.08841
      vertex 46.0742 7.05672 2.6233
      vertex 45.1183 7.52814 2.6233
    endloop
  endfacet
  facet normal -0.477669 -0.235577 -0.846367
    outer loop
      vertex 49.0567 4.0742 2.6233
      vertex 48.8072 2.81962 3.11331
      vertex 48.3809 3.68401 3.11331
    endloop
  endfacet
  facet normal -0.206234 -0.607497 -0.767082
    outer loop
      vertex 45.3635 8.1203 2.08841
      vertex 45.1183 7.52814 2.6233
      vertex 44.2749 8.48986 2.08841
    endloop
  endfacet
  facet normal -0.171195 -0.504325 -0.846374
    outer loop
      vertex 44.109 7.87075 2.6233
      vertex 45.1183 7.52814 2.6233
      vertex 43.907 7.11697 3.11331
    endloop
  endfacet
  facet normal -0.125155 -0.629207 -0.767095
    outer loop
      vertex 44.2749 8.48986 2.08841
      vertex 44.109 7.87075 2.6233
      vertex 43.0636 8.07869 2.6233
    endloop
  endfacet
  facet normal -0.0885332 -0.753128 -0.651889
    outer loop
      vertex 43.1572 8.78951 2
      vertex 43.1472 8.71416 2.08841
      vertex 35.9896 9.63209 2
    endloop
  endfacet
  facet normal -0.326891 -0.286691 -0.900528
    outer loop
      vertex 47.21 5.20998 3.11331
      vertex 47.8455 4.48537 3.11331
      vertex 47.1263 3.93357 3.55005
    endloop
  endfacet
  facet normal -0.35118 -0.400436 -0.846359
    outer loop
      vertex 46.9604 6.46456 2.6233
      vertex 47.21 5.20998 3.11331
      vertex 46.4854 5.84545 3.11331
    endloop
  endfacet
  facet normal -0.235563 -0.477651 -0.84638
    outer loop
      vertex 45.1183 7.52814 2.6233
      vertex 46.0742 7.05672 2.6233
      vertex 44.8196 6.80717 3.11331
    endloop
  endfacet
  facet normal -0.0128252 -0.195699 -0.98058
    outer loop
      vertex 42 4.33443 4.23487
      vertex 42.5658 4.29735 4.23487
      vertex 42 3.15011 4.47123
    endloop
  endfacet
  facet normal -0.129316 -0.147455 -0.980579
    outer loop
      vertex 44.6386 3.43873 4.23487
      vertex 44.2275 2.22746 4.47123
      vertex 43.9177 2.49915 4.47123
    endloop
  endfacet
  facet normal -0.115076 -0.0567442 -0.991735
    outer loop
      vertex 44.7281 1.57505 4.47123
      vertex 43.7663 0.731647 4.63109
      vertex 43.6557 0.955942 4.63109
    endloop
  endfacet
  facet normal -0.389963 -0.192294 -0.900529
    outer loop
      vertex 48.8072 2.81962 3.11331
      vertex 47.9697 2.47274 3.55005
      vertex 47.5959 3.23079 3.55005
    endloop
  endfacet
  facet normal -0.361534 -0.241578 -0.900518
    outer loop
      vertex 48.3809 3.68401 3.11331
      vertex 47.5959 3.23079 3.55005
      vertex 47.1263 3.93357 3.55005
    endloop
  endfacet
  facet normal -0.361531 -0.241544 -0.900529
    outer loop
      vertex 47.8455 4.48537 3.11331
      vertex 48.3809 3.68401 3.11331
      vertex 47.1263 3.93357 3.55005
    endloop
  endfacet
  facet normal -0.163047 -0.10898 -0.980581
    outer loop
      vertex 45.4387 2.63863 4.23487
      vertex 44.7281 1.57505 4.47123
      vertex 44.4991 1.91766 4.47123
    endloop
  endfacet
  facet normal -0.531439 -0.034827 -0.84638
    outer loop
      vertex 50.0787 1.06358 2.6233
      vertex 50.1484 0 2.6233
      vertex 49.368 0 3.11331
    endloop
  endfacet
  facet normal -0.329005 0.111688 -0.9377
    outer loop
      vertex 47.6697 -1.61679 3.75726
      vertex 48.2414 -1.67238 3.55005
      vertex 47.9697 -2.47274 3.55005
    endloop
  endfacet
  facet normal -0.329023 0.111544 -0.937711
    outer loop
      vertex 48.2414 -1.67238 3.55005
      vertex 47.6697 -1.61679 3.75726
      vertex 47.7979 -1.55355 3.7198
    endloop
  endfacet
  facet normal -0.328924 0.111722 -0.937725
    outer loop
      vertex 47.9697 -2.47274 3.55005
      vertex 47.4529 -1.69037 3.82454
      vertex 47.6697 -1.61679 3.75726
    endloop
  endfacet
  facet normal -0.333446 0.108315 -0.936526
    outer loop
      vertex 47.4529 -1.69037 3.82454
      vertex 47.9697 -2.47274 3.55005
      vertex 47.4477 -1.69142 3.82627
    endloop
  endfacet
  facet normal -0.356421 0.533404 -0.767101
    outer loop
      vertex 46.9604 -6.46456 2.6233
      vertex 46.3947 -7.6118 2.08841
      vertex 46.0742 -7.05672 2.6233
    endloop
  endfacet
  facet normal 0.0183158 0.0537801 -0.998385
    outer loop
      vertex -43.9852 -13.2471 3.18442
      vertex -43.9253 -13.2675 3.18442
      vertex -44.1736 -14.1945 3.12993
    endloop
  endfacet
  facet normal 0.0146069 0.021686 -0.999658
    outer loop
      vertex 26.5295 -2.78568 4.44195
      vertex 41.6795 -0.555079 4.71171
      vertex 26.5219 -2.79439 4.44165
    endloop
  endfacet
  facet normal 0.0145727 0.0219176 -0.999654
    outer loop
      vertex -44.042 -13.2191 3.18442
      vertex 20.4305 -3.68366 4.33335
      vertex 20.4436 -3.69237 4.33335
    endloop
  endfacet
  facet normal 0.0145823 0.0218527 -0.999655
    outer loop
      vertex 20.4305 -3.68366 4.33335
      vertex -44.042 -13.2191 3.18442
      vertex -44.0946 -13.184 3.18442
    endloop
  endfacet
  facet normal 0.0508831 -0.103168 -0.993362
    outer loop
      vertex -44.3525 14.1338 3.12993
      vertex -44.5218 14.0503 3.12993
      vertex -44.9893 14.86 3.02189
    endloop
  endfacet
  facet normal 0.207476 0.236681 -0.949176
    outer loop
      vertex -46.7071 -15.7071 2.65343
      vertex -46.3027 -16.0616 2.65343
      vertex -46.7702 -16.6709 2.39931
    endloop
  endfacet
  facet normal -0.0321617 0.489703 -0.871296
    outer loop
      vertex -43.5475 -18.5324 2
      vertex -43.0738 -18.316 2.10414
      vertex -43.0496 -18.4997 2
    endloop
  endfacet
  facet normal -0.0320904 0.489581 -0.871367
    outer loop
      vertex -43.0738 -18.316 2.10414
      vertex -43.5475 -18.5324 2
      vertex -43.8 -18.3636 2.10414
    endloop
  endfacet
  facet normal -0.0143519 0.218994 -0.975621
    outer loop
      vertex 42 -4.33443 4.23487
      vertex 42.5658 -4.29735 4.23487
      vertex -43.8 -16.0729 2.86214
    endloop
  endfacet
  facet normal 0.0566865 0.00376714 -0.998385
    outer loop
      vertex -44.284 -12.8 3.18442
      vertex -44.2798 -12.8632 3.18442
      vertex -45.2437 -12.8 3.12993
    endloop
  endfacet
  facet normal -0.0568955 -0.0280713 -0.997985
    outer loop
      vertex 43.6557 0.955942 4.63109
      vertex 42.5922 0.24528 4.71171
      vertex 42.5551 0.320475 4.71171
    endloop
  endfacet
  facet normal 0.00545991 0.0833179 -0.996508
    outer loop
      vertex 41.7505 -1.89553 4.63109
      vertex 42 -1.91188 4.63109
      vertex -43.9884 -14.2313 3.12993
    endloop
  endfacet
  facet normal 0.0123318 0.0370438 -0.999238
    outer loop
      vertex -43.9253 -13.2675 3.18442
      vertex 20.5347 -3.75325 4.33265
      vertex 20.5436 -3.75918 4.33254
    endloop
  endfacet
  facet normal 0.012418 0.0364626 -0.999258
    outer loop
      vertex 20.5347 -3.75325 4.33265
      vertex -43.9253 -13.2675 3.18442
      vertex -43.9852 -13.2471 3.18442
    endloop
  endfacet
  facet normal 0.0122817 0.0373847 -0.999225
    outer loop
      vertex 26.4435 -2.88379 4.43781
      vertex 41.8341 -0.61911 4.71171
      vertex 26.4382 -2.8898 4.43752
    endloop
  endfacet
  facet normal -0.0581105 0.528679 -0.84683
    outer loop
      vertex -20.0191 -16.0109 2
      vertex 42.9617 -7.305 3.11331
      vertex 43.0636 -8.07869 2.6233
    endloop
  endfacet
  facet normal -0.0581293 0.528805 -0.84675
    outer loop
      vertex 42.9617 -7.305 3.11331
      vertex -20.0191 -16.0109 2
      vertex -28.4366 -16.9362 2
    endloop
  endfacet
  facet normal -0.0728457 0.636627 -0.767723
    outer loop
      vertex 31.9055 -10.1071 2
      vertex 43.0636 -8.07869 2.6233
      vertex 43.1472 -8.71416 2.08841
    endloop
  endfacet
  facet normal -0.0728403 0.636604 -0.767743
    outer loop
      vertex 43.0636 -8.07869 2.6233
      vertex 31.9055 -10.1071 2
      vertex -1.16823 -13.8914 2
    endloop
  endfacet
  facet normal 0.0319992 0.489684 -0.871312
    outer loop
      vertex -43.8 -18.3636 2.10414
      vertex -43.8 -18.5489 2
      vertex -44.0525 -18.5324 2
    endloop
  endfacet
  facet normal -0.311591 0.153648 -0.937712
    outer loop
      vertex 47.9697 -2.47274 3.55005
      vertex 47.5959 -3.23079 3.55005
      vertex 46.7151 -2.72229 3.92605
    endloop
  endfacet
  facet normal -0.223267 0.149186 -0.963273
    outer loop
      vertex 45.7537 -2.16721 4.23487
      vertex 46.3195 -3.31446 3.92605
      vertex 45.4387 -2.63863 4.23487
    endloop
  endfacet
  facet normal -0.340636 0.0677795 -0.937749
    outer loop
      vertex 48.2414 -1.67238 3.55005
      vertex 48.2374 -1.23744 3.58294
      vertex 48.3545 -1.10398 3.55005
    endloop
  endfacet
  facet normal -0.340751 0.0677753 -0.937708
    outer loop
      vertex 48.2414 -1.67238 3.55005
      vertex 48.0653 -1.38837 3.63457
      vertex 48.2374 -1.23744 3.58294
    endloop
  endfacet
  facet normal -0.340779 0.0677552 -0.937699
    outer loop
      vertex 48.2414 -1.67238 3.55005
      vertex 47.875 -1.51554 3.69454
      vertex 48.0653 -1.38837 3.63457
    endloop
  endfacet
  facet normal -0.340709 0.0679308 -0.937712
    outer loop
      vertex 47.875 -1.51554 3.69454
      vertex 48.2414 -1.67238 3.55005
      vertex 47.7979 -1.55355 3.7198
    endloop
  endfacet
  facet normal -0.00119746 -0.128041 -0.991768
    outer loop
      vertex 42 3.15011 4.47123
      vertex 42 1.91188 4.63109
      vertex -43.8 15.1787 3.02189
    endloop
  endfacet
  facet normal 0.0259475 -0.395862 -0.917943
    outer loop
      vertex -43.8 18.3636 2.10414
      vertex -44.4369 17.6374 2.39931
      vertex -44.5262 18.316 2.10414
    endloop
  endfacet
  facet normal 0.00545991 -0.0833179 -0.996508
    outer loop
      vertex 42 1.91188 4.63109
      vertex 41.7505 1.89553 4.63109
      vertex -43.9884 14.2313 3.12993
    endloop
  endfacet
  facet normal 0.0084468 -0.0627412 -0.997994
    outer loop
      vertex 26.2393 3.11662 4.42304
      vertex 41.7505 1.89553 4.63109
      vertex 41.9163 0.635467 4.71171
    endloop
  endfacet
  facet normal 0.00845198 -0.0626762 -0.997998
    outer loop
      vertex 26.182 3.18198 4.41845
      vertex 41.7505 1.89553 4.63109
      vertex 26.2393 3.11662 4.42304
    endloop
  endfacet
  facet normal 0.00844782 -0.062726 -0.997995
    outer loop
      vertex 25.7394 3.57009 4.39031
      vertex 41.7505 1.89553 4.63109
      vertex 26.182 3.18198 4.41845
    endloop
  endfacet
  facet normal 0.00844269 -0.0627745 -0.997992
    outer loop
      vertex 25.25 3.89711 4.3656
      vertex 41.7505 1.89553 4.63109
      vertex 25.7394 3.57009 4.39031
    endloop
  endfacet
  facet normal 0.00845019 -0.0627133 -0.997996
    outer loop
      vertex 24.7221 4.15746 4.34477
      vertex 41.7505 1.89553 4.63109
      vertex 25.25 3.89711 4.3656
    endloop
  endfacet
  facet normal 0.00844949 -0.0627185 -0.997995
    outer loop
      vertex 24.1647 4.34667 4.32816
      vertex 41.7505 1.89553 4.63109
      vertex 24.7221 4.15746 4.34477
    endloop
  endfacet
  facet normal 0.00842558 -0.0628887 -0.997985
    outer loop
      vertex 23.5874 4.4615 4.31605
      vertex 41.7505 1.89553 4.63109
      vertex 24.1647 4.34667 4.32816
    endloop
  endfacet
  facet normal 0.00845447 -0.0626858 -0.997998
    outer loop
      vertex 23.5874 4.4615 4.31605
      vertex -43.9884 14.2313 3.12993
      vertex 41.7505 1.89553 4.63109
    endloop
  endfacet
  facet normal 0.00844086 -0.0627792 -0.997992
    outer loop
      vertex 23 4.5 4.30866
      vertex -43.9884 14.2313 3.12993
      vertex 23.5874 4.4615 4.31605
    endloop
  endfacet
  facet normal 0.00844524 -0.0627493 -0.997994
    outer loop
      vertex 22.4126 4.4615 4.30611
      vertex -43.9884 14.2313 3.12993
      vertex 23 4.5 4.30866
    endloop
  endfacet
  facet normal 0.00844874 -0.0627256 -0.997995
    outer loop
      vertex 21.8353 4.34667 4.30844
      vertex -43.9884 14.2313 3.12993
      vertex 22.4126 4.4615 4.30611
    endloop
  endfacet
  facet normal 0.00844509 -0.0627498 -0.997994
    outer loop
      vertex 21.2779 4.15746 4.31562
      vertex -43.9884 14.2313 3.12993
      vertex 21.8353 4.34667 4.30844
    endloop
  endfacet
  facet normal 0.00844949 -0.0627215 -0.997995
    outer loop
      vertex -43.9884 14.2313 3.12993
      vertex 21.2779 4.15746 4.31562
      vertex 20.8855 3.96394 4.32446
    endloop
  endfacet
  facet normal 0.241563 -0.0158461 -0.970256
    outer loop
      vertex -47.876 13.3366 2.65343
      vertex -47.0729 12.8 2.86214
      vertex -47.9112 12.8 2.65343
    endloop
  endfacet
  facet normal 0.175848 0 -0.984417
    outer loop
      vertex -47.0729 -12.8 2.86214
      vertex -46.1786 12.8 3.02189
      vertex -46.1786 -12.8 3.02189
    endloop
  endfacet
  facet normal 0.175848 0 -0.984417
    outer loop
      vertex -46.1786 12.8 3.02189
      vertex -47.0729 -12.8 2.86214
      vertex -47.0729 12.8 2.86214
    endloop
  endfacet
  facet normal -0.0123762 -0.0622236 -0.997985
    outer loop
      vertex 42.2495 1.89553 4.63109
      vertex 42.4948 1.84674 4.63109
      vertex 42.0837 0.635467 4.71171
    endloop
  endfacet
  facet normal 0.0176644 -0.0011105 -0.999843
    outer loop
      vertex 19.9318 3.28177 4.3295
      vertex 19.8701 3.22769 4.32847
      vertex -44.2798 12.8632 3.18442
    endloop
  endfacet
  facet normal 0.0176572 -0.00116082 -0.999843
    outer loop
      vertex 26.9385 2.166 4.45453
      vertex 41.3645 0.0836601 4.71171
      vertex 41.359 0 4.71171
    endloop
  endfacet
  facet normal 0.0176542 -0.00118182 -0.999843
    outer loop
      vertex 41.3645 0.0836601 4.71171
      vertex 26.9385 2.166 4.45453
      vertex 26.9011 2.24183 4.45378
    endloop
  endfacet
  facet normal 0.00414706 -0.0633064 -0.997986
    outer loop
      vertex 42 0.64095 4.71171
      vertex 41.9163 0.635467 4.71171
      vertex 41.7505 1.89553 4.63109
    endloop
  endfacet
  facet normal 0.0161876 0.0110312 -0.999808
    outer loop
      vertex 26.7258 -2.50633 4.44928
      vertex 41.4449 -0.320475 4.71171
      vertex 26.7185 -2.51737 4.44904
    endloop
  endfacet
  facet normal 0.0162799 0.0104098 -0.999813
    outer loop
      vertex -44.184 -13.0946 3.18442
      vertex 20.1595 -3.48146 4.33221
      vertex 20.1735 -3.49375 4.33231
    endloop
  endfacet
  facet normal 0.0162182 0.0108224 -0.99981
    outer loop
      vertex 20.1595 -3.48146 4.33221
      vertex -44.184 -13.0946 3.18442
      vertex -44.2191 -13.042 3.18442
    endloop
  endfacet
  facet normal 0.0472237 0.0315827 -0.998385
    outer loop
      vertex -44.184 -13.0946 3.18442
      vertex -44.9453 -13.6788 3.12993
      vertex -45.0503 -13.5218 3.12993
    endloop
  endfacet
  facet normal 0.464735 -0.157626 -0.871307
    outer loop
      vertex -49.2717 14.5276 2
      vertex -49.174 14.24 2.10414
      vertex -49.353 14.2879 2
    endloop
  endfacet
  facet normal 0.489684 -0.0319992 -0.871312
    outer loop
      vertex -49.5324 13.0525 2
      vertex -49.3636 12.8 2.10414
      vertex -49.5489 12.8 2
    endloop
  endfacet
  facet normal -0.744638 -0.148082 -0.650834
    outer loop
      vertex 50.7142 1.14724 2.08841
      vertex 50.6 2.11007 2
      vertex 50.7895 1.15716 2
    endloop
  endfacet
  facet normal -0.744431 -0.148079 -0.651072
    outer loop
      vertex 50.6 2.11007 2
      vertex 50.7142 1.14724 2.08841
      vertex 50.4899 2.27485 2.08841
    endloop
  endfacet
  facet normal -0.0250305 -0.125845 -0.991734
    outer loop
      vertex 42.4112 3.12316 4.47123
      vertex 42.4948 1.84674 4.63109
      vertex 42.2495 1.89553 4.63109
    endloop
  endfacet
  facet normal 0.0152586 -0.0172894 -0.999734
    outer loop
      vertex 20.3781 3.64862 4.33335
      vertex 20.3186 3.60883 4.33313
      vertex -44.0946 13.184 3.18442
    endloop
  endfacet
  facet normal 0.0152462 -0.0173754 -0.999733
    outer loop
      vertex 26.6145 2.67293 4.44541
      vertex 41.6098 0.5085 4.71171
      vertex 41.5468 0.45322 4.71171
    endloop
  endfacet
  facet normal 0.0152487 -0.0173579 -0.999733
    outer loop
      vertex 41.6098 0.5085 4.71171
      vertex 26.6145 2.67293 4.44541
      vertex 26.575 2.73211 4.44378
    endloop
  endfacet
  facet normal 0.172829 -0.0343846 -0.984351
    outer loop
      vertex -46.0976 13.4156 3.02189
      vertex -46.1583 13.1105 3.02189
      vertex -46.9614 13.6471 2.86214
    endloop
  endfacet
  facet normal -0.0277584 -0.313172 -0.949291
    outer loop
      vertex -43.1631 17.6374 2.39931
      vertex 42.7107 5.39801 3.92605
      vertex -43.2634 16.876 2.65343
    endloop
  endfacet
  facet normal -0.125151 -0.629214 -0.76709
    outer loop
      vertex 43.1472 8.71416 2.08841
      vertex 44.2749 8.48986 2.08841
      vertex 43.0636 8.07869 2.6233
    endloop
  endfacet
  facet normal -0.206213 -0.607487 -0.767096
    outer loop
      vertex 44.2749 8.48986 2.08841
      vertex 45.1183 7.52814 2.6233
      vertex 44.109 7.87075 2.6233
    endloop
  endfacet
  facet normal 0.139223 -0.282292 -0.949172
    outer loop
      vertex -45.6672 17.3078 2.39931
      vertex -45.3733 16.5983 2.65343
      vertex -46.2396 17.0255 2.39931
    endloop
  endfacet
  facet normal -0.148068 -0.744363 -0.651153
    outer loop
      vertex 44.1101 8.59996 2
      vertex 43.1472 8.71416 2.08841
      vertex 43.1572 8.78951 2
    endloop
  endfacet
  facet normal -0.148069 -0.744438 -0.651067
    outer loop
      vertex 43.1472 8.71416 2.08841
      vertex 44.1101 8.59996 2
      vertex 44.2749 8.48986 2.08841
    endloop
  endfacet
  facet normal -0.335636 -0.680715 -0.651134
    outer loop
      vertex 45.3926 8.19052 2
      vertex 45.5613 8.10734 2
      vertex 45.3635 8.1203 2.08841
    endloop
  endfacet
  facet normal -0.422996 -0.482339 -0.767088
    outer loop
      vertex 48.215 6.21501 2.08841
      vertex 47.7618 5.76179 2.6233
      vertex 47.3506 6.97306 2.08841
    endloop
  endfacet
  facet normal -0.500346 -0.570541 -0.651258
    outer loop
      vertex 47.3506 6.97306 2.08841
      vertex 48.1274 6.39275 2
      vertex 48.215 6.21501 2.08841
    endloop
  endfacet
  facet normal -0.500369 -0.57058 -0.651206
    outer loop
      vertex 48.1274 6.39275 2
      vertex 47.3506 6.97306 2.08841
      vertex 47.3969 7.03336 2
    endloop
  endfacet
  facet normal -0.0867412 -0.175897 -0.98058
    outer loop
      vertex 43.6587 4.00449 4.23487
      vertex 44.1672 3.75373 4.23487
      vertex 43.5751 2.72807 4.47123
    endloop
  endfacet
  facet normal -0.11168 -0.328997 -0.937704
    outer loop
      vertex 44.4727 5.96973 3.55005
      vertex 44.0836 5.03014 3.92605
      vertex 43.4092 5.25907 3.92605
    endloop
  endfacet
  facet normal -0.356421 -0.533404 -0.767101
    outer loop
      vertex 46.3947 7.6118 2.08841
      vertex 46.9604 6.46456 2.6233
      vertex 46.0742 7.05672 2.6233
    endloop
  endfacet
  facet normal -0.153656 -0.311602 -0.937707
    outer loop
      vertex 45.2308 5.5959 3.55005
      vertex 44.7223 4.71515 3.92605
      vertex 44.4727 5.96973 3.55005
    endloop
  endfacet
  facet normal -0.311591 -0.153648 -0.937712
    outer loop
      vertex 47.5959 3.23079 3.55005
      vertex 47.9697 2.47274 3.55005
      vertex 46.7151 2.72229 3.92605
    endloop
  endfacet
  facet normal 0.013716 -0.0277029 -0.999522
    outer loop
      vertex 26.4755 2.84734 4.43954
      vertex 41.6795 0.555079 4.71171
      vertex 26.5154 2.80179 4.44135
    endloop
  endfacet
  facet normal 0.013703 -0.0277888 -0.99952
    outer loop
      vertex 41.6795 0.555079 4.71171
      vertex 26.4755 2.84734 4.43954
      vertex 41.7547 0.592161 4.71171
    endloop
  endfacet
  facet normal 0.0136841 -0.0279163 -0.999517
    outer loop
      vertex 20.4991 3.72944 4.33308
      vertex 20.4546 3.69975 4.3333
      vertex -43.9852 13.2471 3.18442
    endloop
  endfacet
  facet normal -0.0382651 -0.192349 -0.98058
    outer loop
      vertex 42.5658 4.29735 4.23487
      vertex 42.8153 3.04277 4.47123
      vertex 42.4112 3.12316 4.47123
    endloop
  endfacet
  facet normal 0.016973 -0.00575102 -0.999839
    outer loop
      vertex 26.8346 2.34361 4.45225
      vertex 41.4078 0.24528 4.71171
      vertex 41.3809 0.16589 4.71171
    endloop
  endfacet
  facet normal 0.0169827 -0.00568332 -0.99984
    outer loop
      vertex 41.4078 0.24528 4.71171
      vertex 26.8346 2.34361 4.45225
      vertex 26.7832 2.42048 4.45094
    endloop
  endfacet
  facet normal 0.0169781 -0.0057134 -0.99984
    outer loop
      vertex 20.0856 3.41665 4.33152
      vertex 20.0246 3.36313 4.33079
      vertex -44.2471 12.9852 3.18442
    endloop
  endfacet
  facet normal 0.0183158 -0.0537801 -0.998385
    outer loop
      vertex -43.9253 13.2675 3.18442
      vertex -43.9852 13.2471 3.18442
      vertex -44.1736 14.1945 3.12993
    endloop
  endfacet
  facet normal -0.192388 -0.0384623 -0.980565
    outer loop
      vertex 45.1232 0.411171 4.47123
      vertex 45.3096 0.452933 4.43302
      vertex 45.3061 0.435258 4.4344
    endloop
  endfacet
  facet normal -0.192446 -0.0382035 -0.980564
    outer loop
      vertex 45.1232 0.411171 4.47123
      vertex 45.3832 0.669696 4.41013
      vertex 45.3096 0.452933 4.43302
    endloop
  endfacet
  facet normal -0.19238 -0.0382725 -0.980574
    outer loop
      vertex 45.0428 0.815308 4.47123
      vertex 45.3832 0.669696 4.41013
      vertex 45.1232 0.411171 4.47123
    endloop
  endfacet
  facet normal -0.192355 -0.038212 -0.980581
    outer loop
      vertex 45.3832 0.669696 4.41013
      vertex 45.0428 0.815308 4.47123
      vertex 45.4182 0.740631 4.4005
    endloop
  endfacet
  facet normal -0.570711 -0.500114 -0.651288
    outer loop
      vertex 48.2688 6.26875 2
      vertex 48.3927 6.12736 2
      vertex 48.215 6.21501 2.08841
    endloop
  endfacet
  facet normal -0.163071 -0.108963 -0.980579
    outer loop
      vertex 45.4387 2.63863 4.23487
      vertex 45.7537 2.16721 4.23487
      vertex 44.7281 1.57505 4.47123
    endloop
  endfacet
  facet normal -0.575368 -0.28373 -0.767104
    outer loop
      vertex 49.6118 4.39468 2.08841
      vertex 49.5281 3.11826 2.6233
      vertex 49.0567 4.0742 2.6233
    endloop
  endfacet
  facet normal -0.631143 -0.421731 -0.651001
    outer loop
      vertex 49.6118 4.39468 2.08841
      vertex 49.1378 5.24052 2
      vertex 49.6776 4.43268 2
    endloop
  endfacet
  facet normal -0.631311 -0.421803 -0.650791
    outer loop
      vertex 49.1378 5.24052 2
      vertex 49.6118 4.39468 2.08841
      vertex 48.9731 5.35062 2.08841
    endloop
  endfacet
  facet normal -0.522355 -0.103883 -0.846376
    outer loop
      vertex 49.8708 2.10896 2.6233
      vertex 50.0787 1.06358 2.6233
      vertex 49.117 1.90699 3.11331
    endloop
  endfacet
  facet normal -0.757599 0.0496561 -0.650829
    outer loop
      vertex 50.8018 -0.9695 2
      vertex 50.7895 -1.15716 2
      vertex 50.7142 -1.14724 2.08841
    endloop
  endfacet
  facet normal -0.328965 0.111726 -0.937709
    outer loop
      vertex 47.0301 -2.08355 3.92605
      vertex 47.4477 -1.69142 3.82627
      vertex 47.9697 -2.47274 3.55005
    endloop
  endfacet
  facet normal -0.328881 0.111625 -0.937751
    outer loop
      vertex 47.4477 -1.69142 3.82627
      vertex 47.0301 -2.08355 3.92605
      vertex 47.2284 -1.73503 3.89799
    endloop
  endfacet
  facet normal -0.328982 0.111687 -0.937708
    outer loop
      vertex 47.2284 -1.73503 3.89799
      vertex 47.0301 -2.08355 3.92605
      vertex 47.1466 -1.74039 3.92605
    endloop
  endfacet
  facet normal 0.38909 0.0774038 -0.917942
    outer loop
      vertex -48.6374 -13.4369 2.39931
      vertex -49.174 -14.24 2.10414
      vertex -49.316 -13.5262 2.10414
    endloop
  endfacet
  facet normal -0.0206028 0.314076 -0.949174
    outer loop
      vertex -43.2634 -16.876 2.65343
      vertex -43.1631 -17.6374 2.39931
      vertex -43.8 -16.9112 2.65343
    endloop
  endfacet
  facet normal 0.236675 -0.207523 -0.949168
    outer loop
      vertex -46.7071 15.7071 2.65343
      vertex -47.0616 15.3028 2.65343
      vertex -47.6709 15.7702 2.39931
    endloop
  endfacet
  facet normal -0.356425 0.533405 -0.767099
    outer loop
      vertex 46.9604 -6.46456 2.6233
      vertex 47.3506 -6.97306 2.08841
      vertex 46.3947 -7.6118 2.08841
    endloop
  endfacet
  facet normal -0.0382657 -0.192349 -0.98058
    outer loop
      vertex 43.1218 4.18674 4.23487
      vertex 42.8153 3.04277 4.47123
      vertex 42.5658 4.29735 4.23487
    endloop
  endfacet
  facet normal -0.0677802 -0.340755 -0.937706
    outer loop
      vertex 42.8434 6.40631 3.55005
      vertex 43.4092 5.25907 3.92605
      vertex 42.7107 5.39801 3.92605
    endloop
  endfacet
  facet normal 0.48125 -0.0957376 -0.87134
    outer loop
      vertex -49.316 13.5262 2.10414
      vertex -49.4024 14.0397 2
      vertex -49.174 14.24 2.10414
    endloop
  endfacet
  facet normal 0.481331 -0.0957154 -0.871297
    outer loop
      vertex -49.4024 14.0397 2
      vertex -49.316 13.5262 2.10414
      vertex -49.4997 13.5504 2
    endloop
  endfacet
  facet normal 0.0173044 0.00352329 -0.999844
    outer loop
      vertex 19.9318 -3.28177 4.3295
      vertex 19.9937 -3.33606 4.33038
      vertex -44.2798 -12.8632 3.18442
    endloop
  endfacet
  facet normal 0.0173152 0.00345336 -0.999844
    outer loop
      vertex 41.3809 -0.16589 4.71171
      vertex 26.9011 -2.24183 4.45378
      vertex 41.3645 -0.0836601 4.71171
    endloop
  endfacet
  facet normal 0.0174566 0.00246754 -0.999845
    outer loop
      vertex 41.3809 -0.16589 4.71171
      vertex 26.8971 -2.25 4.45369
      vertex 26.9011 -2.24183 4.45378
    endloop
  endfacet
  facet normal 0.0173055 0.00351746 -0.999844
    outer loop
      vertex 26.8971 -2.25 4.45369
      vertex 41.3809 -0.16589 4.71171
      vertex 26.8506 -2.31969 4.45264
    endloop
  endfacet
  facet normal 0.0178281 1.10504e-05 -0.999841
    outer loop
      vertex 18.5385 -0.587367 4.30474
      vertex -44.284 -12.8 3.18442
      vertex 18.5 0 4.30406
    endloop
  endfacet
  facet normal 0.0178312 -4.602e-06 -0.999841
    outer loop
      vertex 18.6533 -1.16469 4.30679
      vertex -44.284 -12.8 3.18442
      vertex 18.5385 -0.587367 4.30474
    endloop
  endfacet
  facet normal 0.0178322 -1.0075e-05 -0.999841
    outer loop
      vertex 18.8425 -1.72207 4.31017
      vertex -44.284 -12.8 3.18442
      vertex 18.6533 -1.16469 4.30679
    endloop
  endfacet
  facet normal 0.0178293 6.58092e-06 -0.999841
    outer loop
      vertex 19.1029 -2.25 4.31481
      vertex -44.284 -12.8 3.18442
      vertex 18.8425 -1.72207 4.31017
    endloop
  endfacet
  facet normal 0.0178299 2.66549e-06 -0.999841
    outer loop
      vertex 19.4299 -2.73943 4.32064
      vertex -44.284 -12.8 3.18442
      vertex 19.1029 -2.25 4.31481
    endloop
  endfacet
  facet normal 0.01783 2.08041e-06 -0.999841
    outer loop
      vertex 19.818 -3.18198 4.32756
      vertex -44.284 -12.8 3.18442
      vertex 19.4299 -2.73943 4.32064
    endloop
  endfacet
  facet normal 0.0178267 2.42491e-05 -0.999841
    outer loop
      vertex -44.284 -12.8 3.18442
      vertex 19.818 -3.18198 4.32756
      vertex 19.8545 -3.21401 4.32821
    endloop
  endfacet
  facet normal 0.0178304 0 -0.999841
    outer loop
      vertex -44.284 12.8 3.18442
      vertex 18.5 0 4.30406
      vertex -44.284 -12.8 3.18442
    endloop
  endfacet
  facet normal 0.0178281 -1.10504e-05 -0.999841
    outer loop
      vertex 18.5 0 4.30406
      vertex -44.284 12.8 3.18442
      vertex 18.5385 0.587367 4.30474
    endloop
  endfacet
  facet normal 0.0178312 4.602e-06 -0.999841
    outer loop
      vertex 18.5385 0.587367 4.30474
      vertex -44.284 12.8 3.18442
      vertex 18.6533 1.16469 4.30679
    endloop
  endfacet
  facet normal 0.0178322 1.0075e-05 -0.999841
    outer loop
      vertex 18.6533 1.16469 4.30679
      vertex -44.284 12.8 3.18442
      vertex 18.8425 1.72207 4.31017
    endloop
  endfacet
  facet normal 0.0178293 -6.58092e-06 -0.999841
    outer loop
      vertex 18.8425 1.72207 4.31017
      vertex -44.284 12.8 3.18442
      vertex 19.1029 2.25 4.31481
    endloop
  endfacet
  facet normal 0.0178299 -2.66549e-06 -0.999841
    outer loop
      vertex 19.1029 2.25 4.31481
      vertex -44.284 12.8 3.18442
      vertex 19.4299 2.73943 4.32064
    endloop
  endfacet
  facet normal 0.01783 -2.08041e-06 -0.999841
    outer loop
      vertex 19.4299 2.73943 4.32064
      vertex -44.284 12.8 3.18442
      vertex 19.818 3.18198 4.32756
    endloop
  endfacet
  facet normal 0.0178267 -2.42491e-05 -0.999841
    outer loop
      vertex 19.818 3.18198 4.32756
      vertex -44.284 12.8 3.18442
      vertex 19.8545 3.21401 4.32821
    endloop
  endfacet
  facet normal 0.0178303 5.82624e-06 -0.999841
    outer loop
      vertex 41.359 0 4.71171
      vertex 27.4615 -0.587367 4.46387
      vertex 27.5 0 4.46456
    endloop
  endfacet
  facet normal 0.0178304 4.75583e-06 -0.999841
    outer loop
      vertex 41.359 0 4.71171
      vertex 27.3467 -1.16469 4.46182
      vertex 27.4615 -0.587367 4.46387
    endloop
  endfacet
  facet normal 0.0178314 -7.60596e-06 -0.999841
    outer loop
      vertex 41.359 0 4.71171
      vertex 27.1575 -1.72207 4.45845
      vertex 27.3467 -1.16469 4.46182
    endloop
  endfacet
  facet normal 0.0178311 -5.08045e-06 -0.999841
    outer loop
      vertex 27.1575 -1.72207 4.45845
      vertex 41.359 0 4.71171
      vertex 26.9443 -2.1544 4.45465
    endloop
  endfacet
  facet normal 0.0178303 -5.82624e-06 -0.999841
    outer loop
      vertex 27.4615 0.587367 4.46387
      vertex 41.359 0 4.71171
      vertex 27.5 0 4.46456
    endloop
  endfacet
  facet normal 0.0178304 -4.75583e-06 -0.999841
    outer loop
      vertex 27.3467 1.16469 4.46182
      vertex 41.359 0 4.71171
      vertex 27.4615 0.587367 4.46387
    endloop
  endfacet
  facet normal 0.0178314 7.60596e-06 -0.999841
    outer loop
      vertex 27.1575 1.72207 4.45845
      vertex 41.359 0 4.71171
      vertex 27.3467 1.16469 4.46182
    endloop
  endfacet
  facet normal 0.0178311 5.08045e-06 -0.999841
    outer loop
      vertex 41.359 0 4.71171
      vertex 27.1575 1.72207 4.45845
      vertex 26.9443 2.1544 4.45465
    endloop
  endfacet
  facet normal 0.0639513 0.0956225 -0.993361
    outer loop
      vertex -44.6788 -13.9453 3.12993
      vertex -44.5218 -14.0503 3.12993
      vertex -44.9893 -14.86 3.02189
    endloop
  endfacet
  facet normal 0.0182517 0.0537929 -0.998385
    outer loop
      vertex -43.9852 -13.2471 3.18442
      vertex -44.1736 -14.1945 3.12993
      vertex -44.3525 -14.1338 3.12993
    endloop
  endfacet
  facet normal -0.00119746 0.128041 -0.991768
    outer loop
      vertex 42 -1.91188 4.63109
      vertex 42 -3.15011 4.47123
      vertex -43.8 -15.1787 3.02189
    endloop
  endfacet
  facet normal -0.0128252 0.195699 -0.98058
    outer loop
      vertex 42 -3.15011 4.47123
      vertex 42.5658 -4.29735 4.23487
      vertex 42 -4.33443 4.23487
    endloop
  endfacet
  facet normal 0.0315298 0.0472498 -0.998385
    outer loop
      vertex -44.0946 -13.184 3.18442
      vertex -44.042 -13.2191 3.18442
      vertex -44.5218 -14.0503 3.12993
    endloop
  endfacet
  facet normal 0.0251169 0.0509515 -0.998385
    outer loop
      vertex -44.042 -13.2191 3.18442
      vertex -43.9852 -13.2471 3.18442
      vertex -44.5218 -14.0503 3.12993
    endloop
  endfacet
  facet normal -0.0259475 0.395862 -0.917943
    outer loop
      vertex -43.1631 -17.6374 2.39931
      vertex -43.0738 -18.316 2.10414
      vertex -43.8 -18.3636 2.10414
    endloop
  endfacet
  facet normal -0.477698 0.235566 -0.846353
    outer loop
      vertex 49.5281 -3.11826 2.6233
      vertex 49.0567 -4.0742 2.6233
      vertex 48.8072 -2.81962 3.11331
    endloop
  endfacet
  facet normal -0.0523953 0.263374 -0.96327
    outer loop
      vertex 43.1218 -4.18674 4.23487
      vertex 42.7107 -5.39801 3.92605
      vertex 42.5658 -4.29735 4.23487
    endloop
  endfacet
  facet normal 0.0206125 0.314069 -0.949176
    outer loop
      vertex -43.8 -16.9112 2.65343
      vertex -43.8 -17.6792 2.39931
      vertex -44.4369 -17.6374 2.39931
    endloop
  endfacet
  facet normal -0.295909 0.442844 -0.846361
    outer loop
      vertex 46.4854 -5.84545 3.11331
      vertex 46.9604 -6.46456 2.6233
      vertex 46.0742 -7.05672 2.6233
    endloop
  endfacet
  facet normal -0.575357 0.283733 -0.767112
    outer loop
      vertex 50.1203 -3.36354 2.08841
      vertex 49.6118 -4.39468 2.08841
      vertex 49.5281 -3.11826 2.6233
    endloop
  endfacet
  facet normal -0.0319992 0.489684 -0.871312
    outer loop
      vertex -43.8 -18.3636 2.10414
      vertex -43.5475 -18.5324 2
      vertex -43.8 -18.5489 2
    endloop
  endfacet
  facet normal 0.172839 0.0343702 -0.98435
    outer loop
      vertex -46.1583 -13.1105 3.02189
      vertex -46.9614 -13.6471 2.86214
      vertex -47.0449 -13.2272 2.86214
    endloop
  endfacet
  facet normal -0.175895 0.0867539 -0.980579
    outer loop
      vertex 46.0045 -1.65871 4.23487
      vertex 45.7537 -2.16721 4.23487
      vertex 44.7281 -1.57505 4.47123
    endloop
  endfacet
  facet normal 0.0509515 -0.0251169 -0.998385
    outer loop
      vertex -44.2191 13.042 3.18442
      vertex -44.2471 12.9852 3.18442
      vertex -45.0503 13.5218 3.12993
    endloop
  endfacet
  facet normal -0.0622157 -0.0124083 -0.997986
    outer loop
      vertex 43.8467 0.494832 4.63109
      vertex 42.6355 0.0836601 4.71171
      vertex 42.6191 0.16589 4.71171
    endloop
  endfacet
  facet normal 0.0224181 -0.112822 -0.993362
    outer loop
      vertex -44.1105 15.1583 3.02189
      vertex -43.9884 14.2313 3.12993
      vertex -44.1736 14.1945 3.12993
    endloop
  endfacet
  facet normal 0.00754117 -0.114781 -0.993362
    outer loop
      vertex -43.8 15.1787 3.02189
      vertex -43.9884 14.2313 3.12993
      vertex -44.1105 15.1583 3.02189
    endloop
  endfacet
  facet normal 0.329831 -0.220426 -0.917945
    outer loop
      vertex -47.6709 15.7702 2.39931
      vertex -48.0255 15.2396 2.39931
      vertex -48.2139 16.1869 2.10414
    endloop
  endfacet
  facet normal 0.489581 -0.0320904 -0.871367
    outer loop
      vertex -49.5324 13.0525 2
      vertex -49.316 13.5262 2.10414
      vertex -49.3636 12.8 2.10414
    endloop
  endfacet
  facet normal 0.489703 -0.0321617 -0.871296
    outer loop
      vertex -49.316 13.5262 2.10414
      vertex -49.5324 13.0525 2
      vertex -49.4997 13.5504 2
    endloop
  endfacet
  facet normal 0.0639165 -0.0956344 -0.993362
    outer loop
      vertex -44.9893 14.86 3.02189
      vertex -44.6788 13.9453 3.12993
      vertex -45.248 14.6871 3.02189
    endloop
  endfacet
  facet normal 0.016609 -0.00819462 -0.999828
    outer loop
      vertex 26.7832 2.42048 4.45094
      vertex 41.4449 0.320475 4.71171
      vertex 41.4078 0.24528 4.71171
    endloop
  endfacet
  facet normal 0.016614 -0.00815977 -0.999829
    outer loop
      vertex 41.4449 0.320475 4.71171
      vertex 26.7832 2.42048 4.45094
      vertex 26.7336 2.49471 4.44951
    endloop
  endfacet
  facet normal 0.0165922 -0.00830653 -0.999828
    outer loop
      vertex 20.1447 3.4685 4.33207
      vertex 20.0856 3.41665 4.33152
      vertex -44.2471 12.9852 3.18442
    endloop
  endfacet
  facet normal -0.147459 0.129308 -0.980579
    outer loop
      vertex 45.4387 -2.63863 4.23487
      vertex 45.0649 -3.0649 4.23487
      vertex 44.2275 -2.22746 4.47123
    endloop
  endfacet
  facet normal 0.0123998 0.0365859 -0.999254
    outer loop
      vertex 20.4991 -3.72944 4.33308
      vertex 20.5347 -3.75325 4.33265
      vertex -43.9852 -13.2471 3.18442
    endloop
  endfacet
  facet normal 0.0124052 0.0365494 -0.999255
    outer loop
      vertex 26.4435 -2.88379 4.43781
      vertex 41.7547 -0.592161 4.71171
      vertex 41.8341 -0.61911 4.71171
    endloop
  endfacet
  facet normal 0.0124075 0.0365342 -0.999255
    outer loop
      vertex 41.7547 -0.592161 4.71171
      vertex 26.4435 -2.88379 4.43781
      vertex 26.4755 -2.84734 4.43954
    endloop
  endfacet
  facet normal 0.0173798 -0.00301761 -0.999844
    outer loop
      vertex 19.9937 3.33606 4.33038
      vertex -44.2675 12.9253 3.18442
      vertex 20.0093 3.3497 4.33061
    endloop
  endfacet
  facet normal 0.0173182 -0.00343018 -0.999844
    outer loop
      vertex -44.2675 12.9253 3.18442
      vertex 19.9937 3.33606 4.33038
      vertex -44.2798 12.8632 3.18442
    endloop
  endfacet
  facet normal 0.0173404 -0.00328197 -0.999844
    outer loop
      vertex 41.3809 0.16589 4.71171
      vertex 26.8506 2.31969 4.45264
      vertex 26.8425 2.33173 4.45246
    endloop
  endfacet
  facet normal 0.0251265 -0.0509451 -0.998385
    outer loop
      vertex -44.3525 14.1338 3.12993
      vertex -43.9852 13.2471 3.18442
      vertex -44.5218 14.0503 3.12993
    endloop
  endfacet
  facet normal 0.0182517 -0.0537929 -0.998385
    outer loop
      vertex -44.1736 14.1945 3.12993
      vertex -43.9852 13.2471 3.18442
      vertex -44.3525 14.1338 3.12993
    endloop
  endfacet
  facet normal -0.421567 -0.63106 -0.651187
    outer loop
      vertex 47.3969 7.03336 2
      vertex 47.3506 6.97306 2.08841
      vertex 47.2405 7.13784 2
    endloop
  endfacet
  facet normal -0.33565 -0.680673 -0.651171
    outer loop
      vertex 45.5613 8.10734 2
      vertex 46.3947 7.6118 2.08841
      vertex 45.3635 8.1203 2.08841
    endloop
  endfacet
  facet normal -0.335695 -0.680734 -0.651084
    outer loop
      vertex 46.3947 7.6118 2.08841
      vertex 45.5613 8.10734 2
      vertex 46.4327 7.67762 2
    endloop
  endfacet
  facet normal -0.283738 -0.5754 -0.767077
    outer loop
      vertex 45.3635 8.1203 2.08841
      vertex 46.3947 7.6118 2.08841
      vertex 45.1183 7.52814 2.6233
    endloop
  endfacet
  facet normal -0.235557 -0.477667 -0.846373
    outer loop
      vertex 46.0742 7.05672 2.6233
      vertex 45.684 6.3809 3.11331
      vertex 44.8196 6.80717 3.11331
    endloop
  endfacet
  facet normal -0.192315 -0.38998 -0.900517
    outer loop
      vertex 45.684 6.3809 3.11331
      vertex 45.2308 5.5959 3.55005
      vertex 44.8196 6.80717 3.11331
    endloop
  endfacet
  facet normal -0.0250352 -0.125845 -0.991734
    outer loop
      vertex 42.8153 3.04277 4.47123
      vertex 42.4948 1.84674 4.63109
      vertex 42.4112 3.12316 4.47123
    endloop
  endfacet
  facet normal -0.223294 -0.149172 -0.963269
    outer loop
      vertex 46.3195 3.31446 3.92605
      vertex 46.7151 2.72229 3.92605
      vertex 45.7537 2.16721 4.23487
    endloop
  endfacet
  facet normal -0.1712 -0.504316 -0.846378
    outer loop
      vertex 45.1183 7.52814 2.6233
      vertex 44.8196 6.80717 3.11331
      vertex 43.907 7.11697 3.11331
    endloop
  endfacet
  facet normal -0.192304 -0.389978 -0.90052
    outer loop
      vertex 44.8196 6.80717 3.11331
      vertex 45.2308 5.5959 3.55005
      vertex 44.4727 5.96973 3.55005
    endloop
  endfacet
  facet normal -0.295909 -0.442844 -0.846361
    outer loop
      vertex 46.9604 6.46456 2.6233
      vertex 46.4854 5.84545 3.11331
      vertex 46.0742 7.05672 2.6233
    endloop
  endfacet
  facet normal -0.229087 -0.261203 -0.937706
    outer loop
      vertex 45.9336 5.12632 3.55005
      vertex 45.8499 3.84991 3.92605
      vertex 45.3145 4.31948 3.92605
    endloop
  endfacet
  facet normal -0.129308 0.147458 -0.980579
    outer loop
      vertex 45.0649 -3.0649 4.23487
      vertex 44.6386 -3.43873 4.23487
      vertex 44.2275 -2.22746 4.47123
    endloop
  endfacet
  facet normal -0.192333 -0.0383461 -0.98058
    outer loop
      vertex 45.4845 0.875 4.38226
      vertex 45.0428 0.815308 4.47123
      vertex 45.5322 0.946449 4.37011
    endloop
  endfacet
  facet normal -0.192353 -0.0381995 -0.980582
    outer loop
      vertex 45.0428 0.815308 4.47123
      vertex 45.4845 0.875 4.38226
      vertex 45.4182 0.740631 4.4005
    endloop
  endfacet
  facet normal -0.38997 -0.192326 -0.900519
    outer loop
      vertex 48.3809 3.68401 3.11331
      vertex 48.8072 2.81962 3.11331
      vertex 47.5959 3.23079 3.55005
    endloop
  endfacet
  facet normal -0.326898 -0.28669 -0.900526
    outer loop
      vertex 47.21 5.20998 3.11331
      vertex 47.1263 3.93357 3.55005
      vertex 46.569 4.56903 3.55005
    endloop
  endfacet
  facet normal -0.00839037 -0.128036 -0.991734
    outer loop
      vertex 42 3.15011 4.47123
      vertex 42.2495 1.89553 4.63109
      vertex 42 1.91188 4.63109
    endloop
  endfacet
  facet normal -0.012826 -0.195698 -0.98058
    outer loop
      vertex 42.5658 4.29735 4.23487
      vertex 42.4112 3.12316 4.47123
      vertex 42 3.15011 4.47123
    endloop
  endfacet
  facet normal 0.0537929 -0.0182517 -0.998385
    outer loop
      vertex -45.1338 13.3525 3.12993
      vertex -44.2471 12.9852 3.18442
      vertex -45.1945 13.1736 3.12993
    endloop
  endfacet
  facet normal -0.0412425 -0.121501 -0.991734
    outer loop
      vertex 42.8153 3.04277 4.47123
      vertex 43.2055 2.91032 4.47123
      vertex 42.7316 1.76635 4.63109
    endloop
  endfacet
  facet normal -0.311594 0.153665 -0.937708
    outer loop
      vertex 47.0301 -2.08355 3.92605
      vertex 47.9697 -2.47274 3.55005
      vertex 46.7151 -2.72229 3.92605
    endloop
  endfacet
  facet normal -0.195627 -0.0131301 -0.98059
    outer loop
      vertex 45.2533 0.0509074 4.44996
      vertex 45.25 0 4.4513
      vertex 45.1501 0 4.47123
    endloop
  endfacet
  facet normal -0.504357 -0.171208 -0.846352
    outer loop
      vertex 49.5281 3.11826 2.6233
      vertex 49.117 1.90699 3.11331
      vertex 48.8072 2.81962 3.11331
    endloop
  endfacet
  facet normal -0.504309 -0.171234 -0.846375
    outer loop
      vertex 49.5281 3.11826 2.6233
      vertex 49.8708 2.10896 2.6233
      vertex 49.117 1.90699 3.11331
    endloop
  endfacet
  facet normal -0.575357 -0.283733 -0.767112
    outer loop
      vertex 49.6118 4.39468 2.08841
      vertex 50.1203 3.36354 2.08841
      vertex 49.5281 3.11826 2.6233
    endloop
  endfacet
  facet normal -0.607479 -0.206265 -0.767088
    outer loop
      vertex 50.4899 2.27485 2.08841
      vertex 49.8708 2.10896 2.6233
      vertex 49.5281 3.11826 2.6233
    endloop
  endfacet
  facet normal -0.680764 -0.335801 -0.650998
    outer loop
      vertex 50.1905 3.39262 2
      vertex 50.1203 3.36354 2.08841
      vertex 50.1073 3.56129 2
    endloop
  endfacet
  facet normal -0.400418 -0.351171 -0.846371
    outer loop
      vertex 47.7618 5.76179 2.6233
      vertex 48.4646 4.96043 2.6233
      vertex 47.21 5.20998 3.11331
    endloop
  endfacet
  facet normal -0.631235 -0.421442 -0.651098
    outer loop
      vertex 49.0334 5.39689 2
      vertex 49.1378 5.24052 2
      vertex 48.9731 5.35062 2.08841
    endloop
  endfacet
  facet normal -0.254383 -0.0862262 -0.963252
    outer loop
      vertex 46.5471 1.69037 4.0888
      vertex 47.0301 2.08355 3.92605
      vertex 46.7145 1.72368 4.04161
    endloop
  endfacet
  facet normal -0.254284 -0.0862664 -0.963275
    outer loop
      vertex 46.0045 1.65871 4.23487
      vertex 46.5471 1.69037 4.0888
      vertex 46.3303 1.61679 4.15262
    endloop
  endfacet
  facet normal -0.254289 -0.0863243 -0.963268
    outer loop
      vertex 46.0045 1.65871 4.23487
      vertex 46.3303 1.61679 4.15262
      vertex 46.125 1.51554 4.21589
    endloop
  endfacet
  facet normal -0.254276 -0.0863636 -0.963268
    outer loop
      vertex 46.5471 1.69037 4.0888
      vertex 46.0045 1.65871 4.23487
      vertex 47.0301 2.08355 3.92605
    endloop
  endfacet
  facet normal -0.254299 -0.0863332 -0.963264
    outer loop
      vertex 46.0045 1.65871 4.23487
      vertex 46.125 1.51554 4.21589
      vertex 46.0664 1.47638 4.23487
    endloop
  endfacet
  facet normal -0.288881 -0.193031 -0.937703
    outer loop
      vertex 47.1263 3.93357 3.55005
      vertex 47.5959 3.23079 3.55005
      vertex 46.3195 3.31446 3.92605
    endloop
  endfacet
  facet normal -0.640132 0.04195 -0.767119
    outer loop
      vertex 50.1484 0 2.6233
      vertex 50.7894 0 2.08841
      vertex 50.0787 -1.06358 2.6233
    endloop
  endfacet
  facet normal -0.422976 0.482338 -0.7671
    outer loop
      vertex 47.7618 -5.76179 2.6233
      vertex 47.3506 -6.97306 2.08841
      vertex 46.9604 -6.46456 2.6233
    endloop
  endfacet
  facet normal -0.433897 0.0284236 -0.900514
    outer loop
      vertex 48.7215 -0.296383 3.41546
      vertex 49.368 0 3.11331
      vertex 49.305 -0.96172 3.11331
    endloop
  endfacet
  facet normal -0.433905 0.0284939 -0.900508
    outer loop
      vertex 49.368 0 3.11331
      vertex 48.735 -0.22842 3.41109
      vertex 48.75 0 3.41109
    endloop
  endfacet
  facet normal -0.433843 0.0282726 -0.900545
    outer loop
      vertex 49.368 0 3.11331
      vertex 48.7215 -0.296383 3.41546
      vertex 48.735 -0.22842 3.41109
    endloop
  endfacet
  facet normal -0.531452 -0.0348142 -0.846372
    outer loop
      vertex 50.0787 1.06358 2.6233
      vertex 49.368 0 3.11331
      vertex 49.305 0.96172 3.11331
    endloop
  endfacet
  facet normal -0.570711 0.500114 -0.651288
    outer loop
      vertex 48.3927 -6.12736 2
      vertex 48.2688 -6.26875 2
      vertex 48.215 -6.21501 2.08841
    endloop
  endfacet
  facet normal -0.361531 0.241544 -0.900529
    outer loop
      vertex 48.3809 -3.68401 3.11331
      vertex 47.8455 -4.48537 3.11331
      vertex 47.1263 -3.93357 3.55005
    endloop
  endfacet
  facet normal 0.0169489 0.00590823 -0.999839
    outer loop
      vertex -44.2471 -12.9852 3.18442
      vertex 20.0093 -3.3497 4.33061
      vertex 20.0246 -3.36313 4.33079
    endloop
  endfacet
  facet normal 0.0169683 0.00577886 -0.999839
    outer loop
      vertex 20.0093 -3.3497 4.33061
      vertex -44.2471 -12.9852 3.18442
      vertex -44.2675 -12.9253 3.18442
    endloop
  endfacet
  facet normal 0.0168672 0.00645749 -0.999837
    outer loop
      vertex 26.8425 -2.33173 4.45246
      vertex 41.3809 -0.16589 4.71171
      vertex 26.8346 -2.34361 4.45225
    endloop
  endfacet
  facet normal 0.229246 0.0777958 -0.970255
    outer loop
      vertex -46.9614 -13.6471 2.86214
      vertex -47.5983 -14.3733 2.65343
      vertex -47.7711 -13.8641 2.65343
    endloop
  endfacet
  facet normal -0.0848278 0.426462 -0.900519
    outer loop
      vertex 43.907 -7.11697 3.11331
      vertex 42.9617 -7.305 3.11331
      vertex 42.8434 -6.40631 3.55005
    endloop
  endfacet
  facet normal -0.0521313 -0.487227 -0.871718
    outer loop
      vertex -43.0738 18.316 2.10414
      vertex -28.4366 16.9362 2
      vertex 42.9617 7.305 3.11331
    endloop
  endfacet
  facet normal -0.052137 -0.48729 -0.871682
    outer loop
      vertex -28.4366 16.9362 2
      vertex -43.0738 18.316 2.10414
      vertex -43.0496 18.4997 2
    endloop
  endfacet
  facet normal -0.0447077 -0.431889 -0.900818
    outer loop
      vertex 42.9617 7.305 3.11331
      vertex 42.8434 6.40631 3.55005
      vertex -43.0738 18.316 2.10414
    endloop
  endfacet
  facet normal -0.0259823 -0.395888 -0.917931
    outer loop
      vertex -43.8 18.3636 2.10414
      vertex -43.1631 17.6374 2.39931
      vertex -43.8 17.6792 2.39931
    endloop
  endfacet
  facet normal 0.395862 -0.0259475 -0.917943
    outer loop
      vertex -49.316 13.5262 2.10414
      vertex -48.6374 13.4369 2.39931
      vertex -49.3636 12.8 2.10414
    endloop
  endfacet
  facet normal 0.314069 -0.0206125 -0.949176
    outer loop
      vertex -48.6374 13.4369 2.39931
      vertex -47.9112 12.8 2.65343
      vertex -48.6792 12.8 2.39931
    endloop
  endfacet
  facet normal 0.0101628 0.0516758 -0.998612
    outer loop
      vertex 20.5501 -3.76356 4.33239
      vertex 20.5764 -3.7811 4.33175
      vertex -43.8632 -13.2798 3.18442
    endloop
  endfacet
  facet normal 0.0102144 0.0513311 -0.998629
    outer loop
      vertex 26.4108 -2.92107 4.43563
      vertex 41.8341 -0.61911 4.71171
      vertex 41.9163 -0.635467 4.71171
    endloop
  endfacet
  facet normal 0.010211 0.0513537 -0.998628
    outer loop
      vertex 41.8341 -0.61911 4.71171
      vertex 26.4108 -2.92107 4.43563
      vertex 26.4343 -2.89424 4.43725
    endloop
  endfacet
  facet normal 0.0124075 -0.0365342 -0.999255
    outer loop
      vertex 26.4435 2.88379 4.43781
      vertex 41.7547 0.592161 4.71171
      vertex 26.4755 2.84734 4.43954
    endloop
  endfacet
  facet normal 0.0124052 -0.0365494 -0.999255
    outer loop
      vertex 41.7547 0.592161 4.71171
      vertex 26.4435 2.88379 4.43781
      vertex 41.8341 0.61911 4.71171
    endloop
  endfacet
  facet normal 0.0123998 -0.0365859 -0.999254
    outer loop
      vertex 20.5347 3.75325 4.33265
      vertex 20.4991 3.72944 4.33308
      vertex -43.9852 13.2471 3.18442
    endloop
  endfacet
  facet normal 0.0110714 0.0557182 -0.998385
    outer loop
      vertex -43.8632 -13.2798 3.18442
      vertex -43.9884 -14.2313 3.12993
      vertex -44.1736 -14.1945 3.12993
    endloop
  endfacet
  facet normal 0.00547631 0.0832046 -0.996517
    outer loop
      vertex 42 -1.91188 4.63109
      vertex -43.8 -14.2437 3.12993
      vertex -43.9884 -14.2313 3.12993
    endloop
  endfacet
  facet normal 0.0864992 0.0758162 -0.993363
    outer loop
      vertex -44.8208 -13.8208 3.12993
      vertex -45.482 -14.482 3.02189
      vertex -45.6871 -14.248 3.02189
    endloop
  endfacet
  facet normal 0.0369612 0.108935 -0.993361
    outer loop
      vertex -44.3525 -14.1338 3.12993
      vertex -44.1736 -14.1945 3.12993
      vertex -44.7103 -14.9976 3.02189
    endloop
  endfacet
  facet normal -0.14919 0.223265 -0.963273
    outer loop
      vertex 44.6386 -3.43873 4.23487
      vertex 45.3145 -4.31948 3.92605
      vertex 44.1672 -3.75373 4.23487
    endloop
  endfacet
  facet normal 0.00414706 0.0633064 -0.997986
    outer loop
      vertex 41.9163 -0.635467 4.71171
      vertex 42 -0.64095 4.71171
      vertex 41.7505 -1.89553 4.63109
    endloop
  endfacet
  facet normal 0.127519 0.375689 -0.917931
    outer loop
      vertex -45.6672 -17.3078 2.39931
      vertex -45.24 -18.174 2.10414
      vertex -45.9291 -17.9401 2.10414
    endloop
  endfacet
  facet normal -0.00802631 0.175861 -0.984382
    outer loop
      vertex -43.8 -15.1787 3.02189
      vertex 42 -3.15011 4.47123
      vertex -43.8 -16.0729 2.86214
    endloop
  endfacet
  facet normal 0.0557182 0.0110714 -0.998385
    outer loop
      vertex -44.2798 -12.8632 3.18442
      vertex -45.1945 -13.1736 3.12993
      vertex -45.2313 -12.9884 3.12993
    endloop
  endfacet
  facet normal 0.0537801 0.0183158 -0.998385
    outer loop
      vertex -44.2675 -12.9253 3.18442
      vertex -44.2471 -12.9852 3.18442
      vertex -45.1945 -13.1736 3.12993
    endloop
  endfacet
  facet normal 0.220426 0.329831 -0.917945
    outer loop
      vertex -46.7702 -16.6709 2.39931
      vertex -46.2396 -17.0255 2.39931
      vertex -47.1869 -17.2139 2.10414
    endloop
  endfacet
  facet normal -0.0325621 0.345451 -0.937872
    outer loop
      vertex 42.7107 -5.39801 3.92605
      vertex 42.8434 -6.40631 3.55005
      vertex -43.1631 -17.6374 2.39931
    endloop
  endfacet
  facet normal -0.139773 0.411738 -0.90052
    outer loop
      vertex 44.4727 -5.96973 3.55005
      vertex 44.8196 -6.80717 3.11331
      vertex 43.907 -7.11697 3.11331
    endloop
  endfacet
  facet normal -0.0677802 0.340755 -0.937706
    outer loop
      vertex 43.4092 -5.25907 3.92605
      vertex 42.8434 -6.40631 3.55005
      vertex 42.7107 -5.39801 3.92605
    endloop
  endfacet
  facet normal -0.153675 0.311605 -0.937703
    outer loop
      vertex 44.7223 -4.71515 3.92605
      vertex 44.4727 -5.96973 3.55005
      vertex 44.0836 -5.03014 3.92605
    endloop
  endfacet
  facet normal -0.0447077 0.431889 -0.900818
    outer loop
      vertex 42.8434 -6.40631 3.55005
      vertex 42.9617 -7.305 3.11331
      vertex -43.0738 -18.316 2.10414
    endloop
  endfacet
  facet normal -0.0863166 0.254278 -0.963272
    outer loop
      vertex 44.0836 -5.03014 3.92605
      vertex 43.4092 -5.25907 3.92605
      vertex 43.1218 -4.18674 4.23487
    endloop
  endfacet
  facet normal -0.192315 0.38998 -0.900517
    outer loop
      vertex 45.2308 -5.5959 3.55005
      vertex 45.684 -6.3809 3.11331
      vertex 44.8196 -6.80717 3.11331
    endloop
  endfacet
  facet normal -0.185704 0.0630453 -0.980581
    outer loop
      vertex 46.0045 -1.65871 4.23487
      vertex 45.9347 -1.38837 4.26547
      vertex 46.0664 -1.47638 4.23487
    endloop
  endfacet
  facet normal -0.18573 0.0630381 -0.980577
    outer loop
      vertex 46.0045 -1.65871 4.23487
      vertex 45.7626 -1.23744 4.30777
      vertex 45.9347 -1.38837 4.26547
    endloop
  endfacet
  facet normal -0.185702 0.0630546 -0.980581
    outer loop
      vertex 45.0428 -0.815308 4.47123
      vertex 45.7626 -1.23744 4.30777
      vertex 46.0045 -1.65871 4.23487
    endloop
  endfacet
  facet normal -0.185794 0.0628948 -0.980574
    outer loop
      vertex 45.7626 -1.23744 4.30777
      vertex 45.0428 -0.815308 4.47123
      vertex 45.6116 -1.06533 4.34742
    endloop
  endfacet
  facet normal -0.18569 0.0631351 -0.980578
    outer loop
      vertex 45.6116 -1.06533 4.34742
      vertex 45.0428 -0.815308 4.47123
      vertex 45.5322 -0.946449 4.37011
    endloop
  endfacet
  facet normal -0.177063 0.201886 -0.963271
    outer loop
      vertex 45.8499 -3.84991 3.92605
      vertex 45.3145 -4.31948 3.92605
      vertex 45.0649 -3.0649 4.23487
    endloop
  endfacet
  facet normal 0.127483 0.375675 -0.917941
    outer loop
      vertex -45.0628 -17.5129 2.39931
      vertex -45.24 -18.174 2.10414
      vertex -45.6672 -17.3078 2.39931
    endloop
  endfacet
  facet normal 0.0957918 0.481286 -0.871314
    outer loop
      vertex -45.24 -18.174 2.10414
      vertex -45.0397 -18.4024 2
      vertex -45.2879 -18.353 2
    endloop
  endfacet
  facet normal -0.223294 0.149172 -0.963269
    outer loop
      vertex 46.7151 -2.72229 3.92605
      vertex 46.3195 -3.31446 3.92605
      vertex 45.7537 -2.16721 4.23487
    endloop
  endfacet
  facet normal -0.28888 0.192987 -0.937712
    outer loop
      vertex 46.7151 -2.72229 3.92605
      vertex 47.5959 -3.23079 3.55005
      vertex 46.3195 -3.31446 3.92605
    endloop
  endfacet
  facet normal -0.0280597 -0.0569007 -0.997985
    outer loop
      vertex 42.7316 1.76635 4.63109
      vertex 42.9559 1.65574 4.63109
      vertex 42.2453 0.592161 4.71171
    endloop
  endfacet
  facet normal 0.0145863 0.0218267 -0.999655
    outer loop
      vertex 26.5701 -2.73943 4.44355
      vertex 41.6098 -0.5085 4.71171
      vertex 41.6795 -0.555079 4.71171
    endloop
  endfacet
  facet normal 0.0146161 0.021626 -0.999659
    outer loop
      vertex 41.6098 -0.5085 4.71171
      vertex 26.5701 -2.73943 4.44355
      vertex 26.575 -2.73211 4.44378
    endloop
  endfacet
  facet normal 0.0145943 0.0217712 -0.999656
    outer loop
      vertex 26.5701 -2.73943 4.44355
      vertex 41.6795 -0.555079 4.71171
      vertex 26.5295 -2.78568 4.44195
    endloop
  endfacet
  facet normal 0.0145879 0.0218152 -0.999656
    outer loop
      vertex 20.3781 -3.64862 4.33335
      vertex 20.4305 -3.68366 4.33335
      vertex -44.0946 -13.184 3.18442
    endloop
  endfacet
  facet normal -0.00802631 -0.175861 -0.984382
    outer loop
      vertex -43.8 16.0729 2.86214
      vertex 42 3.15011 4.47123
      vertex -43.8 15.1787 3.02189
    endloop
  endfacet
  facet normal 0.000882337 -0.114787 -0.99339
    outer loop
      vertex -43.8 15.1787 3.02189
      vertex 42 1.91188 4.63109
      vertex -43.8 14.2437 3.12993
    endloop
  endfacet
  facet normal 0.0173044 -0.00352329 -0.999844
    outer loop
      vertex 19.9937 3.33606 4.33038
      vertex 19.9318 3.28177 4.3295
      vertex -44.2798 12.8632 3.18442
    endloop
  endfacet
  facet normal 0.0173152 -0.00345336 -0.999844
    outer loop
      vertex 26.9011 2.24183 4.45378
      vertex 41.3809 0.16589 4.71171
      vertex 41.3645 0.0836601 4.71171
    endloop
  endfacet
  facet normal 0.0174566 -0.00246754 -0.999845
    outer loop
      vertex 26.8971 2.25 4.45369
      vertex 41.3809 0.16589 4.71171
      vertex 26.9011 2.24183 4.45378
    endloop
  endfacet
  facet normal 0.0173055 -0.00351746 -0.999844
    outer loop
      vertex 41.3809 0.16589 4.71171
      vertex 26.8971 2.25 4.45369
      vertex 26.8506 2.31969 4.45264
    endloop
  endfacet
  facet normal 0.0123318 -0.0370438 -0.999238
    outer loop
      vertex 20.5347 3.75325 4.33265
      vertex -43.9253 13.2675 3.18442
      vertex 20.5436 3.75918 4.33254
    endloop
  endfacet
  facet normal 0.012418 -0.0364626 -0.999258
    outer loop
      vertex -43.9253 13.2675 3.18442
      vertex 20.5347 3.75325 4.33265
      vertex -43.9852 13.2471 3.18442
    endloop
  endfacet
  facet normal 0.0122817 -0.0373847 -0.999225
    outer loop
      vertex 41.8341 0.61911 4.71171
      vertex 26.4435 2.88379 4.43781
      vertex 26.4382 2.8898 4.43752
    endloop
  endfacet
  facet normal 0.182012 -0.159592 -0.970259
    outer loop
      vertex -46.7071 15.7071 2.65343
      vertex -46.1143 15.1143 2.86214
      vertex -47.0616 15.3028 2.65343
    endloop
  endfacet
  facet normal 0.314076 -0.0206028 -0.949174
    outer loop
      vertex -47.876 13.3366 2.65343
      vertex -47.9112 12.8 2.65343
      vertex -48.6374 13.4369 2.39931
    endloop
  endfacet
  facet normal 0.298278 -0.261538 -0.917948
    outer loop
      vertex -47.7341 16.7341 2.10414
      vertex -47.2501 16.2501 2.39931
      vertex -48.2139 16.1869 2.10414
    endloop
  endfacet
  facet normal 0.355821 -0.175484 -0.917931
    outer loop
      vertex -48.6182 15.5818 2.10414
      vertex -48.0255 15.2396 2.39931
      vertex -48.9401 14.9291 2.10414
    endloop
  endfacet
  facet normal 0.172839 -0.0343702 -0.98435
    outer loop
      vertex -46.9614 13.6471 2.86214
      vertex -46.1583 13.1105 3.02189
      vertex -47.0449 13.2272 2.86214
    endloop
  endfacet
  facet normal 0.159571 -0.182033 -0.970258
    outer loop
      vertex -46.3027 16.0616 2.65343
      vertex -46.1143 15.1143 2.86214
      vertex -46.7071 15.7071 2.65343
    endloop
  endfacet
  facet normal 0.308702 0.0614049 -0.949175
    outer loop
      vertex -47.876 -13.3366 2.65343
      vertex -48.5129 -14.0628 2.39931
      vertex -48.6374 -13.4369 2.39931
    endloop
  endfacet
  facet normal 0.0169489 -0.00590823 -0.999839
    outer loop
      vertex 20.0093 3.3497 4.33061
      vertex -44.2471 12.9852 3.18442
      vertex 20.0246 3.36313 4.33079
    endloop
  endfacet
  facet normal 0.0169683 -0.00577886 -0.999839
    outer loop
      vertex -44.2471 12.9852 3.18442
      vertex 20.0093 3.3497 4.33061
      vertex -44.2675 12.9253 3.18442
    endloop
  endfacet
  facet normal 0.0168672 -0.00645749 -0.999837
    outer loop
      vertex 41.3809 0.16589 4.71171
      vertex 26.8425 2.33173 4.45246
      vertex 26.8346 2.34361 4.45225
    endloop
  endfacet
  facet normal 0.175836 -0.0114959 -0.984352
    outer loop
      vertex -46.1583 13.1105 3.02189
      vertex -46.1786 12.8 3.02189
      vertex -47.0729 12.8 2.86214
    endloop
  endfacet
  facet normal 0.489935 0 -0.871759
    outer loop
      vertex -49.5489 -12.8 2
      vertex -49.3636 12.8 2.10414
      vertex -49.3636 -12.8 2.10414
    endloop
  endfacet
  facet normal 0.489935 0 -0.871759
    outer loop
      vertex -49.3636 12.8 2.10414
      vertex -49.5489 -12.8 2
      vertex -49.5489 12.8 2
    endloop
  endfacet
  facet normal 0.201289 0.134493 -0.970255
    outer loop
      vertex -46.6344 -14.4365 2.86214
      vertex -47.0616 -15.3028 2.65343
      vertex -47.3604 -14.8556 2.65343
    endloop
  endfacet
  facet normal -0.066875 -0.594788 -0.801096
    outer loop
      vertex -1.16823 13.8914 2
      vertex 43.0636 8.07869 2.6233
      vertex -20.0191 16.0109 2
    endloop
  endfacet
  facet normal 0.010454 0.0497163 -0.998709
    outer loop
      vertex -43.8632 -13.2798 3.18442
      vertex 20.5436 -3.75918 4.33254
      vertex 20.5501 -3.76356 4.33239
    endloop
  endfacet
  facet normal 0.0101938 0.0514662 -0.998623
    outer loop
      vertex 20.5436 -3.75918 4.33254
      vertex -43.8632 -13.2798 3.18442
      vertex -43.9253 -13.2675 3.18442
    endloop
  endfacet
  facet normal 0.0101421 0.0518174 -0.998605
    outer loop
      vertex 26.4382 -2.8898 4.43752
      vertex 41.8341 -0.61911 4.71171
      vertex 26.4343 -2.89424 4.43725
    endloop
  endfacet
  facet normal -0.243983 -0.718833 -0.650962
    outer loop
      vertex 44.2945 8.56327 2
      vertex 44.4726 8.50282 2
      vertex 44.2749 8.48986 2.08841
    endloop
  endfacet
  facet normal -0.0712841 -0.106683 -0.991734
    outer loop
      vertex 43.5751 2.72807 4.47123
      vertex 43.9177 2.49915 4.47123
      vertex 42.9559 1.65574 4.63109
    endloop
  endfacet
  facet normal -0.0863166 -0.254278 -0.963272
    outer loop
      vertex 43.4092 5.25907 3.92605
      vertex 44.0836 5.03014 3.92605
      vertex 43.1218 4.18674 4.23487
    endloop
  endfacet
  facet normal -0.103902 -0.522358 -0.846373
    outer loop
      vertex 44.109 7.87075 2.6233
      vertex 43.907 7.11697 3.11331
      vertex 43.0636 8.07869 2.6233
    endloop
  endfacet
  facet normal -0.103902 -0.522358 -0.846372
    outer loop
      vertex 43.0636 8.07869 2.6233
      vertex 43.907 7.11697 3.11331
      vertex 42.9617 7.305 3.11331
    endloop
  endfacet
  facet normal -0.111687 -0.328988 -0.937706
    outer loop
      vertex 43.6724 6.24142 3.55005
      vertex 44.4727 5.96973 3.55005
      vertex 43.4092 5.25907 3.92605
    endloop
  endfacet
  facet normal -0.153675 -0.311605 -0.937703
    outer loop
      vertex 44.4727 5.96973 3.55005
      vertex 44.7223 4.71515 3.92605
      vertex 44.0836 5.03014 3.92605
    endloop
  endfacet
  facet normal -0.241568 -0.361545 -0.900516
    outer loop
      vertex 45.684 6.3809 3.11331
      vertex 45.9336 5.12632 3.55005
      vertex 45.2308 5.5959 3.55005
    endloop
  endfacet
  facet normal -0.29588 -0.442839 -0.846374
    outer loop
      vertex 46.0742 7.05672 2.6233
      vertex 46.4854 5.84545 3.11331
      vertex 45.684 6.3809 3.11331
    endloop
  endfacet
  facet normal -0.286703 -0.326888 -0.900525
    outer loop
      vertex 47.21 5.20998 3.11331
      vertex 46.569 4.56903 3.55005
      vertex 45.9336 5.12632 3.55005
    endloop
  endfacet
  facet normal -0.28888 -0.192987 -0.937712
    outer loop
      vertex 47.5959 3.23079 3.55005
      vertex 46.7151 2.72229 3.92605
      vertex 46.3195 3.31446 3.92605
    endloop
  endfacet
  facet normal -0.254383 0.0862262 -0.963252
    outer loop
      vertex 47.0301 -2.08355 3.92605
      vertex 46.5471 -1.69037 4.0888
      vertex 46.7145 -1.72368 4.04161
    endloop
  endfacet
  facet normal -0.254276 0.0863636 -0.963268
    outer loop
      vertex 46.0045 -1.65871 4.23487
      vertex 46.5471 -1.69037 4.0888
      vertex 47.0301 -2.08355 3.92605
    endloop
  endfacet
  facet normal -0.254284 0.0862664 -0.963275
    outer loop
      vertex 46.5471 -1.69037 4.0888
      vertex 46.0045 -1.65871 4.23487
      vertex 46.3303 -1.61679 4.15262
    endloop
  endfacet
  facet normal -0.254299 0.0863332 -0.963264
    outer loop
      vertex 46.125 -1.51554 4.21589
      vertex 46.0045 -1.65871 4.23487
      vertex 46.0664 -1.47638 4.23487
    endloop
  endfacet
  facet normal -0.254289 0.0863243 -0.963268
    outer loop
      vertex 46.3303 -1.61679 4.15262
      vertex 46.0045 -1.65871 4.23487
      vertex 46.125 -1.51554 4.21589
    endloop
  endfacet
  facet normal -0.261212 -0.229084 -0.937704
    outer loop
      vertex 46.569 4.56903 3.55005
      vertex 47.1263 3.93357 3.55005
      vertex 45.8499 3.84991 3.92605
    endloop
  endfacet
  facet normal -0.240845 -0.118788 -0.963267
    outer loop
      vertex 47.0301 2.08355 3.92605
      vertex 46.0045 1.65871 4.23487
      vertex 45.7537 2.16721 4.23487
    endloop
  endfacet
  facet normal -0.149182 -0.223281 -0.963271
    outer loop
      vertex 44.7223 4.71515 3.92605
      vertex 45.3145 4.31948 3.92605
      vertex 44.1672 3.75373 4.23487
    endloop
  endfacet
  facet normal -0.147459 -0.129308 -0.980579
    outer loop
      vertex 45.0649 3.0649 4.23487
      vertex 45.4387 2.63863 4.23487
      vertex 44.2275 2.22746 4.47123
    endloop
  endfacet
  facet normal -0.0846007 -0.0964677 -0.991734
    outer loop
      vertex 43.9177 2.49915 4.47123
      vertex 44.2275 2.22746 4.47123
      vertex 43.3519 1.35191 4.63109
    endloop
  endfacet
  facet normal -0.147467 -0.129284 -0.980581
    outer loop
      vertex 45.4387 2.63863 4.23487
      vertex 44.4991 1.91766 4.47123
      vertex 44.2275 2.22746 4.47123
    endloop
  endfacet
  facet normal -0.121495 -0.0412481 -0.991735
    outer loop
      vertex 45.0428 0.815308 4.47123
      vertex 43.8467 0.494832 4.63109
      vertex 43.7663 0.731647 4.63109
    endloop
  endfacet
  facet normal -0.175897 -0.0867206 -0.980581
    outer loop
      vertex 46.0045 1.65871 4.23487
      vertex 44.9103 1.20549 4.47123
      vertex 44.7281 1.57505 4.47123
    endloop
  endfacet
  facet normal -0.0712717 -0.106697 -0.991734
    outer loop
      vertex 43.9177 2.49915 4.47123
      vertex 43.1639 1.5168 4.63109
      vertex 42.9559 1.65574 4.63109
    endloop
  endfacet
  facet normal -0.680807 -0.33572 -0.650995
    outer loop
      vertex 50.1073 3.56129 2
      vertex 49.6118 4.39468 2.08841
      vertex 49.6776 4.43268 2
    endloop
  endfacet
  facet normal -0.68087 -0.335766 -0.650905
    outer loop
      vertex 49.6118 4.39468 2.08841
      vertex 50.1073 3.56129 2
      vertex 50.1203 3.36354 2.08841
    endloop
  endfacet
  facet normal -0.71872 -0.244161 -0.65102
    outer loop
      vertex 50.5028 2.47261 2
      vertex 50.5633 2.29452 2
      vertex 50.4899 2.27485 2.08841
    endloop
  endfacet
  facet normal -0.477698 -0.235566 -0.846353
    outer loop
      vertex 49.0567 4.0742 2.6233
      vertex 49.5281 3.11826 2.6233
      vertex 48.8072 2.81962 3.11331
    endloop
  endfacet
  facet normal -0.400419 -0.351177 -0.846369
    outer loop
      vertex 48.4646 4.96043 2.6233
      vertex 47.8455 4.48537 3.11331
      vertex 47.21 5.20998 3.11331
    endloop
  endfacet
  facet normal -0.533422 -0.356385 -0.767105
    outer loop
      vertex 49.6118 4.39468 2.08841
      vertex 49.0567 4.0742 2.6233
      vertex 48.4646 4.96043 2.6233
    endloop
  endfacet
  facet normal -0.442853 -0.295875 -0.846368
    outer loop
      vertex 48.4646 4.96043 2.6233
      vertex 49.0567 4.0742 2.6233
      vertex 47.8455 4.48537 3.11331
    endloop
  endfacet
  facet normal -0.422976 -0.482338 -0.7671
    outer loop
      vertex 47.3506 6.97306 2.08841
      vertex 47.7618 5.76179 2.6233
      vertex 46.9604 6.46456 2.6233
    endloop
  endfacet
  facet normal -0.351153 -0.400435 -0.846371
    outer loop
      vertex 47.7618 5.76179 2.6233
      vertex 47.21 5.20998 3.11331
      vertex 46.9604 6.46456 2.6233
    endloop
  endfacet
  facet normal -0.640141 0.0419603 -0.767111
    outer loop
      vertex 50.7894 0 2.08841
      vertex 50.7142 -1.14724 2.08841
      vertex 50.0787 -1.06358 2.6233
    endloop
  endfacet
  facet normal -0.68087 0.335766 -0.650905
    outer loop
      vertex 50.1073 -3.56129 2
      vertex 49.6118 -4.39468 2.08841
      vertex 50.1203 -3.36354 2.08841
    endloop
  endfacet
  facet normal -0.680807 0.33572 -0.650995
    outer loop
      vertex 49.6118 -4.39468 2.08841
      vertex 50.1073 -3.56129 2
      vertex 49.6776 -4.43268 2
    endloop
  endfacet
  facet normal -0.533426 0.356402 -0.767095
    outer loop
      vertex 49.6118 -4.39468 2.08841
      vertex 48.9731 -5.35062 2.08841
      vertex 48.4646 -4.96043 2.6233
    endloop
  endfacet
  facet normal -0.522359 -0.103889 -0.846373
    outer loop
      vertex 50.0787 1.06358 2.6233
      vertex 49.305 0.96172 3.11331
      vertex 49.117 1.90699 3.11331
    endloop
  endfacet
  facet normal -0.426334 -0.0856559 -0.900501
    outer loop
      vertex 48.5155 0.875 3.49534
      vertex 49.305 0.96172 3.11331
      vertex 48.5235 0.858836 3.49309
    endloop
  endfacet
  facet normal -0.426496 -0.0843721 -0.900546
    outer loop
      vertex 48.4715 0.940944 3.51
      vertex 49.305 0.96172 3.11331
      vertex 48.5155 0.875 3.49534
    endloop
  endfacet
  facet normal -0.426471 -0.0848186 -0.900516
    outer loop
      vertex 49.305 0.96172 3.11331
      vertex 48.4715 0.940944 3.51
      vertex 49.117 1.90699 3.11331
    endloop
  endfacet
  facet normal -0.433905 -0.0284939 -0.900508
    outer loop
      vertex 48.735 0.22842 3.41109
      vertex 49.368 0 3.11331
      vertex 48.75 0 3.41109
    endloop
  endfacet
  facet normal -0.433843 -0.0282726 -0.900545
    outer loop
      vertex 48.7215 0.296383 3.41546
      vertex 49.368 0 3.11331
      vertex 48.735 0.22842 3.41109
    endloop
  endfacet
  facet normal -0.433897 -0.0284236 -0.900514
    outer loop
      vertex 49.368 0 3.11331
      vertex 48.7215 0.296383 3.41546
      vertex 49.305 0.96172 3.11331
    endloop
  endfacet
  facet normal -0.433969 -0.0283461 -0.900482
    outer loop
      vertex 48.6904 0.452933 3.42552
      vertex 49.305 0.96172 3.11331
      vertex 48.7215 0.296383 3.41546
    endloop
  endfacet
  facet normal -0.433866 -0.0284986 -0.900527
    outer loop
      vertex 48.6168 0.669696 3.45412
      vertex 49.305 0.96172 3.11331
      vertex 48.6904 0.452933 3.42552
    endloop
  endfacet
  facet normal -0.433872 -0.0284806 -0.900524
    outer loop
      vertex 49.305 0.96172 3.11331
      vertex 48.6168 0.669696 3.45412
      vertex 48.5235 0.858836 3.49309
    endloop
  endfacet
  facet normal -0.108965 0.163067 -0.980579
    outer loop
      vertex 44.6386 -3.43873 4.23487
      vertex 44.1672 -3.75373 4.23487
      vertex 43.5751 -2.72807 4.47123
    endloop
  endfacet
  facet normal -0.261212 0.229088 -0.937703
    outer loop
      vertex 46.3195 -3.31446 3.92605
      vertex 47.1263 -3.93357 3.55005
      vertex 45.8499 -3.84991 3.92605
    endloop
  endfacet
  facet normal 0.220412 0.329881 -0.917931
    outer loop
      vertex -46.2396 -17.0255 2.39931
      vertex -46.5818 -17.6182 2.10414
      vertex -47.1869 -17.2139 2.10414
    endloop
  endfacet
  facet normal 0.40803 0.272667 -0.8713
    outer loop
      vertex -48.2139 -16.1869 2.10414
      vertex -48.3609 -16.2997 2
      vertex -48.5015 -16.0893 2
    endloop
  endfacet
  facet normal 0.134502 0.2013 -0.970251
    outer loop
      vertex -45.7924 -15.3966 2.86214
      vertex -45.4365 -15.6344 2.86214
      vertex -46.3027 -16.0616 2.65343
    endloop
  endfacet
  facet normal 0.0639165 0.0956344 -0.993362
    outer loop
      vertex -44.6788 -13.9453 3.12993
      vertex -44.9893 -14.86 3.02189
      vertex -45.248 -14.6871 3.02189
    endloop
  endfacet
  facet normal 0.314069 0.0206125 -0.949176
    outer loop
      vertex -47.9112 -12.8 2.65343
      vertex -48.6374 -13.4369 2.39931
      vertex -48.6792 -12.8 2.39931
    endloop
  endfacet
  facet normal 0.241563 0.0158461 -0.970256
    outer loop
      vertex -47.0729 -12.8 2.86214
      vertex -47.876 -13.3366 2.65343
      vertex -47.9112 -12.8 2.65343
    endloop
  endfacet
  facet normal -0.0885332 0.753128 -0.651889
    outer loop
      vertex 43.1472 -8.71416 2.08841
      vertex 43.1572 -8.78951 2
      vertex 35.9896 -9.63209 2
    endloop
  endfacet
  facet normal -0.148129 0.744479 -0.651007
    outer loop
      vertex 44.2749 -8.48986 2.08841
      vertex 44.2945 -8.56327 2
      vertex 44.1101 -8.59996 2
    endloop
  endfacet
  facet normal -0.0728457 -0.636627 -0.767723
    outer loop
      vertex 43.0636 8.07869 2.6233
      vertex 31.9055 10.1071 2
      vertex 43.1472 8.71416 2.08841
    endloop
  endfacet
  facet normal -0.0728403 -0.636604 -0.767743
    outer loop
      vertex 31.9055 10.1071 2
      vertex 43.0636 8.07869 2.6233
      vertex -1.16823 13.8914 2
    endloop
  endfacet
  facet normal -0.0833387 -0.71654 -0.69255
    outer loop
      vertex 35.9896 9.63209 2
      vertex 43.1472 8.71416 2.08841
      vertex 31.9055 10.1071 2
    endloop
  endfacet
  facet normal -0.0391942 -0.394222 -0.918179
    outer loop
      vertex -43.0738 18.316 2.10414
      vertex 42.8434 6.40631 3.55005
      vertex -43.1631 17.6374 2.39931
    endloop
  endfacet
  facet normal -0.0110857 -0.195703 -0.980601
    outer loop
      vertex 42 4.33443 4.23487
      vertex 42 3.15011 4.47123
      vertex -43.8 16.0729 2.86214
    endloop
  endfacet
  facet normal -0.086315 -0.25428 -0.963271
    outer loop
      vertex 44.0836 5.03014 3.92605
      vertex 43.6587 4.00449 4.23487
      vertex 43.1218 4.18674 4.23487
    endloop
  endfacet
  facet normal -0.084825 -0.426466 -0.900517
    outer loop
      vertex 43.907 7.11697 3.11331
      vertex 43.6724 6.24142 3.55005
      vertex 42.8434 6.40631 3.55005
    endloop
  endfacet
  facet normal -0.0848278 -0.426462 -0.900519
    outer loop
      vertex 42.9617 7.305 3.11331
      vertex 43.907 7.11697 3.11331
      vertex 42.8434 6.40631 3.55005
    endloop
  endfacet
  facet normal 0.38909 -0.0774038 -0.917942
    outer loop
      vertex -49.174 14.24 2.10414
      vertex -48.6374 13.4369 2.39931
      vertex -49.316 13.5262 2.10414
    endloop
  endfacet
  facet normal -0.00414706 0.0633064 -0.997986
    outer loop
      vertex 42.0837 -0.635467 4.71171
      vertex 42.2495 -1.89553 4.63109
      vertex 42 -0.64095 4.71171
    endloop
  endfacet
  facet normal -0.0352398 -0.0527558 -0.997985
    outer loop
      vertex 42.9559 1.65574 4.63109
      vertex 43.1639 1.5168 4.63109
      vertex 42.3205 0.555079 4.71171
    endloop
  endfacet
  facet normal 0.0157709 -0.0138357 -0.99978
    outer loop
      vertex 26.6714 2.58779 4.44752
      vertex 41.5468 0.45322 4.71171
      vertex 41.4915 0.390185 4.71171
    endloop
  endfacet
  facet normal 0.0157747 -0.0138091 -0.99978
    outer loop
      vertex 41.5468 0.45322 4.71171
      vertex 26.6714 2.58779 4.44752
      vertex 26.6278 2.6531 4.44593
    endloop
  endfacet
  facet normal 0.0157396 -0.0140469 -0.999777
    outer loop
      vertex 20.2606 3.57009 4.3328
      vertex -44.184 13.0946 3.18442
      vertex 20.2874 3.58802 4.33297
    endloop
  endfacet
  facet normal 0.0158051 -0.0136043 -0.999783
    outer loop
      vertex -44.184 13.0946 3.18442
      vertex 20.2606 3.57009 4.3328
      vertex 20.2297 3.54301 4.33268
    endloop
  endfacet
  facet normal 0.0224181 0.112822 -0.993362
    outer loop
      vertex -43.9884 -14.2313 3.12993
      vertex -44.1105 -15.1583 3.02189
      vertex -44.1736 -14.1945 3.12993
    endloop
  endfacet
  facet normal 0.00755477 0.114784 -0.993362
    outer loop
      vertex -43.8 -14.2437 3.12993
      vertex -43.8 -15.1787 3.02189
      vertex -43.9884 -14.2313 3.12993
    endloop
  endfacet
  facet normal 0.0259823 0.395888 -0.917931
    outer loop
      vertex -43.8 -17.6792 2.39931
      vertex -43.8 -18.3636 2.10414
      vertex -44.4369 -17.6374 2.39931
    endloop
  endfacet
  facet normal 0.0758162 0.0864992 -0.993363
    outer loop
      vertex -44.8208 -13.8208 3.12993
      vertex -45.248 -14.6871 3.02189
      vertex -45.482 -14.482 3.02189
    endloop
  endfacet
  facet normal 0.0157709 0.0138357 -0.99978
    outer loop
      vertex 41.5468 -0.45322 4.71171
      vertex 26.6714 -2.58779 4.44752
      vertex 41.4915 -0.390185 4.71171
    endloop
  endfacet
  facet normal 0.0157747 0.0138091 -0.99978
    outer loop
      vertex 26.6714 -2.58779 4.44752
      vertex 41.5468 -0.45322 4.71171
      vertex 26.6278 -2.6531 4.44593
    endloop
  endfacet
  facet normal 0.0158051 0.0136043 -0.999783
    outer loop
      vertex 20.2606 -3.57009 4.3328
      vertex -44.184 -13.0946 3.18442
      vertex 20.2297 -3.54301 4.33268
    endloop
  endfacet
  facet normal 0.0157396 0.0140469 -0.999777
    outer loop
      vertex -44.184 -13.0946 3.18442
      vertex 20.2606 -3.57009 4.3328
      vertex 20.2874 -3.58802 4.33297
    endloop
  endfacet
  facet normal 0.0162161 0.0108402 -0.99981
    outer loop
      vertex 41.4915 -0.390185 4.71171
      vertex 26.7185 -2.51737 4.44904
      vertex 41.4449 -0.320475 4.71171
    endloop
  endfacet
  facet normal 0.016233 0.0107234 -0.999811
    outer loop
      vertex 26.7185 -2.51737 4.44904
      vertex 41.4915 -0.390185 4.71171
      vertex 26.6714 -2.58779 4.44752
    endloop
  endfacet
  facet normal 0.0161964 0.0109686 -0.999809
    outer loop
      vertex 20.1735 -3.49375 4.33231
      vertex 20.2297 -3.54301 4.33268
      vertex -44.184 -13.0946 3.18442
    endloop
  endfacet
  facet normal -0.121494 -0.0412575 -0.991734
    outer loop
      vertex 44.9103 1.20549 4.47123
      vertex 45.0428 0.815308 4.47123
      vertex 43.7663 0.731647 4.63109
    endloop
  endfacet
  facet normal -0.121494 0.0412575 -0.991734
    outer loop
      vertex 45.0428 -0.815308 4.47123
      vertex 44.9103 -1.20549 4.47123
      vertex 43.7663 -0.731647 4.63109
    endloop
  endfacet
  facet normal -0.00839037 0.128036 -0.991734
    outer loop
      vertex 42 -1.91188 4.63109
      vertex 42.2495 -1.89553 4.63109
      vertex 42 -3.15011 4.47123
    endloop
  endfacet
  facet normal -0.0203903 0.0600761 -0.997986
    outer loop
      vertex 42.2453 -0.592161 4.71171
      vertex 42.4948 -1.84674 4.63109
      vertex 42.1659 -0.61911 4.71171
    endloop
  endfacet
  facet normal 0.0166124 0.00817029 -0.999829
    outer loop
      vertex -44.2191 -13.042 3.18442
      vertex 20.1447 -3.4685 4.33207
      vertex 20.1595 -3.48146 4.33221
    endloop
  endfacet
  facet normal 0.0166097 0.0081879 -0.999829
    outer loop
      vertex 20.1447 -3.4685 4.33207
      vertex -44.2191 -13.042 3.18442
      vertex -44.2471 -12.9852 3.18442
    endloop
  endfacet
  facet normal 0.0165355 0.00869042 -0.999826
    outer loop
      vertex 26.7336 -2.49471 4.44951
      vertex 41.4449 -0.320475 4.71171
      vertex 26.7258 -2.50633 4.44928
    endloop
  endfacet
  facet normal 0.0165922 0.00830653 -0.999828
    outer loop
      vertex 20.0856 -3.41665 4.33152
      vertex 20.1447 -3.4685 4.33207
      vertex -44.2471 -12.9852 3.18442
    endloop
  endfacet
  facet normal 0.016609 0.00819462 -0.999828
    outer loop
      vertex 41.4449 -0.320475 4.71171
      vertex 26.7832 -2.42048 4.45094
      vertex 41.4078 -0.24528 4.71171
    endloop
  endfacet
  facet normal 0.016614 0.00815977 -0.999829
    outer loop
      vertex 26.7832 -2.42048 4.45094
      vertex 41.4449 -0.320475 4.71171
      vertex 26.7336 -2.49471 4.44951
    endloop
  endfacet
  facet normal 0.0779522 0.158045 -0.98435
    outer loop
      vertex -44.9893 -14.86 3.02189
      vertex -45.0525 -15.8238 2.86214
      vertex -45.4365 -15.6344 2.86214
    endloop
  endfacet
  facet normal -0.014355 0.219016 -0.975616
    outer loop
      vertex 42.5658 -4.29735 4.23487
      vertex -43.3728 -16.0449 2.86214
      vertex -43.8 -16.0729 2.86214
    endloop
  endfacet
  facet normal -0.111687 0.328988 -0.937706
    outer loop
      vertex 44.4727 -5.96973 3.55005
      vertex 43.6724 -6.24142 3.55005
      vertex 43.4092 -5.25907 3.92605
    endloop
  endfacet
  facet normal -0.193017 0.288881 -0.937706
    outer loop
      vertex 45.3145 -4.31948 3.92605
      vertex 45.9336 -5.12632 3.55005
      vertex 45.2308 -5.5959 3.55005
    endloop
  endfacet
  facet normal -0.283751 0.575363 -0.767101
    outer loop
      vertex 46.0742 -7.05672 2.6233
      vertex 46.3947 -7.6118 2.08841
      vertex 45.1183 -7.52814 2.6233
    endloop
  endfacet
  facet normal -0.283738 0.5754 -0.767077
    outer loop
      vertex 46.3947 -7.6118 2.08841
      vertex 45.3635 -8.1203 2.08841
      vertex 45.1183 -7.52814 2.6233
    endloop
  endfacet
  facet normal -0.11168 0.328997 -0.937704
    outer loop
      vertex 44.0836 -5.03014 3.92605
      vertex 44.4727 -5.96973 3.55005
      vertex 43.4092 -5.25907 3.92605
    endloop
  endfacet
  facet normal -0.0523877 0.263371 -0.963271
    outer loop
      vertex 43.1218 -4.18674 4.23487
      vertex 43.4092 -5.25907 3.92605
      vertex 42.7107 -5.39801 3.92605
    endloop
  endfacet
  facet normal -0.0567482 0.115077 -0.991734
    outer loop
      vertex 42.9559 -1.65574 4.63109
      vertex 43.5751 -2.72807 4.47123
      vertex 42.7316 -1.76635 4.63109
    endloop
  endfacet
  facet normal -0.0867351 0.175897 -0.98058
    outer loop
      vertex 43.5751 -2.72807 4.47123
      vertex 43.6587 -4.00449 4.23487
      vertex 43.2055 -2.91032 4.47123
    endloop
  endfacet
  facet normal -0.240845 0.118788 -0.963267
    outer loop
      vertex 46.0045 -1.65871 4.23487
      vertex 47.0301 -2.08355 3.92605
      vertex 45.7537 -2.16721 4.23487
    endloop
  endfacet
  facet normal -0.240844 0.118774 -0.963269
    outer loop
      vertex 47.0301 -2.08355 3.92605
      vertex 46.7151 -2.72229 3.92605
      vertex 45.7537 -2.16721 4.23487
    endloop
  endfacet
  facet normal -0.0352497 -0.0527471 -0.997986
    outer loop
      vertex 43.1639 1.5168 4.63109
      vertex 42.3902 0.5085 4.71171
      vertex 42.3205 0.555079 4.71171
    endloop
  endfacet
  facet normal -0.00414706 -0.0633064 -0.997986
    outer loop
      vertex 42.2495 1.89553 4.63109
      vertex 42.0837 0.635467 4.71171
      vertex 42 0.64095 4.71171
    endloop
  endfacet
  facet normal 0.00953306 -0.0559209 -0.99839
    outer loop
      vertex -43.9884 14.2313 3.12993
      vertex 20.5764 3.7811 4.33175
      vertex -43.8632 13.2798 3.18442
    endloop
  endfacet
  facet normal 0.00953333 -0.0559193 -0.99839
    outer loop
      vertex 20.5764 3.7811 4.33175
      vertex -43.9884 14.2313 3.12993
      vertex 20.75 3.89711 4.32691
    endloop
  endfacet
  facet normal 0.00953199 -0.0559276 -0.998389
    outer loop
      vertex 20.75 3.89711 4.32691
      vertex -43.9884 14.2313 3.12993
      vertex 20.8855 3.96394 4.32446
    endloop
  endfacet
  facet normal 0.00953408 -0.0559173 -0.99839
    outer loop
      vertex 41.9163 0.635467 4.71171
      vertex 26.4108 2.92107 4.43563
      vertex 26.2393 3.11662 4.42304
    endloop
  endfacet
  facet normal 0.0110714 -0.0557182 -0.998385
    outer loop
      vertex -43.9884 14.2313 3.12993
      vertex -43.8632 13.2798 3.18442
      vertex -44.1736 14.1945 3.12993
    endloop
  endfacet
  facet normal 0.0472498 -0.0315298 -0.998385
    outer loop
      vertex -44.184 13.0946 3.18442
      vertex -44.2191 13.042 3.18442
      vertex -45.0503 13.5218 3.12993
    endloop
  endfacet
  facet normal 0.0137751 -0.0273039 -0.999532
    outer loop
      vertex 20.4436 3.69237 4.33335
      vertex -43.9852 13.2471 3.18442
      vertex 20.4546 3.69975 4.3333
    endloop
  endfacet
  facet normal 0.013702 -0.0277954 -0.99952
    outer loop
      vertex -43.9852 13.2471 3.18442
      vertex 20.4436 3.69237 4.33335
      vertex -44.042 13.2191 3.18442
    endloop
  endfacet
  facet normal 0.0135844 -0.028588 -0.999499
    outer loop
      vertex 41.6795 0.555079 4.71171
      vertex 26.5219 2.79439 4.44165
      vertex 26.5154 2.80179 4.44135
    endloop
  endfacet
  facet normal 0.0315827 -0.0472237 -0.998385
    outer loop
      vertex -44.5218 14.0503 3.12993
      vertex -44.0946 13.184 3.18442
      vertex -44.6788 13.9453 3.12993
    endloop
  endfacet
  facet normal 0.134502 -0.2013 -0.970251
    outer loop
      vertex -45.4365 15.6344 2.86214
      vertex -45.7924 15.3966 2.86214
      vertex -46.3027 16.0616 2.65343
    endloop
  endfacet
  facet normal 0.114786 -0.00750452 -0.993362
    outer loop
      vertex -46.1583 13.1105 3.02189
      vertex -45.2313 12.9884 3.12993
      vertex -46.1786 12.8 3.02189
    endloop
  endfacet
  facet normal 0.0566256 -0.166876 -0.984351
    outer loop
      vertex -44.4156 15.0976 3.02189
      vertex -44.7103 14.9976 3.02189
      vertex -45.0525 15.8238 2.86214
    endloop
  endfacet
  facet normal -0.0143519 -0.218994 -0.975621
    outer loop
      vertex 42.5658 4.29735 4.23487
      vertex 42 4.33443 4.23487
      vertex -43.8 16.0729 2.86214
    endloop
  endfacet
  facet normal 0.207528 -0.236675 -0.949167
    outer loop
      vertex -46.7702 16.6709 2.39931
      vertex -46.7071 15.7071 2.65343
      vertex -47.2501 16.2501 2.39931
    endloop
  endfacet
  facet normal 0.132485 -0.116187 -0.984352
    outer loop
      vertex -46.1143 15.1143 2.86214
      vertex -45.6871 14.248 3.02189
      vertex -46.3966 14.7924 2.86214
    endloop
  endfacet
  facet normal 0.464594 -0.157696 -0.871369
    outer loop
      vertex -49.2717 14.5276 2
      vertex -48.9401 14.9291 2.10414
      vertex -49.174 14.24 2.10414
    endloop
  endfacet
  facet normal 0.464674 -0.157777 -0.871312
    outer loop
      vertex -48.9401 14.9291 2.10414
      vertex -49.2717 14.5276 2
      vertex -49.1113 15 2
    endloop
  endfacet
  facet normal 0.308702 -0.0614049 -0.949175
    outer loop
      vertex -48.5129 14.0628 2.39931
      vertex -47.876 13.3366 2.65343
      vertex -48.6374 13.4369 2.39931
    endloop
  endfacet
  facet normal 0.201289 -0.134493 -0.970255
    outer loop
      vertex -47.0616 15.3028 2.65343
      vertex -46.6344 14.4365 2.86214
      vertex -47.3604 14.8556 2.65343
    endloop
  endfacet
  facet normal 0.241571 -0.0158333 -0.970254
    outer loop
      vertex -47.0449 13.2272 2.86214
      vertex -47.0729 12.8 2.86214
      vertex -47.876 13.3366 2.65343
    endloop
  endfacet
  facet normal 0.114799 0 -0.993389
    outer loop
      vertex -46.1786 -12.8 3.02189
      vertex -45.2437 12.8 3.12993
      vertex -45.2437 -12.8 3.12993
    endloop
  endfacet
  facet normal 0.114799 0 -0.993389
    outer loop
      vertex -45.2437 12.8 3.12993
      vertex -46.1786 -12.8 3.02189
      vertex -46.1786 12.8 3.02189
    endloop
  endfacet
  facet normal 0.175846 -0.0115255 -0.98435
    outer loop
      vertex -47.0449 13.2272 2.86214
      vertex -46.1583 13.1105 3.02189
      vertex -47.0729 12.8 2.86214
    endloop
  endfacet
  facet normal 0.23744 -0.0472165 -0.970254
    outer loop
      vertex -46.9614 13.6471 2.86214
      vertex -47.0449 13.2272 2.86214
      vertex -47.876 13.3366 2.65343
    endloop
  endfacet
  facet normal 0.0166124 -0.00817029 -0.999829
    outer loop
      vertex 20.1447 3.4685 4.33207
      vertex -44.2191 13.042 3.18442
      vertex 20.1595 3.48146 4.33221
    endloop
  endfacet
  facet normal 0.0166097 -0.0081879 -0.999829
    outer loop
      vertex -44.2191 13.042 3.18442
      vertex 20.1447 3.4685 4.33207
      vertex -44.2471 12.9852 3.18442
    endloop
  endfacet
  facet normal 0.0165355 -0.00869042 -0.999826
    outer loop
      vertex 41.4449 0.320475 4.71171
      vertex 26.7336 2.49471 4.44951
      vertex 26.7258 2.50633 4.44928
    endloop
  endfacet
  facet normal 0.103168 -0.0508831 -0.993362
    outer loop
      vertex -45.0503 13.5218 3.12993
      vertex -45.1338 13.3525 3.12993
      vertex -45.86 13.9893 3.02189
    endloop
  endfacet
  facet normal 0.0557295 -0.0110382 -0.998385
    outer loop
      vertex -44.2675 12.9253 3.18442
      vertex -44.2798 12.8632 3.18442
      vertex -45.1945 13.1736 3.12993
    endloop
  endfacet
  facet normal 0.0537801 -0.0183158 -0.998385
    outer loop
      vertex -44.2471 12.9852 3.18442
      vertex -44.2675 12.9253 3.18442
      vertex -45.1945 13.1736 3.12993
    endloop
  endfacet
  facet normal 0.375675 0.127483 -0.917941
    outer loop
      vertex -48.5129 -14.0628 2.39931
      vertex -48.3078 -14.6672 2.39931
      vertex -49.174 -14.24 2.10414
    endloop
  endfacet
  facet normal -0.0622253 -0.0123801 -0.997985
    outer loop
      vertex 43.8467 0.494832 4.63109
      vertex 43.8955 0.249551 4.63109
      vertex 42.6355 0.0836601 4.71171
    endloop
  endfacet
  facet normal -0.0280587 -0.0569013 -0.997985
    outer loop
      vertex 42.9559 1.65574 4.63109
      vertex 42.3205 0.555079 4.71171
      vertex 42.2453 0.592161 4.71171
    endloop
  endfacet
  facet normal -0.500332 -0.57054 -0.651269
    outer loop
      vertex 48.2688 6.26875 2
      vertex 48.215 6.21501 2.08841
      vertex 48.1274 6.39275 2
    endloop
  endfacet
  facet normal -0.0203946 -0.0600752 -0.997985
    outer loop
      vertex 42.4948 1.84674 4.63109
      vertex 42.7316 1.76635 4.63109
      vertex 42.2453 0.592161 4.71171
    endloop
  endfacet
  facet normal -0.0412477 -0.121501 -0.991734
    outer loop
      vertex 42.8153 3.04277 4.47123
      vertex 42.7316 1.76635 4.63109
      vertex 42.4948 1.84674 4.63109
    endloop
  endfacet
  facet normal -0.118765 -0.240837 -0.963272
    outer loop
      vertex 44.0836 5.03014 3.92605
      vertex 44.1672 3.75373 4.23487
      vertex 43.6587 4.00449 4.23487
    endloop
  endfacet
  facet normal -0.0567455 -0.115079 -0.991734
    outer loop
      vertex 43.2055 2.91032 4.47123
      vertex 43.5751 2.72807 4.47123
      vertex 42.7316 1.76635 4.63109
    endloop
  endfacet
  facet normal -0.241564 -0.361544 -0.900518
    outer loop
      vertex 46.4854 5.84545 3.11331
      vertex 45.9336 5.12632 3.55005
      vertex 45.684 6.3809 3.11331
    endloop
  endfacet
  facet normal -0.286699 -0.326911 -0.900518
    outer loop
      vertex 46.4854 5.84545 3.11331
      vertex 47.21 5.20998 3.11331
      vertex 45.9336 5.12632 3.55005
    endloop
  endfacet
  facet normal -0.195821 -0.0127241 -0.980557
    outer loop
      vertex 45.1501 0 4.47123
      vertex 45.265 0.22842 4.44532
      vertex 45.2533 0.0509074 4.44996
    endloop
  endfacet
  facet normal -0.195673 -0.0128015 -0.980586
    outer loop
      vertex 45.1232 0.411171 4.47123
      vertex 45.265 0.22842 4.44532
      vertex 45.1501 0 4.47123
    endloop
  endfacet
  facet normal -0.195759 -0.0128705 -0.980568
    outer loop
      vertex 45.265 0.22842 4.44532
      vertex 45.1232 0.411171 4.47123
      vertex 45.3061 0.435258 4.4344
    endloop
  endfacet
  facet normal -0.192388 0.0384623 -0.980565
    outer loop
      vertex 45.3096 -0.452933 4.43302
      vertex 45.1232 -0.411171 4.47123
      vertex 45.3061 -0.435258 4.4344
    endloop
  endfacet
  facet normal -0.192446 0.0382035 -0.980564
    outer loop
      vertex 45.3832 -0.669696 4.41013
      vertex 45.1232 -0.411171 4.47123
      vertex 45.3096 -0.452933 4.43302
    endloop
  endfacet
  facet normal -0.192355 0.038212 -0.980581
    outer loop
      vertex 45.0428 -0.815308 4.47123
      vertex 45.3832 -0.669696 4.41013
      vertex 45.4182 -0.740631 4.4005
    endloop
  endfacet
  facet normal -0.19238 0.0382725 -0.980574
    outer loop
      vertex 45.3832 -0.669696 4.41013
      vertex 45.0428 -0.815308 4.47123
      vertex 45.1232 -0.411171 4.47123
    endloop
  endfacet
  facet normal -0.108965 -0.163067 -0.980579
    outer loop
      vertex 44.1672 3.75373 4.23487
      vertex 44.6386 3.43873 4.23487
      vertex 43.5751 2.72807 4.47123
    endloop
  endfacet
  facet normal -0.177063 -0.201886 -0.963271
    outer loop
      vertex 45.3145 4.31948 3.92605
      vertex 45.8499 3.84991 3.92605
      vertex 45.0649 3.0649 4.23487
    endloop
  endfacet
  facet normal -0.229093 -0.261203 -0.937704
    outer loop
      vertex 45.9336 5.12632 3.55005
      vertex 46.569 4.56903 3.55005
      vertex 45.8499 3.84991 3.92605
    endloop
  endfacet
  facet normal -0.177042 -0.201891 -0.963274
    outer loop
      vertex 45.3145 4.31948 3.92605
      vertex 45.0649 3.0649 4.23487
      vertex 44.6386 3.43873 4.23487
    endloop
  endfacet
  facet normal -0.0964822 -0.0845854 -0.991734
    outer loop
      vertex 44.2275 2.22746 4.47123
      vertex 44.4991 1.91766 4.47123
      vertex 43.3519 1.35191 4.63109
    endloop
  endfacet
  facet normal -0.0964724 -0.0846051 -0.991733
    outer loop
      vertex 44.4991 1.91766 4.47123
      vertex 43.5168 1.16388 4.63109
      vertex 43.3519 1.35191 4.63109
    endloop
  endfacet
  facet normal -0.201889 -0.177061 -0.963271
    outer loop
      vertex 45.8499 3.84991 3.92605
      vertex 46.3195 3.31446 3.92605
      vertex 45.0649 3.0649 4.23487
    endloop
  endfacet
  facet normal -0.14919 -0.223265 -0.963273
    outer loop
      vertex 45.3145 4.31948 3.92605
      vertex 44.6386 3.43873 4.23487
      vertex 44.1672 3.75373 4.23487
    endloop
  endfacet
  facet normal -0.254295 -0.086331 -0.963266
    outer loop
      vertex 47 1.75 3.96389
      vertex 47.0301 2.08355 3.92605
      vertex 47.1466 1.74039 3.92605
    endloop
  endfacet
  facet normal -0.254344 -0.0863251 -0.963253
    outer loop
      vertex 46.7716 1.73503 4.02554
      vertex 47.0301 2.08355 3.92605
      vertex 47 1.75 3.96389
    endloop
  endfacet
  facet normal -0.253887 -0.0866892 -0.963341
    outer loop
      vertex 47.0301 2.08355 3.92605
      vertex 46.7716 1.73503 4.02554
      vertex 46.7145 1.72368 4.04161
    endloop
  endfacet
  facet normal -0.328881 -0.111625 -0.937751
    outer loop
      vertex 47.0301 2.08355 3.92605
      vertex 47.4477 1.69142 3.82627
      vertex 47.2284 1.73503 3.89799
    endloop
  endfacet
  facet normal -0.328982 -0.111687 -0.937708
    outer loop
      vertex 47.0301 2.08355 3.92605
      vertex 47.2284 1.73503 3.89799
      vertex 47.1466 1.74039 3.92605
    endloop
  endfacet
  facet normal -0.328965 -0.111726 -0.937709
    outer loop
      vertex 47.4477 1.69142 3.82627
      vertex 47.0301 2.08355 3.92605
      vertex 47.9697 2.47274 3.55005
    endloop
  endfacet
  facet normal -0.175895 -0.0867539 -0.980579
    outer loop
      vertex 45.7537 2.16721 4.23487
      vertex 46.0045 1.65871 4.23487
      vertex 44.7281 1.57505 4.47123
    endloop
  endfacet
  facet normal -0.115082 -0.0567376 -0.991734
    outer loop
      vertex 44.7281 1.57505 4.47123
      vertex 44.9103 1.20549 4.47123
      vertex 43.7663 0.731647 4.63109
    endloop
  endfacet
  facet normal -0.629188 0.125156 -0.76711
    outer loop
      vertex 50.7142 -1.14724 2.08841
      vertex 50.4899 -2.27485 2.08841
      vertex 50.0787 -1.06358 2.6233
    endloop
  endfacet
  facet normal -0.757387 -0.0496852 -0.651073
    outer loop
      vertex 50.7894 0 2.08841
      vertex 50.8018 0.9695 2
      vertex 50.8654 0 2
    endloop
  endfacet
  facet normal -0.757602 -0.0496598 -0.650825
    outer loop
      vertex 50.8018 0.9695 2
      vertex 50.7894 0 2.08841
      vertex 50.7142 1.14724 2.08841
    endloop
  endfacet
  facet normal -0.60746 -0.206227 -0.767113
    outer loop
      vertex 50.1203 3.36354 2.08841
      vertex 50.4899 2.27485 2.08841
      vertex 49.5281 3.11826 2.6233
    endloop
  endfacet
  facet normal -0.718795 -0.243997 -0.650999
    outer loop
      vertex 50.5028 2.47261 2
      vertex 50.1203 3.36354 2.08841
      vertex 50.1905 3.39262 2
    endloop
  endfacet
  facet normal -0.718918 -0.244066 -0.650837
    outer loop
      vertex 50.1203 3.36354 2.08841
      vertex 50.5028 2.47261 2
      vertex 50.4899 2.27485 2.08841
    endloop
  endfacet
  facet normal -0.243983 0.718833 -0.650962
    outer loop
      vertex 44.4726 -8.50282 2
      vertex 44.2945 -8.56327 2
      vertex 44.2749 -8.48986 2.08841
    endloop
  endfacet
  facet normal -0.531439 0.034827 -0.84638
    outer loop
      vertex 50.1484 0 2.6233
      vertex 50.0787 -1.06358 2.6233
      vertex 49.368 0 3.11331
    endloop
  endfacet
  facet normal -0.504357 0.171208 -0.846352
    outer loop
      vertex 49.117 -1.90699 3.11331
      vertex 49.5281 -3.11826 2.6233
      vertex 48.8072 -2.81962 3.11331
    endloop
  endfacet
  facet normal -0.261212 0.229084 -0.937704
    outer loop
      vertex 47.1263 -3.93357 3.55005
      vertex 46.569 -4.56903 3.55005
      vertex 45.8499 -3.84991 3.92605
    endloop
  endfacet
  facet normal -0.426471 0.0848186 -0.900516
    outer loop
      vertex 48.4715 -0.940944 3.51
      vertex 49.305 -0.96172 3.11331
      vertex 49.117 -1.90699 3.11331
    endloop
  endfacet
  facet normal -0.426334 0.0856559 -0.900501
    outer loop
      vertex 49.305 -0.96172 3.11331
      vertex 48.5155 -0.875 3.49534
      vertex 48.5235 -0.858836 3.49309
    endloop
  endfacet
  facet normal -0.426496 0.0843721 -0.900546
    outer loop
      vertex 49.305 -0.96172 3.11331
      vertex 48.4715 -0.940944 3.51
      vertex 48.5155 -0.875 3.49534
    endloop
  endfacet
  facet normal -0.433969 0.0283461 -0.900482
    outer loop
      vertex 49.305 -0.96172 3.11331
      vertex 48.6904 -0.452933 3.42552
      vertex 48.7215 -0.296383 3.41546
    endloop
  endfacet
  facet normal -0.433866 0.0284986 -0.900527
    outer loop
      vertex 49.305 -0.96172 3.11331
      vertex 48.6168 -0.669696 3.45412
      vertex 48.6904 -0.452933 3.42552
    endloop
  endfacet
  facet normal -0.433872 0.0284806 -0.900524
    outer loop
      vertex 48.6168 -0.669696 3.45412
      vertex 49.305 -0.96172 3.11331
      vertex 48.5235 -0.858836 3.49309
    endloop
  endfacet
  facet normal -0.229093 0.261203 -0.937704
    outer loop
      vertex 46.569 -4.56903 3.55005
      vertex 45.9336 -5.12632 3.55005
      vertex 45.8499 -3.84991 3.92605
    endloop
  endfacet
  facet normal -0.229087 0.261203 -0.937706
    outer loop
      vertex 45.8499 -3.84991 3.92605
      vertex 45.9336 -5.12632 3.55005
      vertex 45.3145 -4.31948 3.92605
    endloop
  endfacet
  facet normal -0.163071 0.108963 -0.980579
    outer loop
      vertex 45.7537 -2.16721 4.23487
      vertex 45.4387 -2.63863 4.23487
      vertex 44.7281 -1.57505 4.47123
    endloop
  endfacet
  facet normal -0.201893 0.177042 -0.963273
    outer loop
      vertex 45.4387 -2.63863 4.23487
      vertex 46.3195 -3.31446 3.92605
      vertex 45.0649 -3.0649 4.23487
    endloop
  endfacet
  facet normal 0.440037 0.217019 -0.871361
    outer loop
      vertex -48.9994 -15.227 2
      vertex -48.6182 -15.5818 2.10414
      vertex -48.7787 -15.6745 2
    endloop
  endfacet
  facet normal 0.440035 0.217018 -0.871362
    outer loop
      vertex -48.6182 -15.5818 2.10414
      vertex -48.9994 -15.227 2
      vertex -48.9401 -14.9291 2.10414
    endloop
  endfacet
  facet normal 0.216976 0.440157 -0.871312
    outer loop
      vertex -45.9291 -17.9401 2.10414
      vertex -46 -18.1113 2
      vertex -46.227 -17.9994 2
    endloop
  endfacet
  facet normal 0.0259475 0.395862 -0.917943
    outer loop
      vertex -44.4369 -17.6374 2.39931
      vertex -43.8 -18.3636 2.10414
      vertex -44.5262 -18.316 2.10414
    endloop
  endfacet
  facet normal 0.0613919 0.308715 -0.949171
    outer loop
      vertex -44.8641 -16.7711 2.65343
      vertex -44.3366 -16.876 2.65343
      vertex -45.0628 -17.5129 2.39931
    endloop
  endfacet
  facet normal 0.077397 0.389099 -0.917939
    outer loop
      vertex -45.0628 -17.5129 2.39931
      vertex -44.4369 -17.6374 2.39931
      vertex -45.24 -18.174 2.10414
    endloop
  endfacet
  facet normal 0.261703 0.174859 -0.949176
    outer loop
      vertex -47.3604 -14.8556 2.65343
      vertex -47.0616 -15.3028 2.65343
      vertex -48.0255 -15.2396 2.39931
    endloop
  endfacet
  facet normal 0.489684 0.0319992 -0.871312
    outer loop
      vertex -49.3636 -12.8 2.10414
      vertex -49.5324 -13.0525 2
      vertex -49.5489 -12.8 2
    endloop
  endfacet
  facet normal 0.0566841 0.0037308 -0.998385
    outer loop
      vertex -44.2798 -12.8632 3.18442
      vertex -45.2313 -12.9884 3.12993
      vertex -45.2437 -12.8 3.12993
    endloop
  endfacet
  facet normal 0.23744 0.0472165 -0.970254
    outer loop
      vertex -47.0449 -13.2272 2.86214
      vertex -46.9614 -13.6471 2.86214
      vertex -47.876 -13.3366 2.65343
    endloop
  endfacet
  facet normal 0.314135 0 -0.949378
    outer loop
      vertex -48.6792 -12.8 2.39931
      vertex -47.9112 12.8 2.65343
      vertex -47.9112 -12.8 2.65343
    endloop
  endfacet
  facet normal 0.314135 0 -0.949378
    outer loop
      vertex -47.9112 12.8 2.65343
      vertex -48.6792 -12.8 2.39931
      vertex -48.6792 12.8 2.39931
    endloop
  endfacet
  facet normal -0.206234 0.607497 -0.767082
    outer loop
      vertex 45.1183 -7.52814 2.6233
      vertex 45.3635 -8.1203 2.08841
      vertex 44.2749 -8.48986 2.08841
    endloop
  endfacet
  facet normal -0.103902 0.522358 -0.846373
    outer loop
      vertex 43.907 -7.11697 3.11331
      vertex 44.109 -7.87075 2.6233
      vertex 43.0636 -8.07869 2.6233
    endloop
  endfacet
  facet normal -0.0523877 -0.263371 -0.963271
    outer loop
      vertex 43.4092 5.25907 3.92605
      vertex 43.1218 4.18674 4.23487
      vertex 42.7107 5.39801 3.92605
    endloop
  endfacet
  facet normal -0.0523953 -0.263374 -0.96327
    outer loop
      vertex 42.7107 5.39801 3.92605
      vertex 43.1218 4.18674 4.23487
      vertex 42.5658 4.29735 4.23487
    endloop
  endfacet
  facet normal 0.395888 -0.0259823 -0.917931
    outer loop
      vertex -48.6374 13.4369 2.39931
      vertex -48.6792 12.8 2.39931
      vertex -49.3636 12.8 2.10414
    endloop
  endfacet
  facet normal 0.481286 -0.0957918 -0.871314
    outer loop
      vertex -49.353 14.2879 2
      vertex -49.174 14.24 2.10414
      vertex -49.4024 14.0397 2
    endloop
  endfacet
  facet normal 0.440157 -0.216976 -0.871312
    outer loop
      vertex -48.9994 15.227 2
      vertex -48.9401 14.9291 2.10414
      vertex -49.1113 15 2
    endloop
  endfacet
  facet normal 0.40803 -0.272667 -0.8713
    outer loop
      vertex -48.3609 16.2997 2
      vertex -48.2139 16.1869 2.10414
      vertex -48.5015 16.0893 2
    endloop
  endfacet
  facet normal 0.323587 -0.368956 -0.8713
    outer loop
      vertex -47.2997 17.3609 2
      vertex -47.1869 17.2139 2.10414
      vertex -47.49 17.194 2
    endloop
  endfacet
  facet normal 0.0158138 -0.0135462 -0.999783
    outer loop
      vertex 20.2874 3.58802 4.33297
      vertex -44.1422 13.1422 3.18442
      vertex 20.3037 3.59893 4.33308
    endloop
  endfacet
  facet normal 0.0157691 -0.0138476 -0.99978
    outer loop
      vertex -44.1422 13.1422 3.18442
      vertex 20.2874 3.58802 4.33297
      vertex -44.184 13.0946 3.18442
    endloop
  endfacet
  facet normal 0.0156794 -0.0144548 -0.999773
    outer loop
      vertex 41.5468 0.45322 4.71171
      vertex 26.6278 2.6531 4.44593
      vertex 26.6208 2.66349 4.44567
    endloop
  endfacet
  facet normal -0.0527562 0.0352405 -0.997985
    outer loop
      vertex 43.6557 -0.955942 4.63109
      vertex 43.5168 -1.16388 4.63109
      vertex 42.5551 -0.320475 4.71171
    endloop
  endfacet
  facet normal 0.0224463 0.112823 -0.993361
    outer loop
      vertex -44.1736 -14.1945 3.12993
      vertex -44.1105 -15.1583 3.02189
      vertex -44.4156 -15.0976 3.02189
    endloop
  endfacet
  facet normal 0.175486 0.355821 -0.91793
    outer loop
      vertex -45.6672 -17.3078 2.39931
      vertex -45.9291 -17.9401 2.10414
      vertex -46.2396 -17.0255 2.39931
    endloop
  endfacet
  facet normal 0.0369641 0.108933 -0.993362
    outer loop
      vertex -44.1736 -14.1945 3.12993
      vertex -44.4156 -15.0976 3.02189
      vertex -44.7103 -14.9976 3.02189
    endloop
  endfacet
  facet normal 0.217107 0.107084 -0.970256
    outer loop
      vertex -46.8238 -14.0525 2.86214
      vertex -46.6344 -14.4365 2.86214
      vertex -47.5983 -14.3733 2.65343
    endloop
  endfacet
  facet normal 0.0956344 0.0639165 -0.993362
    outer loop
      vertex -44.9453 -13.6788 3.12993
      vertex -45.6871 -14.248 3.02189
      vertex -45.86 -13.9893 3.02189
    endloop
  endfacet
  facet normal 0.132531 0.116163 -0.984348
    outer loop
      vertex -45.6871 -14.248 3.02189
      vertex -45.482 -14.482 3.02189
      vertex -46.1143 -15.1143 2.86214
    endloop
  endfacet
  facet normal 0.0315827 0.0472237 -0.998385
    outer loop
      vertex -44.0946 -13.184 3.18442
      vertex -44.5218 -14.0503 3.12993
      vertex -44.6788 -13.9453 3.12993
    endloop
  endfacet
  facet normal -0.125839 0.0250347 -0.991735
    outer loop
      vertex 45.1232 -0.411171 4.47123
      vertex 45.0428 -0.815308 4.47123
      vertex 43.8467 -0.494832 4.63109
    endloop
  endfacet
  facet normal -0.0352398 0.0527558 -0.997985
    outer loop
      vertex 43.1639 -1.5168 4.63109
      vertex 42.9559 -1.65574 4.63109
      vertex 42.3205 -0.555079 4.71171
    endloop
  endfacet
  facet normal -0.0382651 0.192349 -0.98058
    outer loop
      vertex 42.8153 -3.04277 4.47123
      vertex 42.5658 -4.29735 4.23487
      vertex 42.4112 -3.12316 4.47123
    endloop
  endfacet
  facet normal -0.086315 0.25428 -0.963271
    outer loop
      vertex 43.6587 -4.00449 4.23487
      vertex 44.0836 -5.03014 3.92605
      vertex 43.1218 -4.18674 4.23487
    endloop
  endfacet
  facet normal 0.0176644 0.0011105 -0.999843
    outer loop
      vertex 19.8701 -3.22769 4.32847
      vertex 19.9318 -3.28177 4.3295
      vertex -44.2798 -12.8632 3.18442
    endloop
  endfacet
  facet normal 0.0176572 0.00116082 -0.999843
    outer loop
      vertex 41.3645 -0.0836601 4.71171
      vertex 26.9385 -2.166 4.45453
      vertex 41.359 0 4.71171
    endloop
  endfacet
  facet normal 0.0176542 0.00118182 -0.999843
    outer loop
      vertex 26.9385 -2.166 4.45453
      vertex 41.3645 -0.0836601 4.71171
      vertex 26.9011 -2.24183 4.45378
    endloop
  endfacet
  facet normal 0.0176605 0.00113634 -0.999843
    outer loop
      vertex -44.2798 -12.8632 3.18442
      vertex 19.8545 -3.21401 4.32821
      vertex 19.8701 -3.22769 4.32847
    endloop
  endfacet
  facet normal 0.017655 0.00117327 -0.999843
    outer loop
      vertex 19.8545 -3.21401 4.32821
      vertex -44.2798 -12.8632 3.18442
      vertex -44.284 -12.8 3.18442
    endloop
  endfacet
  facet normal 0.0175997 0.00154335 -0.999844
    outer loop
      vertex 26.9443 -2.1544 4.45465
      vertex 41.359 0 4.71171
      vertex 26.9385 -2.166 4.45453
    endloop
  endfacet
  facet normal 0.108933 0.0369641 -0.993362
    outer loop
      vertex -45.1945 -13.1736 3.12993
      vertex -45.9976 -13.7103 3.02189
      vertex -46.0976 -13.4156 3.02189
    endloop
  endfacet
  facet normal 0.103168 0.0508831 -0.993362
    outer loop
      vertex -45.1338 -13.3525 3.12993
      vertex -45.0503 -13.5218 3.12993
      vertex -45.86 -13.9893 3.02189
    endloop
  endfacet
  facet normal -0.335636 0.680715 -0.651134
    outer loop
      vertex 45.5613 -8.10734 2
      vertex 45.3926 -8.19052 2
      vertex 45.3635 -8.1203 2.08841
    endloop
  endfacet
  facet normal -0.335695 0.680734 -0.651084
    outer loop
      vertex 45.5613 -8.10734 2
      vertex 46.3947 -7.6118 2.08841
      vertex 46.4327 -7.67762 2
    endloop
  endfacet
  facet normal -0.33565 0.680673 -0.651171
    outer loop
      vertex 46.3947 -7.6118 2.08841
      vertex 45.5613 -8.10734 2
      vertex 45.3635 -8.1203 2.08841
    endloop
  endfacet
  facet normal -0.243965 0.718692 -0.651125
    outer loop
      vertex 44.4726 -8.50282 2
      vertex 45.3635 -8.1203 2.08841
      vertex 45.3926 -8.19052 2
    endloop
  endfacet
  facet normal -0.244011 0.718775 -0.651016
    outer loop
      vertex 45.3635 -8.1203 2.08841
      vertex 44.4726 -8.50282 2
      vertex 44.2749 -8.48986 2.08841
    endloop
  endfacet
  facet normal -0.29588 0.442839 -0.846374
    outer loop
      vertex 46.4854 -5.84545 3.11331
      vertex 46.0742 -7.05672 2.6233
      vertex 45.684 -6.3809 3.11331
    endloop
  endfacet
  facet normal -0.149182 0.223281 -0.963271
    outer loop
      vertex 45.3145 -4.31948 3.92605
      vertex 44.7223 -4.71515 3.92605
      vertex 44.1672 -3.75373 4.23487
    endloop
  endfacet
  facet normal -0.118774 0.240837 -0.963271
    outer loop
      vertex 44.1672 -3.75373 4.23487
      vertex 44.7223 -4.71515 3.92605
      vertex 44.0836 -5.03014 3.92605
    endloop
  endfacet
  facet normal -0.0203946 0.0600752 -0.997985
    outer loop
      vertex 42.7316 -1.76635 4.63109
      vertex 42.4948 -1.84674 4.63109
      vertex 42.2453 -0.592161 4.71171
    endloop
  endfacet
  facet normal -0.0382657 0.192349 -0.98058
    outer loop
      vertex 42.8153 -3.04277 4.47123
      vertex 43.1218 -4.18674 4.23487
      vertex 42.5658 -4.29735 4.23487
    endloop
  endfacet
  facet normal -0.0677766 0.340753 -0.937707
    outer loop
      vertex 43.4092 -5.25907 3.92605
      vertex 43.6724 -6.24142 3.55005
      vertex 42.8434 -6.40631 3.55005
    endloop
  endfacet
  facet normal -0.13978 0.411741 -0.900517
    outer loop
      vertex 44.4727 -5.96973 3.55005
      vertex 43.907 -7.11697 3.11331
      vertex 43.6724 -6.24142 3.55005
    endloop
  endfacet
  facet normal -0.0418321 0.0476951 -0.997986
    outer loop
      vertex 43.3519 -1.35191 4.63109
      vertex 43.1639 -1.5168 4.63109
      vertex 42.4532 -0.45322 4.71171
    endloop
  endfacet
  facet normal -0.129316 0.147455 -0.980579
    outer loop
      vertex 44.2275 -2.22746 4.47123
      vertex 44.6386 -3.43873 4.23487
      vertex 43.9177 -2.49915 4.47123
    endloop
  endfacet
  facet normal -0.0630384 0.185712 -0.98058
    outer loop
      vertex 43.2055 -2.91032 4.47123
      vertex 43.6587 -4.00449 4.23487
      vertex 42.8153 -3.04277 4.47123
    endloop
  endfacet
  facet normal -0.0630395 0.185711 -0.98058
    outer loop
      vertex 43.6587 -4.00449 4.23487
      vertex 43.1218 -4.18674 4.23487
      vertex 42.8153 -3.04277 4.47123
    endloop
  endfacet
  facet normal -0.254295 0.086331 -0.963266
    outer loop
      vertex 47.0301 -2.08355 3.92605
      vertex 47 -1.75 3.96389
      vertex 47.1466 -1.74039 3.92605
    endloop
  endfacet
  facet normal -0.254344 0.0863251 -0.963253
    outer loop
      vertex 47.0301 -2.08355 3.92605
      vertex 46.7716 -1.73503 4.02554
      vertex 47 -1.75 3.96389
    endloop
  endfacet
  facet normal -0.253887 0.0866892 -0.963341
    outer loop
      vertex 46.7716 -1.73503 4.02554
      vertex 47.0301 -2.08355 3.92605
      vertex 46.7145 -1.72368 4.04161
    endloop
  endfacet
  facet normal -0.0600777 0.0203967 -0.997985
    outer loop
      vertex 43.8467 -0.494832 4.63109
      vertex 43.7663 -0.731647 4.63109
      vertex 42.5922 -0.24528 4.71171
    endloop
  endfacet
  facet normal 0.0145727 -0.0219176 -0.999654
    outer loop
      vertex 20.4305 3.68366 4.33335
      vertex -44.042 13.2191 3.18442
      vertex 20.4436 3.69237 4.33335
    endloop
  endfacet
  facet normal 0.0145823 -0.0218527 -0.999655
    outer loop
      vertex -44.042 13.2191 3.18442
      vertex 20.4305 3.68366 4.33335
      vertex -44.0946 13.184 3.18442
    endloop
  endfacet
  facet normal 0.0146069 -0.021686 -0.999658
    outer loop
      vertex 41.6795 0.555079 4.71171
      vertex 26.5295 2.78568 4.44195
      vertex 26.5219 2.79439 4.44165
    endloop
  endfacet
  facet normal 0.0145879 -0.0218152 -0.999656
    outer loop
      vertex 20.4305 3.68366 4.33335
      vertex 20.3781 3.64862 4.33335
      vertex -44.0946 13.184 3.18442
    endloop
  endfacet
  facet normal 0.0146161 -0.021626 -0.999659
    outer loop
      vertex 26.5701 2.73943 4.44355
      vertex 41.6098 0.5085 4.71171
      vertex 26.575 2.73211 4.44378
    endloop
  endfacet
  facet normal 0.0145863 -0.0218267 -0.999655
    outer loop
      vertex 41.6098 0.5085 4.71171
      vertex 26.5701 2.73943 4.44355
      vertex 41.6795 0.555079 4.71171
    endloop
  endfacet
  facet normal 0.0145943 -0.0217712 -0.999656
    outer loop
      vertex 41.6795 0.555079 4.71171
      vertex 26.5701 2.73943 4.44355
      vertex 26.5295 2.78568 4.44195
    endloop
  endfacet
  facet normal 0.0162161 -0.0108402 -0.99981
    outer loop
      vertex 26.7185 2.51737 4.44904
      vertex 41.4915 0.390185 4.71171
      vertex 41.4449 0.320475 4.71171
    endloop
  endfacet
  facet normal 0.016233 -0.0107234 -0.999811
    outer loop
      vertex 41.4915 0.390185 4.71171
      vertex 26.7185 2.51737 4.44904
      vertex 26.6714 2.58779 4.44752
    endloop
  endfacet
  facet normal 0.0161964 -0.0109686 -0.999809
    outer loop
      vertex 20.2297 3.54301 4.33268
      vertex 20.1735 3.49375 4.33231
      vertex -44.184 13.0946 3.18442
    endloop
  endfacet
  facet normal 0.0110382 -0.0557295 -0.998385
    outer loop
      vertex -43.8632 13.2798 3.18442
      vertex -43.9253 13.2675 3.18442
      vertex -44.1736 14.1945 3.12993
    endloop
  endfacet
  facet normal 0.0426845 -0.0374835 -0.998385
    outer loop
      vertex -44.1422 13.1422 3.18442
      vertex -44.184 13.0946 3.18442
      vertex -44.8208 13.8208 3.12993
    endloop
  endfacet
  facet normal 0.010454 -0.0497163 -0.998709
    outer loop
      vertex 20.5436 3.75918 4.33254
      vertex -43.8632 13.2798 3.18442
      vertex 20.5501 3.76356 4.33239
    endloop
  endfacet
  facet normal 0.0101938 -0.0514662 -0.998623
    outer loop
      vertex -43.8632 13.2798 3.18442
      vertex 20.5436 3.75918 4.33254
      vertex -43.9253 13.2675 3.18442
    endloop
  endfacet
  facet normal 0.0101421 -0.0518174 -0.998605
    outer loop
      vertex 41.8341 0.61911 4.71171
      vertex 26.4382 2.8898 4.43752
      vertex 26.4343 2.89424 4.43725
    endloop
  endfacet
  facet normal 0.0101628 -0.0516758 -0.998612
    outer loop
      vertex 20.5764 3.7811 4.33175
      vertex 20.5501 3.76356 4.33239
      vertex -43.8632 13.2798 3.18442
    endloop
  endfacet
  facet normal 0.010211 -0.0513537 -0.998628
    outer loop
      vertex 26.4108 2.92107 4.43563
      vertex 41.8341 0.61911 4.71171
      vertex 26.4343 2.89424 4.43725
    endloop
  endfacet
  facet normal 0.0102144 -0.0513311 -0.998629
    outer loop
      vertex 41.8341 0.61911 4.71171
      vertex 26.4108 2.92107 4.43563
      vertex 41.9163 0.635467 4.71171
    endloop
  endfacet
  facet normal 0.0508818 -0.103169 -0.993362
    outer loop
      vertex -44.7103 14.9976 3.02189
      vertex -44.3525 14.1338 3.12993
      vertex -44.9893 14.86 3.02189
    endloop
  endfacet
  facet normal 0.0369612 -0.108935 -0.993361
    outer loop
      vertex -44.1736 14.1945 3.12993
      vertex -44.3525 14.1338 3.12993
      vertex -44.7103 14.9976 3.02189
    endloop
  endfacet
  facet normal 0.0979208 -0.146513 -0.98435
    outer loop
      vertex -44.9893 14.86 3.02189
      vertex -45.248 14.6871 3.02189
      vertex -45.4365 15.6344 2.86214
    endloop
  endfacet
  facet normal 0.159628 -0.18202 -0.970251
    outer loop
      vertex -45.7924 15.3966 2.86214
      vertex -46.1143 15.1143 2.86214
      vertex -46.3027 16.0616 2.65343
    endloop
  endfacet
  facet normal 0.077397 -0.389099 -0.917939
    outer loop
      vertex -44.4369 17.6374 2.39931
      vertex -45.0628 17.5129 2.39931
      vertex -45.24 18.174 2.10414
    endloop
  endfacet
  facet normal 0.175484 -0.355821 -0.917931
    outer loop
      vertex -45.9291 17.9401 2.10414
      vertex -46.2396 17.0255 2.39931
      vertex -46.5818 17.6182 2.10414
    endloop
  endfacet
  facet normal 0.261704 -0.174897 -0.949169
    outer loop
      vertex -47.6709 15.7702 2.39931
      vertex -47.0616 15.3028 2.65343
      vertex -48.0255 15.2396 2.39931
    endloop
  endfacet
  facet normal 0.158045 -0.0779522 -0.98435
    outer loop
      vertex -46.6344 14.4365 2.86214
      vertex -45.86 13.9893 3.02189
      vertex -46.8238 14.0525 2.86214
    endloop
  endfacet
  facet normal 0.175486 -0.355821 -0.91793
    outer loop
      vertex -45.9291 17.9401 2.10414
      vertex -45.6672 17.3078 2.39931
      vertex -46.2396 17.0255 2.39931
    endloop
  endfacet
  facet normal 0.261538 -0.298278 -0.917948
    outer loop
      vertex -47.1869 17.2139 2.10414
      vertex -47.2501 16.2501 2.39931
      vertex -47.7341 16.7341 2.10414
    endloop
  endfacet
  facet normal 0.27261 -0.407931 -0.871364
    outer loop
      vertex -46.5818 17.6182 2.10414
      vertex -47.0893 17.5015 2
      vertex -46.6745 17.7787 2
    endloop
  endfacet
  facet normal 0.272621 -0.408021 -0.871319
    outer loop
      vertex -47.0893 17.5015 2
      vertex -46.5818 17.6182 2.10414
      vertex -47.1869 17.2139 2.10414
    endloop
  endfacet
  facet normal 0.389099 -0.077397 -0.917939
    outer loop
      vertex -48.5129 14.0628 2.39931
      vertex -48.6374 13.4369 2.39931
      vertex -49.174 14.24 2.10414
    endloop
  endfacet
  facet normal 0.229246 -0.0777958 -0.970255
    outer loop
      vertex -47.5983 14.3733 2.65343
      vertex -46.9614 13.6471 2.86214
      vertex -47.7711 13.8641 2.65343
    endloop
  endfacet
  facet normal 0.112823 -0.0224463 -0.993361
    outer loop
      vertex -46.0976 13.4156 3.02189
      vertex -45.1945 13.1736 3.12993
      vertex -46.1583 13.1105 3.02189
    endloop
  endfacet
  facet normal 0.166866 -0.0566372 -0.984352
    outer loop
      vertex -46.8238 14.0525 2.86214
      vertex -46.0976 13.4156 3.02189
      vertex -46.9614 13.6471 2.86214
    endloop
  endfacet
  facet normal 0.112822 -0.0224181 -0.993362
    outer loop
      vertex -45.1945 13.1736 3.12993
      vertex -45.2313 12.9884 3.12993
      vertex -46.1583 13.1105 3.02189
    endloop
  endfacet
  facet normal 0.146518 -0.0978982 -0.984352
    outer loop
      vertex -46.3966 14.7924 2.86214
      vertex -45.6871 14.248 3.02189
      vertex -46.6344 14.4365 2.86214
    endloop
  endfacet
  facet normal -0.0964724 0.0846051 -0.991733
    outer loop
      vertex 43.5168 -1.16388 4.63109
      vertex 44.4991 -1.91766 4.47123
      vertex 43.3519 -1.35191 4.63109
    endloop
  endfacet
  facet normal 0.0162799 -0.0104098 -0.999813
    outer loop
      vertex 20.1595 3.48146 4.33221
      vertex -44.184 13.0946 3.18442
      vertex 20.1735 3.49375 4.33231
    endloop
  endfacet
  facet normal 0.0162182 -0.0108224 -0.99981
    outer loop
      vertex -44.184 13.0946 3.18442
      vertex 20.1595 3.48146 4.33221
      vertex -44.2191 13.042 3.18442
    endloop
  endfacet
  facet normal 0.0161876 -0.0110312 -0.999808
    outer loop
      vertex 41.4449 0.320475 4.71171
      vertex 26.7258 2.50633 4.44928
      vertex 26.7185 2.51737 4.44904
    endloop
  endfacet
  facet normal 0.0509451 -0.0251265 -0.998385
    outer loop
      vertex -45.0503 13.5218 3.12993
      vertex -44.2471 12.9852 3.18442
      vertex -45.1338 13.3525 3.12993
    endloop
  endfacet
  facet normal -0.0569036 -0.0280592 -0.997985
    outer loop
      vertex 43.6557 0.955942 4.63109
      vertex 43.7663 0.731647 4.63109
      vertex 42.5922 0.24528 4.71171
    endloop
  endfacet
  facet normal -0.5706 -0.500477 -0.651106
    outer loop
      vertex 48.9731 5.35062 2.08841
      vertex 48.3927 6.12736 2
      vertex 49.0334 5.39689 2
    endloop
  endfacet
  facet normal -0.570746 -0.500564 -0.650911
    outer loop
      vertex 48.3927 6.12736 2
      vertex 48.9731 5.35062 2.08841
      vertex 48.215 6.21501 2.08841
    endloop
  endfacet
  facet normal -0.482323 -0.423014 -0.767087
    outer loop
      vertex 48.215 6.21501 2.08841
      vertex 48.9731 5.35062 2.08841
      vertex 47.7618 5.76179 2.6233
    endloop
  endfacet
  facet normal -0.00414851 -0.0633061 -0.997986
    outer loop
      vertex 42 1.91188 4.63109
      vertex 42.2495 1.89553 4.63109
      vertex 42 0.64095 4.71171
    endloop
  endfacet
  facet normal -0.0352497 0.0527471 -0.997986
    outer loop
      vertex 42.3902 -0.5085 4.71171
      vertex 43.1639 -1.5168 4.63109
      vertex 42.3205 -0.555079 4.71171
    endloop
  endfacet
  facet normal -0.0867351 -0.175897 -0.98058
    outer loop
      vertex 43.6587 4.00449 4.23487
      vertex 43.5751 2.72807 4.47123
      vertex 43.2055 2.91032 4.47123
    endloop
  endfacet
  facet normal -0.0630384 -0.185712 -0.98058
    outer loop
      vertex 43.6587 4.00449 4.23487
      vertex 43.2055 2.91032 4.47123
      vertex 42.8153 3.04277 4.47123
    endloop
  endfacet
  facet normal -0.193017 -0.288881 -0.937706
    outer loop
      vertex 45.9336 5.12632 3.55005
      vertex 45.3145 4.31948 3.92605
      vertex 45.2308 5.5959 3.55005
    endloop
  endfacet
  facet normal -0.193011 -0.288881 -0.937707
    outer loop
      vertex 45.2308 5.5959 3.55005
      vertex 45.3145 4.31948 3.92605
      vertex 44.7223 4.71515 3.92605
    endloop
  endfacet
  facet normal -0.240844 -0.118774 -0.963269
    outer loop
      vertex 46.7151 2.72229 3.92605
      vertex 47.0301 2.08355 3.92605
      vertex 45.7537 2.16721 4.23487
    endloop
  endfacet
  facet normal -0.311594 -0.153665 -0.937708
    outer loop
      vertex 47.9697 2.47274 3.55005
      vertex 47.0301 2.08355 3.92605
      vertex 46.7151 2.72229 3.92605
    endloop
  endfacet
  facet normal -0.185697 -0.0630601 -0.980581
    outer loop
      vertex 46.0045 1.65871 4.23487
      vertex 45.0428 0.815308 4.47123
      vertex 44.9103 1.20549 4.47123
    endloop
  endfacet
  facet normal -0.185704 -0.0630453 -0.980581
    outer loop
      vertex 45.9347 1.38837 4.26547
      vertex 46.0045 1.65871 4.23487
      vertex 46.0664 1.47638 4.23487
    endloop
  endfacet
  facet normal -0.18573 -0.0630381 -0.980577
    outer loop
      vertex 45.7626 1.23744 4.30777
      vertex 46.0045 1.65871 4.23487
      vertex 45.9347 1.38837 4.26547
    endloop
  endfacet
  facet normal -0.185794 -0.0628948 -0.980574
    outer loop
      vertex 45.0428 0.815308 4.47123
      vertex 45.7626 1.23744 4.30777
      vertex 45.6116 1.06533 4.34742
    endloop
  endfacet
  facet normal -0.18569 -0.0631351 -0.980578
    outer loop
      vertex 45.0428 0.815308 4.47123
      vertex 45.6116 1.06533 4.34742
      vertex 45.5322 0.946449 4.37011
    endloop
  endfacet
  facet normal -0.185702 -0.0630546 -0.980581
    outer loop
      vertex 45.7626 1.23744 4.30777
      vertex 45.0428 0.815308 4.47123
      vertex 46.0045 1.65871 4.23487
    endloop
  endfacet
  facet normal -0.757387 0.0496852 -0.651073
    outer loop
      vertex 50.8018 -0.9695 2
      vertex 50.7894 0 2.08841
      vertex 50.8654 0 2
    endloop
  endfacet
  facet normal -0.757602 0.0496598 -0.650825
    outer loop
      vertex 50.7894 0 2.08841
      vertex 50.8018 -0.9695 2
      vertex 50.7142 -1.14724 2.08841
    endloop
  endfacet
  facet normal -0.629219 0.125136 -0.767089
    outer loop
      vertex 50.0787 -1.06358 2.6233
      vertex 50.4899 -2.27485 2.08841
      vertex 49.8708 -2.10896 2.6233
    endloop
  endfacet
  facet normal -0.531452 0.0348142 -0.846372
    outer loop
      vertex 49.368 0 3.11331
      vertex 50.0787 -1.06358 2.6233
      vertex 49.305 -0.96172 3.11331
    endloop
  endfacet
  facet normal -0.421695 0.631082 -0.651083
    outer loop
      vertex 46.3947 -7.6118 2.08841
      vertex 47.2405 -7.13784 2
      vertex 46.4327 -7.67762 2
    endloop
  endfacet
  facet normal -0.421697 0.631087 -0.651076
    outer loop
      vertex 47.2405 -7.13784 2
      vertex 46.3947 -7.6118 2.08841
      vertex 47.3506 -6.97306 2.08841
    endloop
  endfacet
  facet normal -0.5706 0.500477 -0.651106
    outer loop
      vertex 48.3927 -6.12736 2
      vertex 48.9731 -5.35062 2.08841
      vertex 49.0334 -5.39689 2
    endloop
  endfacet
  facet normal -0.570746 0.500564 -0.650911
    outer loop
      vertex 48.9731 -5.35062 2.08841
      vertex 48.3927 -6.12736 2
      vertex 48.215 -6.21501 2.08841
    endloop
  endfacet
  facet normal -0.38997 0.192326 -0.900519
    outer loop
      vertex 48.8072 -2.81962 3.11331
      vertex 48.3809 -3.68401 3.11331
      vertex 47.5959 -3.23079 3.55005
    endloop
  endfacet
  facet normal -0.575368 0.28373 -0.767104
    outer loop
      vertex 49.5281 -3.11826 2.6233
      vertex 49.6118 -4.39468 2.08841
      vertex 49.0567 -4.0742 2.6233
    endloop
  endfacet
  facet normal -0.482322 0.423001 -0.767095
    outer loop
      vertex 48.4646 -4.96043 2.6233
      vertex 48.9731 -5.35062 2.08841
      vertex 47.7618 -5.76179 2.6233
    endloop
  endfacet
  facet normal -0.351153 0.400435 -0.846371
    outer loop
      vertex 47.21 -5.20998 3.11331
      vertex 47.7618 -5.76179 2.6233
      vertex 46.9604 -6.46456 2.6233
    endloop
  endfacet
  facet normal -0.193011 0.288881 -0.937707
    outer loop
      vertex 45.3145 -4.31948 3.92605
      vertex 45.2308 -5.5959 3.55005
      vertex 44.7223 -4.71515 3.92605
    endloop
  endfacet
  facet normal -0.153656 0.311602 -0.937707
    outer loop
      vertex 44.7223 -4.71515 3.92605
      vertex 45.2308 -5.5959 3.55005
      vertex 44.4727 -5.96973 3.55005
    endloop
  endfacet
  facet normal 0.157696 0.464594 -0.871369
    outer loop
      vertex -45.5276 -18.2717 2
      vertex -45.9291 -17.9401 2.10414
      vertex -45.24 -18.174 2.10414
    endloop
  endfacet
  facet normal 0.157777 0.464674 -0.871312
    outer loop
      vertex -45.9291 -17.9401 2.10414
      vertex -45.5276 -18.2717 2
      vertex -46 -18.1113 2
    endloop
  endfacet
  facet normal 0.175484 0.355821 -0.917931
    outer loop
      vertex -46.2396 -17.0255 2.39931
      vertex -45.9291 -17.9401 2.10414
      vertex -46.5818 -17.6182 2.10414
    endloop
  endfacet
  facet normal 0.217018 0.440035 -0.871362
    outer loop
      vertex -46.227 -17.9994 2
      vertex -46.5818 -17.6182 2.10414
      vertex -45.9291 -17.9401 2.10414
    endloop
  endfacet
  facet normal 0.217019 0.440037 -0.871361
    outer loop
      vertex -46.5818 -17.6182 2.10414
      vertex -46.227 -17.9994 2
      vertex -46.6745 -17.7787 2
    endloop
  endfacet
  facet normal -0.0259823 0.395888 -0.917931
    outer loop
      vertex -43.8 -17.6792 2.39931
      vertex -43.1631 -17.6374 2.39931
      vertex -43.8 -18.3636 2.10414
    endloop
  endfacet
  facet normal -0.0277584 0.313172 -0.949291
    outer loop
      vertex 42.7107 -5.39801 3.92605
      vertex -43.1631 -17.6374 2.39931
      vertex -43.2634 -16.876 2.65343
    endloop
  endfacet
  facet normal 0.27261 0.407931 -0.871364
    outer loop
      vertex -47.0893 -17.5015 2
      vertex -46.5818 -17.6182 2.10414
      vertex -46.6745 -17.7787 2
    endloop
  endfacet
  facet normal 0.272621 0.408021 -0.871319
    outer loop
      vertex -46.5818 -17.6182 2.10414
      vertex -47.0893 -17.5015 2
      vertex -47.1869 -17.2139 2.10414
    endloop
  endfacet
  facet normal 0.272667 0.40803 -0.8713
    outer loop
      vertex -47.1869 -17.2139 2.10414
      vertex -47.0893 -17.5015 2
      vertex -47.2997 -17.3609 2
    endloop
  endfacet
  facet normal 0.369038 0.323585 -0.871266
    outer loop
      vertex -48.194 -16.49 2
      vertex -47.7341 -16.7341 2.10414
      vertex -47.8651 -16.8651 2
    endloop
  endfacet
  facet normal 0.369037 0.323582 -0.871267
    outer loop
      vertex -47.7341 -16.7341 2.10414
      vertex -48.194 -16.49 2
      vertex -48.2139 -16.1869 2.10414
    endloop
  endfacet
  facet normal 0.464674 0.157777 -0.871312
    outer loop
      vertex -49.2717 -14.5276 2
      vertex -48.9401 -14.9291 2.10414
      vertex -49.1113 -15 2
    endloop
  endfacet
  facet normal 0.464594 0.157696 -0.871369
    outer loop
      vertex -48.9401 -14.9291 2.10414
      vertex -49.2717 -14.5276 2
      vertex -49.174 -14.24 2.10414
    endloop
  endfacet
  facet normal 0.146513 0.0979208 -0.98435
    outer loop
      vertex -45.86 -13.9893 3.02189
      vertex -45.6871 -14.248 3.02189
      vertex -46.6344 -14.4365 2.86214
    endloop
  endfacet
  facet normal 0.158045 0.0779462 -0.984351
    outer loop
      vertex -45.9976 -13.7103 3.02189
      vertex -45.86 -13.9893 3.02189
      vertex -46.8238 -14.0525 2.86214
    endloop
  endfacet
  facet normal 0.114796 0.00755557 -0.99336
    outer loop
      vertex -45.2437 -12.8 3.12993
      vertex -45.2313 -12.9884 3.12993
      vertex -46.1786 -12.8 3.02189
    endloop
  endfacet
  facet normal 0.175836 0.0114959 -0.984352
    outer loop
      vertex -46.1786 -12.8 3.02189
      vertex -46.1583 -13.1105 3.02189
      vertex -47.0729 -12.8 2.86214
    endloop
  endfacet
  facet normal -0.500369 0.57058 -0.651206
    outer loop
      vertex 47.3506 -6.97306 2.08841
      vertex 48.1274 -6.39275 2
      vertex 47.3969 -7.03336 2
    endloop
  endfacet
  facet normal -0.500346 0.570541 -0.651258
    outer loop
      vertex 48.1274 -6.39275 2
      vertex 47.3506 -6.97306 2.08841
      vertex 48.215 -6.21501 2.08841
    endloop
  endfacet
  facet normal 0.0957154 -0.481331 -0.871297
    outer loop
      vertex -44.5262 18.316 2.10414
      vertex -45.0397 18.4024 2
      vertex -44.5504 18.4997 2
    endloop
  endfacet
  facet normal 0.0957376 -0.48125 -0.87134
    outer loop
      vertex -45.0397 18.4024 2
      vertex -44.5262 18.316 2.10414
      vertex -45.24 18.174 2.10414
    endloop
  endfacet
  facet normal 0.217018 -0.440035 -0.871362
    outer loop
      vertex -46.5818 17.6182 2.10414
      vertex -46.227 17.9994 2
      vertex -45.9291 17.9401 2.10414
    endloop
  endfacet
  facet normal 0.217019 -0.440037 -0.871361
    outer loop
      vertex -46.227 17.9994 2
      vertex -46.5818 17.6182 2.10414
      vertex -46.6745 17.7787 2
    endloop
  endfacet
  facet normal 0.0320904 -0.489581 -0.871367
    outer loop
      vertex -44.5262 18.316 2.10414
      vertex -44.0525 18.5324 2
      vertex -43.8 18.3636 2.10414
    endloop
  endfacet
  facet normal 0.0321617 -0.489703 -0.871296
    outer loop
      vertex -44.0525 18.5324 2
      vertex -44.5262 18.316 2.10414
      vertex -44.5504 18.4997 2
    endloop
  endfacet
  facet normal -0.0321617 -0.489703 -0.871296
    outer loop
      vertex -43.0738 18.316 2.10414
      vertex -43.5475 18.5324 2
      vertex -43.0496 18.4997 2
    endloop
  endfacet
  facet normal -0.0320904 -0.489581 -0.871367
    outer loop
      vertex -43.5475 18.5324 2
      vertex -43.0738 18.316 2.10414
      vertex -43.8 18.3636 2.10414
    endloop
  endfacet
  facet normal 0.396022 0 -0.918241
    outer loop
      vertex -49.3636 -12.8 2.10414
      vertex -48.6792 12.8 2.39931
      vertex -48.6792 -12.8 2.39931
    endloop
  endfacet
  facet normal 0.396022 0 -0.918241
    outer loop
      vertex -48.6792 12.8 2.39931
      vertex -49.3636 -12.8 2.10414
      vertex -49.3636 12.8 2.10414
    endloop
  endfacet
  facet normal 0.298065 -0.10115 -0.949171
    outer loop
      vertex -47.5983 14.3733 2.65343
      vertex -47.7711 13.8641 2.65343
      vertex -48.5129 14.0628 2.39931
    endloop
  endfacet
  facet normal 0.329881 -0.220412 -0.917931
    outer loop
      vertex -48.2139 16.1869 2.10414
      vertex -48.0255 15.2396 2.39931
      vertex -48.6182 15.5818 2.10414
    endloop
  endfacet
  facet normal 0.0084468 0.0627412 -0.997994
    outer loop
      vertex 41.7505 -1.89553 4.63109
      vertex 26.2393 -3.11662 4.42304
      vertex 41.9163 -0.635467 4.71171
    endloop
  endfacet
  facet normal 0.00845198 0.0626762 -0.997998
    outer loop
      vertex 41.7505 -1.89553 4.63109
      vertex 26.182 -3.18198 4.41845
      vertex 26.2393 -3.11662 4.42304
    endloop
  endfacet
  facet normal 0.00844782 0.062726 -0.997995
    outer loop
      vertex 41.7505 -1.89553 4.63109
      vertex 25.7394 -3.57009 4.39031
      vertex 26.182 -3.18198 4.41845
    endloop
  endfacet
  facet normal 0.00844269 0.0627745 -0.997992
    outer loop
      vertex 41.7505 -1.89553 4.63109
      vertex 25.25 -3.89711 4.3656
      vertex 25.7394 -3.57009 4.39031
    endloop
  endfacet
  facet normal 0.00845019 0.0627133 -0.997996
    outer loop
      vertex 41.7505 -1.89553 4.63109
      vertex 24.7221 -4.15746 4.34477
      vertex 25.25 -3.89711 4.3656
    endloop
  endfacet
  facet normal 0.00844949 0.0627185 -0.997995
    outer loop
      vertex 41.7505 -1.89553 4.63109
      vertex 24.1647 -4.34667 4.32816
      vertex 24.7221 -4.15746 4.34477
    endloop
  endfacet
  facet normal 0.00842558 0.0628887 -0.997985
    outer loop
      vertex 41.7505 -1.89553 4.63109
      vertex 23.5874 -4.4615 4.31605
      vertex 24.1647 -4.34667 4.32816
    endloop
  endfacet
  facet normal 0.00844949 0.0627215 -0.997995
    outer loop
      vertex 21.2779 -4.15746 4.31562
      vertex -43.9884 -14.2313 3.12993
      vertex 20.8855 -3.96394 4.32446
    endloop
  endfacet
  facet normal 0.00844509 0.0627498 -0.997994
    outer loop
      vertex 21.8353 -4.34667 4.30844
      vertex -43.9884 -14.2313 3.12993
      vertex 21.2779 -4.15746 4.31562
    endloop
  endfacet
  facet normal 0.00844874 0.0627256 -0.997995
    outer loop
      vertex 22.4126 -4.4615 4.30611
      vertex -43.9884 -14.2313 3.12993
      vertex 21.8353 -4.34667 4.30844
    endloop
  endfacet
  facet normal 0.00844524 0.0627493 -0.997994
    outer loop
      vertex 23 -4.5 4.30866
      vertex -43.9884 -14.2313 3.12993
      vertex 22.4126 -4.4615 4.30611
    endloop
  endfacet
  facet normal 0.00844086 0.0627792 -0.997992
    outer loop
      vertex 23.5874 -4.4615 4.31605
      vertex -43.9884 -14.2313 3.12993
      vertex 23 -4.5 4.30866
    endloop
  endfacet
  facet normal 0.00845447 0.0626858 -0.997998
    outer loop
      vertex -43.9884 -14.2313 3.12993
      vertex 23.5874 -4.4615 4.31605
      vertex 41.7505 -1.89553 4.63109
    endloop
  endfacet
  facet normal 0.00953333 0.0559193 -0.99839
    outer loop
      vertex -43.9884 -14.2313 3.12993
      vertex 20.5764 -3.7811 4.33175
      vertex 20.75 -3.89711 4.32691
    endloop
  endfacet
  facet normal 0.00953199 0.0559276 -0.998389
    outer loop
      vertex -43.9884 -14.2313 3.12993
      vertex 20.75 -3.89711 4.32691
      vertex 20.8855 -3.96394 4.32446
    endloop
  endfacet
  facet normal 0.00953306 0.0559209 -0.99839
    outer loop
      vertex 20.5764 -3.7811 4.33175
      vertex -43.9884 -14.2313 3.12993
      vertex -43.8632 -13.2798 3.18442
    endloop
  endfacet
  facet normal 0.00953408 0.0559173 -0.99839
    outer loop
      vertex 26.4108 -2.92107 4.43563
      vertex 41.9163 -0.635467 4.71171
      vertex 26.2393 -3.11662 4.42304
    endloop
  endfacet
  facet normal 0.0508818 0.103169 -0.993362
    outer loop
      vertex -44.3525 -14.1338 3.12993
      vertex -44.7103 -14.9976 3.02189
      vertex -44.9893 -14.86 3.02189
    endloop
  endfacet
  facet normal 0.0508831 0.103168 -0.993362
    outer loop
      vertex -44.5218 -14.0503 3.12993
      vertex -44.3525 -14.1338 3.12993
      vertex -44.9893 -14.86 3.02189
    endloop
  endfacet
  facet normal 0.0156794 0.0144548 -0.999773
    outer loop
      vertex 26.6278 -2.6531 4.44593
      vertex 41.5468 -0.45322 4.71171
      vertex 26.6208 -2.66349 4.44567
    endloop
  endfacet
  facet normal 0.0158138 0.0135462 -0.999783
    outer loop
      vertex -44.1422 -13.1422 3.18442
      vertex 20.2874 -3.58802 4.33297
      vertex 20.3037 -3.59893 4.33308
    endloop
  endfacet
  facet normal 0.0157691 0.0138476 -0.99978
    outer loop
      vertex 20.2874 -3.58802 4.33297
      vertex -44.1422 -13.1422 3.18442
      vertex -44.184 -13.0946 3.18442
    endloop
  endfacet
  facet normal 0.0426845 0.0374835 -0.998385
    outer loop
      vertex -44.184 -13.0946 3.18442
      vertex -44.1422 -13.1422 3.18442
      vertex -44.8208 -13.8208 3.12993
    endloop
  endfacet
  facet normal 0.158045 0.0779522 -0.98435
    outer loop
      vertex -45.86 -13.9893 3.02189
      vertex -46.6344 -14.4365 2.86214
      vertex -46.8238 -14.0525 2.86214
    endloop
  endfacet
  facet normal 0.132485 0.116187 -0.984352
    outer loop
      vertex -45.6871 -14.248 3.02189
      vertex -46.1143 -15.1143 2.86214
      vertex -46.3966 -14.7924 2.86214
    endloop
  endfacet
  facet normal -0.125839 -0.0250347 -0.991735
    outer loop
      vertex 45.0428 0.815308 4.47123
      vertex 45.1232 0.411171 4.47123
      vertex 43.8467 0.494832 4.63109
    endloop
  endfacet
  facet normal -0.195821 0.0127241 -0.980557
    outer loop
      vertex 45.265 -0.22842 4.44532
      vertex 45.1501 0 4.47123
      vertex 45.2533 -0.0509074 4.44996
    endloop
  endfacet
  facet normal -0.195759 0.0128705 -0.980568
    outer loop
      vertex 45.1232 -0.411171 4.47123
      vertex 45.265 -0.22842 4.44532
      vertex 45.3061 -0.435258 4.4344
    endloop
  endfacet
  facet normal -0.195673 0.0128015 -0.980586
    outer loop
      vertex 45.265 -0.22842 4.44532
      vertex 45.1232 -0.411171 4.47123
      vertex 45.1501 0 4.47123
    endloop
  endfacet
  facet normal -0.128039 0.0084145 -0.991733
    outer loop
      vertex 43.9119 0 4.63109
      vertex 45.1501 0 4.47123
      vertex 43.8955 -0.249551 4.63109
    endloop
  endfacet
  facet normal -0.00839151 0.128037 -0.991734
    outer loop
      vertex 42.2495 -1.89553 4.63109
      vertex 42.4112 -3.12316 4.47123
      vertex 42 -3.15011 4.47123
    endloop
  endfacet
  facet normal -0.012826 0.195698 -0.98058
    outer loop
      vertex 42.4112 -3.12316 4.47123
      vertex 42.5658 -4.29735 4.23487
      vertex 42 -3.15011 4.47123
    endloop
  endfacet
  facet normal 0.166876 0.0566256 -0.984351
    outer loop
      vertex -46.0976 -13.4156 3.02189
      vertex -45.9976 -13.7103 3.02189
      vertex -46.8238 -14.0525 2.86214
    endloop
  endfacet
  facet normal 0.0537929 0.0182517 -0.998385
    outer loop
      vertex -44.2471 -12.9852 3.18442
      vertex -45.1338 -13.3525 3.12993
      vertex -45.1945 -13.1736 3.12993
    endloop
  endfacet
  facet normal 0.103169 0.0508818 -0.993362
    outer loop
      vertex -45.1338 -13.3525 3.12993
      vertex -45.86 -13.9893 3.02189
      vertex -45.9976 -13.7103 3.02189
    endloop
  endfacet
  facet normal 0.108935 0.0369612 -0.993361
    outer loop
      vertex -45.1945 -13.1736 3.12993
      vertex -45.1338 -13.3525 3.12993
      vertex -45.9976 -13.7103 3.02189
    endloop
  endfacet
  facet normal -0.235563 0.477651 -0.84638
    outer loop
      vertex 46.0742 -7.05672 2.6233
      vertex 45.1183 -7.52814 2.6233
      vertex 44.8196 -6.80717 3.11331
    endloop
  endfacet
  facet normal -0.084825 0.426466 -0.900517
    outer loop
      vertex 43.6724 -6.24142 3.55005
      vertex 43.907 -7.11697 3.11331
      vertex 42.8434 -6.40631 3.55005
    endloop
  endfacet
  facet normal -0.125151 0.629214 -0.76709
    outer loop
      vertex 44.2749 -8.48986 2.08841
      vertex 43.1472 -8.71416 2.08841
      vertex 43.0636 -8.07869 2.6233
    endloop
  endfacet
  facet normal -0.148069 0.744438 -0.651067
    outer loop
      vertex 44.1101 -8.59996 2
      vertex 43.1472 -8.71416 2.08841
      vertex 44.2749 -8.48986 2.08841
    endloop
  endfacet
  facet normal -0.148068 0.744363 -0.651153
    outer loop
      vertex 43.1472 -8.71416 2.08841
      vertex 44.1101 -8.59996 2
      vertex 43.1572 -8.78951 2
    endloop
  endfacet
  facet normal -0.118765 0.240837 -0.963272
    outer loop
      vertex 44.1672 -3.75373 4.23487
      vertex 44.0836 -5.03014 3.92605
      vertex 43.6587 -4.00449 4.23487
    endloop
  endfacet
  facet normal -0.0867412 0.175897 -0.98058
    outer loop
      vertex 44.1672 -3.75373 4.23487
      vertex 43.6587 -4.00449 4.23487
      vertex 43.5751 -2.72807 4.47123
    endloop
  endfacet
  facet normal -0.103902 0.522358 -0.846372
    outer loop
      vertex 43.907 -7.11697 3.11331
      vertex 43.0636 -8.07869 2.6233
      vertex 42.9617 -7.305 3.11331
    endloop
  endfacet
  facet normal -0.171195 0.504325 -0.846374
    outer loop
      vertex 45.1183 -7.52814 2.6233
      vertex 44.109 -7.87075 2.6233
      vertex 43.907 -7.11697 3.11331
    endloop
  endfacet
  facet normal -0.177042 0.201891 -0.963274
    outer loop
      vertex 45.0649 -3.0649 4.23487
      vertex 45.3145 -4.31948 3.92605
      vertex 44.6386 -3.43873 4.23487
    endloop
  endfacet
  facet normal -0.0250352 0.125845 -0.991734
    outer loop
      vertex 42.4948 -1.84674 4.63109
      vertex 42.8153 -3.04277 4.47123
      vertex 42.4112 -3.12316 4.47123
    endloop
  endfacet
  facet normal -0.0846007 0.0964677 -0.991734
    outer loop
      vertex 44.2275 -2.22746 4.47123
      vertex 43.9177 -2.49915 4.47123
      vertex 43.3519 -1.35191 4.63109
    endloop
  endfacet
  facet normal -0.147467 0.129284 -0.980581
    outer loop
      vertex 44.4991 -1.91766 4.47123
      vertex 45.4387 -2.63863 4.23487
      vertex 44.2275 -2.22746 4.47123
    endloop
  endfacet
  facet normal -0.411723 0.139769 -0.900527
    outer loop
      vertex 48.2414 -1.67238 3.55005
      vertex 49.117 -1.90699 3.11331
      vertex 47.9697 -2.47274 3.55005
    endloop
  endfacet
  facet normal -0.426475 0.0848153 -0.900514
    outer loop
      vertex 49.117 -1.90699 3.11331
      vertex 48.3884 -1.06533 3.53764
      vertex 48.4715 -0.940944 3.51
    endloop
  endfacet
  facet normal -0.426424 0.0848685 -0.900533
    outer loop
      vertex 49.117 -1.90699 3.11331
      vertex 48.3545 -1.10398 3.55005
      vertex 48.3884 -1.06533 3.53764
    endloop
  endfacet
  facet normal -0.426438 0.0848525 -0.900528
    outer loop
      vertex 48.3545 -1.10398 3.55005
      vertex 49.117 -1.90699 3.11331
      vertex 48.2414 -1.67238 3.55005
    endloop
  endfacet
  facet normal -0.128032 0.00837623 -0.991735
    outer loop
      vertex 45.1501 0 4.47123
      vertex 45.1232 -0.411171 4.47123
      vertex 43.8955 -0.249551 4.63109
    endloop
  endfacet
  facet normal -0.0527417 0.035257 -0.997986
    outer loop
      vertex 42.5551 -0.320475 4.71171
      vertex 43.5168 -1.16388 4.63109
      vertex 42.5085 -0.390185 4.71171
    endloop
  endfacet
  facet normal -0.0123815 -0.0622218 -0.997986
    outer loop
      vertex 42.4948 1.84674 4.63109
      vertex 42.1659 0.61911 4.71171
      vertex 42.0837 0.635467 4.71171
    endloop
  endfacet
  facet normal -0.0600777 -0.0203967 -0.997985
    outer loop
      vertex 43.7663 0.731647 4.63109
      vertex 43.8467 0.494832 4.63109
      vertex 42.5922 0.24528 4.71171
    endloop
  endfacet
  facet normal 0.0251169 -0.0509515 -0.998385
    outer loop
      vertex -43.9852 13.2471 3.18442
      vertex -44.042 13.2191 3.18442
      vertex -44.5218 14.0503 3.12993
    endloop
  endfacet
  facet normal 0.0315298 -0.0472498 -0.998385
    outer loop
      vertex -44.042 13.2191 3.18442
      vertex -44.0946 13.184 3.18442
      vertex -44.5218 14.0503 3.12993
    endloop
  endfacet
  facet normal 0.0779462 -0.158045 -0.984351
    outer loop
      vertex -44.7103 14.9976 3.02189
      vertex -44.9893 14.86 3.02189
      vertex -45.0525 15.8238 2.86214
    endloop
  endfacet
  facet normal 0.0115255 -0.175846 -0.98435
    outer loop
      vertex -43.8 16.0729 2.86214
      vertex -44.1105 15.1583 3.02189
      vertex -44.2272 16.0449 2.86214
    endloop
  endfacet
  facet normal 0.0978982 -0.146518 -0.984352
    outer loop
      vertex -45.4365 15.6344 2.86214
      vertex -45.248 14.6871 3.02189
      vertex -45.7924 15.3966 2.86214
    endloop
  endfacet
  facet normal 0.116187 -0.132485 -0.984352
    outer loop
      vertex -45.7924 15.3966 2.86214
      vertex -45.248 14.6871 3.02189
      vertex -46.1143 15.1143 2.86214
    endloop
  endfacet
  facet normal 0.220412 -0.329881 -0.917931
    outer loop
      vertex -46.5818 17.6182 2.10414
      vertex -46.2396 17.0255 2.39931
      vertex -47.1869 17.2139 2.10414
    endloop
  endfacet
  facet normal 0.174887 -0.261687 -0.949176
    outer loop
      vertex -46.2396 17.0255 2.39931
      vertex -45.8556 16.3604 2.65343
      vertex -46.3027 16.0616 2.65343
    endloop
  endfacet
  facet normal 0.298064 -0.101147 -0.949172
    outer loop
      vertex -48.3078 14.6672 2.39931
      vertex -47.5983 14.3733 2.65343
      vertex -48.5129 14.0628 2.39931
    endloop
  endfacet
  facet normal 0.261703 -0.174859 -0.949176
    outer loop
      vertex -47.0616 15.3028 2.65343
      vertex -47.3604 14.8556 2.65343
      vertex -48.0255 15.2396 2.39931
    endloop
  endfacet
  facet normal 0.236675 -0.207528 -0.949167
    outer loop
      vertex -47.2501 16.2501 2.39931
      vertex -46.7071 15.7071 2.65343
      vertex -47.6709 15.7702 2.39931
    endloop
  endfacet
  facet normal 0.298277 -0.261544 -0.917946
    outer loop
      vertex -47.2501 16.2501 2.39931
      vertex -47.6709 15.7702 2.39931
      vertex -48.2139 16.1869 2.10414
    endloop
  endfacet
  facet normal 0.323582 -0.369037 -0.871267
    outer loop
      vertex -47.7341 16.7341 2.10414
      vertex -47.49 17.194 2
      vertex -47.1869 17.2139 2.10414
    endloop
  endfacet
  facet normal 0.323585 -0.369038 -0.871266
    outer loop
      vertex -47.49 17.194 2
      vertex -47.7341 16.7341 2.10414
      vertex -47.8651 16.8651 2
    endloop
  endfacet
  facet normal 0.369038 -0.323585 -0.871266
    outer loop
      vertex -47.7341 16.7341 2.10414
      vertex -48.194 16.49 2
      vertex -47.8651 16.8651 2
    endloop
  endfacet
  facet normal 0.369037 -0.323582 -0.871267
    outer loop
      vertex -48.194 16.49 2
      vertex -47.7341 16.7341 2.10414
      vertex -48.2139 16.1869 2.10414
    endloop
  endfacet
  facet normal 0.127519 -0.375689 -0.917931
    outer loop
      vertex -45.24 18.174 2.10414
      vertex -45.6672 17.3078 2.39931
      vertex -45.9291 17.9401 2.10414
    endloop
  endfacet
  facet normal 0.23744 -0.047218 -0.970254
    outer loop
      vertex -47.7711 13.8641 2.65343
      vertex -46.9614 13.6471 2.86214
      vertex -47.876 13.3366 2.65343
    endloop
  endfacet
  facet normal 0.308715 -0.0613919 -0.949171
    outer loop
      vertex -47.7711 13.8641 2.65343
      vertex -47.876 13.3366 2.65343
      vertex -48.5129 14.0628 2.39931
    endloop
  endfacet
  facet normal 0.229234 -0.0778062 -0.970257
    outer loop
      vertex -46.8238 14.0525 2.86214
      vertex -46.9614 13.6471 2.86214
      vertex -47.5983 14.3733 2.65343
    endloop
  endfacet
  facet normal 0.217107 -0.107084 -0.970256
    outer loop
      vertex -46.6344 14.4365 2.86214
      vertex -46.8238 14.0525 2.86214
      vertex -47.5983 14.3733 2.65343
    endloop
  endfacet
  facet normal 0.158045 -0.0779462 -0.984351
    outer loop
      vertex -45.86 13.9893 3.02189
      vertex -45.9976 13.7103 3.02189
      vertex -46.8238 14.0525 2.86214
    endloop
  endfacet
  facet normal 0.132531 -0.116163 -0.984348
    outer loop
      vertex -45.482 14.482 3.02189
      vertex -45.6871 14.248 3.02189
      vertex -46.1143 15.1143 2.86214
    endloop
  endfacet
  facet normal 0.0557182 -0.0110714 -0.998385
    outer loop
      vertex -45.1945 13.1736 3.12993
      vertex -44.2798 12.8632 3.18442
      vertex -45.2313 12.9884 3.12993
    endloop
  endfacet
  facet normal 0.166876 -0.0566256 -0.984351
    outer loop
      vertex -45.9976 13.7103 3.02189
      vertex -46.0976 13.4156 3.02189
      vertex -46.8238 14.0525 2.86214
    endloop
  endfacet
  facet normal 0.261538 0.298278 -0.917948
    outer loop
      vertex -47.2501 -16.2501 2.39931
      vertex -47.1869 -17.2139 2.10414
      vertex -47.7341 -16.7341 2.10414
    endloop
  endfacet
  facet normal 0.217108 0.107091 -0.970256
    outer loop
      vertex -46.6344 -14.4365 2.86214
      vertex -47.3604 -14.8556 2.65343
      vertex -47.5983 -14.3733 2.65343
    endloop
  endfacet
  facet normal -0.0203903 -0.0600761 -0.997986
    outer loop
      vertex 42.4948 1.84674 4.63109
      vertex 42.2453 0.592161 4.71171
      vertex 42.1659 0.61911 4.71171
    endloop
  endfacet
  facet normal -0.0527417 -0.035257 -0.997986
    outer loop
      vertex 43.5168 1.16388 4.63109
      vertex 42.5551 0.320475 4.71171
      vertex 42.5085 0.390185 4.71171
    endloop
  endfacet
  facet normal -0.201893 -0.177042 -0.963273
    outer loop
      vertex 46.3195 3.31446 3.92605
      vertex 45.4387 2.63863 4.23487
      vertex 45.0649 3.0649 4.23487
    endloop
  endfacet
  facet normal -0.223267 -0.149186 -0.963273
    outer loop
      vertex 46.3195 3.31446 3.92605
      vertex 45.7537 2.16721 4.23487
      vertex 45.4387 2.63863 4.23487
    endloop
  endfacet
  facet normal -0.629188 -0.125156 -0.76711
    outer loop
      vertex 50.4899 2.27485 2.08841
      vertex 50.7142 1.14724 2.08841
      vertex 50.0787 1.06358 2.6233
    endloop
  endfacet
  facet normal -0.640141 -0.0419603 -0.767111
    outer loop
      vertex 50.7142 1.14724 2.08841
      vertex 50.7894 0 2.08841
      vertex 50.0787 1.06358 2.6233
    endloop
  endfacet
  facet normal -0.522359 0.103889 -0.846373
    outer loop
      vertex 49.305 -0.96172 3.11331
      vertex 50.0787 -1.06358 2.6233
      vertex 49.117 -1.90699 3.11331
    endloop
  endfacet
  facet normal -0.522355 0.103883 -0.846376
    outer loop
      vertex 50.0787 -1.06358 2.6233
      vertex 49.8708 -2.10896 2.6233
      vertex 49.117 -1.90699 3.11331
    endloop
  endfacet
  facet normal -0.71872 0.244161 -0.65102
    outer loop
      vertex 50.5633 -2.29452 2
      vertex 50.5028 -2.47261 2
      vertex 50.4899 -2.27485 2.08841
    endloop
  endfacet
  facet normal -0.400419 0.351177 -0.846369
    outer loop
      vertex 47.8455 -4.48537 3.11331
      vertex 48.4646 -4.96043 2.6233
      vertex 47.21 -5.20998 3.11331
    endloop
  endfacet
  facet normal -0.421567 0.63106 -0.651187
    outer loop
      vertex 47.3506 -6.97306 2.08841
      vertex 47.3969 -7.03336 2
      vertex 47.2405 -7.13784 2
    endloop
  endfacet
  facet normal -0.411721 0.139762 -0.900529
    outer loop
      vertex 49.117 -1.90699 3.11331
      vertex 48.8072 -2.81962 3.11331
      vertex 47.9697 -2.47274 3.55005
    endloop
  endfacet
  facet normal -0.389963 0.192294 -0.900529
    outer loop
      vertex 47.9697 -2.47274 3.55005
      vertex 48.8072 -2.81962 3.11331
      vertex 47.5959 -3.23079 3.55005
    endloop
  endfacet
  facet normal -0.286703 0.326888 -0.900525
    outer loop
      vertex 46.569 -4.56903 3.55005
      vertex 47.21 -5.20998 3.11331
      vertex 45.9336 -5.12632 3.55005
    endloop
  endfacet
  facet normal -0.286699 0.326911 -0.900518
    outer loop
      vertex 47.21 -5.20998 3.11331
      vertex 46.4854 -5.84545 3.11331
      vertex 45.9336 -5.12632 3.55005
    endloop
  endfacet
  facet normal -0.631235 0.421442 -0.651098
    outer loop
      vertex 49.1378 -5.24052 2
      vertex 49.0334 -5.39689 2
      vertex 48.9731 -5.35062 2.08841
    endloop
  endfacet
  facet normal -0.631143 0.421731 -0.651001
    outer loop
      vertex 49.1378 -5.24052 2
      vertex 49.6118 -4.39468 2.08841
      vertex 49.6776 -4.43268 2
    endloop
  endfacet
  facet normal -0.631311 0.421803 -0.650791
    outer loop
      vertex 49.6118 -4.39468 2.08841
      vertex 49.1378 -5.24052 2
      vertex 48.9731 -5.35062 2.08841
    endloop
  endfacet
  facet normal -0.192304 0.389978 -0.90052
    outer loop
      vertex 45.2308 -5.5959 3.55005
      vertex 44.8196 -6.80717 3.11331
      vertex 44.4727 -5.96973 3.55005
    endloop
  endfacet
  facet normal -0.235557 0.477667 -0.846373
    outer loop
      vertex 45.684 -6.3809 3.11331
      vertex 46.0742 -7.05672 2.6233
      vertex 44.8196 -6.80717 3.11331
    endloop
  endfacet
  facet normal 0.0774038 0.38909 -0.917942
    outer loop
      vertex -44.4369 -17.6374 2.39931
      vertex -44.5262 -18.316 2.10414
      vertex -45.24 -18.174 2.10414
    endloop
  endfacet
  facet normal 0.0957154 0.481331 -0.871297
    outer loop
      vertex -45.0397 -18.4024 2
      vertex -44.5262 -18.316 2.10414
      vertex -44.5504 -18.4997 2
    endloop
  endfacet
  facet normal 0.0957376 0.48125 -0.87134
    outer loop
      vertex -44.5262 -18.316 2.10414
      vertex -45.0397 -18.4024 2
      vertex -45.24 -18.174 2.10414
    endloop
  endfacet
  facet normal 0.157626 0.464735 -0.871307
    outer loop
      vertex -45.24 -18.174 2.10414
      vertex -45.2879 -18.353 2
      vertex -45.5276 -18.2717 2
    endloop
  endfacet
  facet normal -0.0174943 0.241358 -0.970278
    outer loop
      vertex 42.5658 -4.29735 4.23487
      vertex -43.2634 -16.876 2.65343
      vertex -43.3728 -16.0449 2.86214
    endloop
  endfacet
  facet normal -0.0214483 0.267464 -0.963329
    outer loop
      vertex 42.5658 -4.29735 4.23487
      vertex 42.7107 -5.39801 3.92605
      vertex -43.2634 -16.876 2.65343
    endloop
  endfacet
  facet normal 0.282272 0.139234 -0.949177
    outer loop
      vertex -47.5983 -14.3733 2.65343
      vertex -47.3604 -14.8556 2.65343
      vertex -48.0255 -15.2396 2.39931
    endloop
  endfacet
  facet normal 0.368956 0.323587 -0.8713
    outer loop
      vertex -48.2139 -16.1869 2.10414
      vertex -48.194 -16.49 2
      vertex -48.3609 -16.2997 2
    endloop
  endfacet
  facet normal 0.314076 0.0206028 -0.949174
    outer loop
      vertex -47.9112 -12.8 2.65343
      vertex -47.876 -13.3366 2.65343
      vertex -48.6374 -13.4369 2.39931
    endloop
  endfacet
  facet normal 0.389099 0.077397 -0.917939
    outer loop
      vertex -48.6374 -13.4369 2.39931
      vertex -48.5129 -14.0628 2.39931
      vertex -49.174 -14.24 2.10414
    endloop
  endfacet
  facet normal 0.201288 0.134494 -0.970255
    outer loop
      vertex -46.6344 -14.4365 2.86214
      vertex -46.3966 -14.7924 2.86214
      vertex -47.0616 -15.3028 2.65343
    endloop
  endfacet
  facet normal 0.146518 0.0978982 -0.984352
    outer loop
      vertex -45.6871 -14.248 3.02189
      vertex -46.3966 -14.7924 2.86214
      vertex -46.6344 -14.4365 2.86214
    endloop
  endfacet
  facet normal 0.172829 0.0343846 -0.984351
    outer loop
      vertex -46.1583 -13.1105 3.02189
      vertex -46.0976 -13.4156 3.02189
      vertex -46.9614 -13.6471 2.86214
    endloop
  endfacet
  facet normal 0.112823 0.0224463 -0.993361
    outer loop
      vertex -45.1945 -13.1736 3.12993
      vertex -46.0976 -13.4156 3.02189
      vertex -46.1583 -13.1105 3.02189
    endloop
  endfacet
  facet normal 0.0774038 -0.38909 -0.917942
    outer loop
      vertex -44.5262 18.316 2.10414
      vertex -44.4369 17.6374 2.39931
      vertex -45.24 18.174 2.10414
    endloop
  endfacet
  facet normal 0.408021 -0.272621 -0.871319
    outer loop
      vertex -48.6182 15.5818 2.10414
      vertex -48.5015 16.0893 2
      vertex -48.2139 16.1869 2.10414
    endloop
  endfacet
  facet normal 0.407931 -0.27261 -0.871364
    outer loop
      vertex -48.5015 16.0893 2
      vertex -48.6182 15.5818 2.10414
      vertex -48.7787 15.6745 2
    endloop
  endfacet
  facet normal 0.440035 -0.217018 -0.871362
    outer loop
      vertex -48.9994 15.227 2
      vertex -48.6182 15.5818 2.10414
      vertex -48.9401 14.9291 2.10414
    endloop
  endfacet
  facet normal 0.440037 -0.217019 -0.871361
    outer loop
      vertex -48.6182 15.5818 2.10414
      vertex -48.9994 15.227 2
      vertex -48.7787 15.6745 2
    endloop
  endfacet
  facet normal 0.0115538 0.175855 -0.984348
    outer loop
      vertex -43.8 -15.1787 3.02189
      vertex -43.8 -16.0729 2.86214
      vertex -44.1105 -15.1583 3.02189
    endloop
  endfacet
  facet normal 0.00754117 0.114781 -0.993362
    outer loop
      vertex -43.9884 -14.2313 3.12993
      vertex -43.8 -15.1787 3.02189
      vertex -44.1105 -15.1583 3.02189
    endloop
  endfacet
  facet normal 0.116163 0.132531 -0.984348
    outer loop
      vertex -45.482 -14.482 3.02189
      vertex -45.248 -14.6871 3.02189
      vertex -46.1143 -15.1143 2.86214
    endloop
  endfacet
  facet normal 0.282292 0.139223 -0.949172
    outer loop
      vertex -47.5983 -14.3733 2.65343
      vertex -48.0255 -15.2396 2.39931
      vertex -48.3078 -14.6672 2.39931
    endloop
  endfacet
  facet normal 0.0343846 0.172829 -0.984351
    outer loop
      vertex -44.4156 -15.0976 3.02189
      vertex -44.1105 -15.1583 3.02189
      vertex -44.6471 -15.9614 2.86214
    endloop
  endfacet
  facet normal 0.182006 0.159616 -0.970256
    outer loop
      vertex -46.3966 -14.7924 2.86214
      vertex -46.1143 -15.1143 2.86214
      vertex -47.0616 -15.3028 2.65343
    endloop
  endfacet
  facet normal 0.0509515 0.0251169 -0.998385
    outer loop
      vertex -44.2471 -12.9852 3.18442
      vertex -44.2191 -13.042 3.18442
      vertex -45.0503 -13.5218 3.12993
    endloop
  endfacet
  facet normal 0.0472498 0.0315298 -0.998385
    outer loop
      vertex -44.2191 -13.042 3.18442
      vertex -44.184 -13.0946 3.18442
      vertex -45.0503 -13.5218 3.12993
    endloop
  endfacet
  facet normal 0.0864913 0.0758321 -0.993362
    outer loop
      vertex -44.9453 -13.6788 3.12993
      vertex -44.8208 -13.8208 3.12993
      vertex -45.6871 -14.248 3.02189
    endloop
  endfacet
  facet normal 0.0427184 0.0374538 -0.998385
    outer loop
      vertex -44.184 -13.0946 3.18442
      vertex -44.8208 -13.8208 3.12993
      vertex -44.9453 -13.6788 3.12993
    endloop
  endfacet
  facet normal 0.0374835 0.0426845 -0.998385
    outer loop
      vertex -44.1422 -13.1422 3.18442
      vertex -44.0946 -13.184 3.18442
      vertex -44.8208 -13.8208 3.12993
    endloop
  endfacet
  facet normal 0.0152487 0.0173585 -0.999733
    outer loop
      vertex 26.6208 -2.66349 4.44567
      vertex 41.5468 -0.45322 4.71171
      vertex 26.6145 -2.67293 4.44541
    endloop
  endfacet
  facet normal 0.0151824 0.0178011 -0.999726
    outer loop
      vertex -44.0946 -13.184 3.18442
      vertex 20.3037 -3.59893 4.33308
      vertex 20.3186 -3.60883 4.33313
    endloop
  endfacet
  facet normal 0.0152477 0.0173634 -0.999733
    outer loop
      vertex 20.3037 -3.59893 4.33308
      vertex -44.0946 -13.184 3.18442
      vertex -44.1422 -13.1422 3.18442
    endloop
  endfacet
  facet normal -0.0418437 -0.0476873 -0.997985
    outer loop
      vertex 43.1639 1.5168 4.63109
      vertex 42.4532 0.45322 4.71171
      vertex 42.3902 0.5085 4.71171
    endloop
  endfacet
  facet normal -0.185697 0.0630601 -0.980581
    outer loop
      vertex 45.0428 -0.815308 4.47123
      vertex 46.0045 -1.65871 4.23487
      vertex 44.9103 -1.20549 4.47123
    endloop
  endfacet
  facet normal -0.0569036 0.0280592 -0.997985
    outer loop
      vertex 43.7663 -0.731647 4.63109
      vertex 43.6557 -0.955942 4.63109
      vertex 42.5922 -0.24528 4.71171
    endloop
  endfacet
  facet normal 0.0173798 0.00301761 -0.999844
    outer loop
      vertex -44.2675 -12.9253 3.18442
      vertex 19.9937 -3.33606 4.33038
      vertex 20.0093 -3.3497 4.33061
    endloop
  endfacet
  facet normal 0.0173182 0.00343018 -0.999844
    outer loop
      vertex 19.9937 -3.33606 4.33038
      vertex -44.2675 -12.9253 3.18442
      vertex -44.2798 -12.8632 3.18442
    endloop
  endfacet
  facet normal 0.0173404 0.00328197 -0.999844
    outer loop
      vertex 26.8506 -2.31969 4.45264
      vertex 41.3809 -0.16589 4.71171
      vertex 26.8425 -2.33173 4.45246
    endloop
  endfacet
  facet normal 0.0557295 0.0110382 -0.998385
    outer loop
      vertex -44.2798 -12.8632 3.18442
      vertex -44.2675 -12.9253 3.18442
      vertex -45.1945 -13.1736 3.12993
    endloop
  endfacet
  facet normal 0.114786 0.00750452 -0.993362
    outer loop
      vertex -45.2313 -12.9884 3.12993
      vertex -46.1583 -13.1105 3.02189
      vertex -46.1786 -12.8 3.02189
    endloop
  endfacet
  facet normal 0.112822 0.0224181 -0.993362
    outer loop
      vertex -45.2313 -12.9884 3.12993
      vertex -45.1945 -13.1736 3.12993
      vertex -46.1583 -13.1105 3.02189
    endloop
  endfacet
  facet normal -0.125155 0.629207 -0.767095
    outer loop
      vertex 44.109 -7.87075 2.6233
      vertex 44.2749 -8.48986 2.08841
      vertex 43.0636 -8.07869 2.6233
    endloop
  endfacet
  facet normal -0.206213 0.607487 -0.767096
    outer loop
      vertex 45.1183 -7.52814 2.6233
      vertex 44.2749 -8.48986 2.08841
      vertex 44.109 -7.87075 2.6233
    endloop
  endfacet
  facet normal -0.0964822 0.0845854 -0.991734
    outer loop
      vertex 44.4991 -1.91766 4.47123
      vertex 44.2275 -2.22746 4.47123
      vertex 43.3519 -1.35191 4.63109
    endloop
  endfacet
  facet normal -0.108962 0.163072 -0.980579
    outer loop
      vertex 43.9177 -2.49915 4.47123
      vertex 44.6386 -3.43873 4.23487
      vertex 43.5751 -2.72807 4.47123
    endloop
  endfacet
  facet normal -0.163047 0.10898 -0.980581
    outer loop
      vertex 44.7281 -1.57505 4.47123
      vertex 45.4387 -2.63863 4.23487
      vertex 44.4991 -1.91766 4.47123
    endloop
  endfacet
  facet normal -0.0476911 0.041839 -0.997985
    outer loop
      vertex 42.5085 -0.390185 4.71171
      vertex 43.5168 -1.16388 4.63109
      vertex 42.4532 -0.45322 4.71171
    endloop
  endfacet
  facet normal -0.125839 0.0250363 -0.991735
    outer loop
      vertex 43.8955 -0.249551 4.63109
      vertex 45.1232 -0.411171 4.47123
      vertex 43.8467 -0.494832 4.63109
    endloop
  endfacet
  facet normal -0.0600853 -0.0203589 -0.997986
    outer loop
      vertex 43.8467 0.494832 4.63109
      vertex 42.6191 0.16589 4.71171
      vertex 42.5922 0.24528 4.71171
    endloop
  endfacet
  facet normal -0.0214483 -0.267464 -0.963329
    outer loop
      vertex 42.7107 5.39801 3.92605
      vertex 42.5658 4.29735 4.23487
      vertex -43.2634 16.876 2.65343
    endloop
  endfacet
  facet normal 0.0613919 -0.308715 -0.949171
    outer loop
      vertex -44.3366 16.876 2.65343
      vertex -44.8641 16.7711 2.65343
      vertex -45.0628 17.5129 2.39931
    endloop
  endfacet
  facet normal 0.0779522 -0.158045 -0.98435
    outer loop
      vertex -45.0525 15.8238 2.86214
      vertex -44.9893 14.86 3.02189
      vertex -45.4365 15.6344 2.86214
    endloop
  endfacet
  facet normal 0.107084 -0.217107 -0.970256
    outer loop
      vertex -45.3733 16.5983 2.65343
      vertex -45.0525 15.8238 2.86214
      vertex -45.4365 15.6344 2.86214
    endloop
  endfacet
  facet normal 0.0369641 -0.108933 -0.993362
    outer loop
      vertex -44.4156 15.0976 3.02189
      vertex -44.1736 14.1945 3.12993
      vertex -44.7103 14.9976 3.02189
    endloop
  endfacet
  facet normal 0.0224463 -0.112823 -0.993361
    outer loop
      vertex -44.1105 15.1583 3.02189
      vertex -44.1736 14.1945 3.12993
      vertex -44.4156 15.0976 3.02189
    endloop
  endfacet
  facet normal 0.261544 -0.298277 -0.917946
    outer loop
      vertex -47.1869 17.2139 2.10414
      vertex -46.7702 16.6709 2.39931
      vertex -47.2501 16.2501 2.39931
    endloop
  endfacet
  facet normal 0.139234 -0.282272 -0.949177
    outer loop
      vertex -45.3733 16.5983 2.65343
      vertex -45.8556 16.3604 2.65343
      vertex -46.2396 17.0255 2.39931
    endloop
  endfacet
  facet normal 0.368956 -0.323587 -0.8713
    outer loop
      vertex -48.194 16.49 2
      vertex -48.2139 16.1869 2.10414
      vertex -48.3609 16.2997 2
    endloop
  endfacet
  facet normal 0.157696 -0.464594 -0.871369
    outer loop
      vertex -45.9291 17.9401 2.10414
      vertex -45.5276 18.2717 2
      vertex -45.24 18.174 2.10414
    endloop
  endfacet
  facet normal 0.157777 -0.464674 -0.871312
    outer loop
      vertex -45.5276 18.2717 2
      vertex -45.9291 17.9401 2.10414
      vertex -46 18.1113 2
    endloop
  endfacet
  facet normal 0.272667 -0.40803 -0.8713
    outer loop
      vertex -47.0893 17.5015 2
      vertex -47.1869 17.2139 2.10414
      vertex -47.2997 17.3609 2
    endloop
  endfacet
  facet normal 0.282272 -0.139234 -0.949177
    outer loop
      vertex -47.3604 14.8556 2.65343
      vertex -47.5983 14.3733 2.65343
      vertex -48.0255 15.2396 2.39931
    endloop
  endfacet
  facet normal 0.217108 -0.107091 -0.970256
    outer loop
      vertex -47.3604 14.8556 2.65343
      vertex -46.6344 14.4365 2.86214
      vertex -47.5983 14.3733 2.65343
    endloop
  endfacet
  facet normal 0.355821 -0.175486 -0.91793
    outer loop
      vertex -48.0255 15.2396 2.39931
      vertex -48.3078 14.6672 2.39931
      vertex -48.9401 14.9291 2.10414
    endloop
  endfacet
  facet normal 0.282292 -0.139223 -0.949172
    outer loop
      vertex -48.0255 15.2396 2.39931
      vertex -47.5983 14.3733 2.65343
      vertex -48.3078 14.6672 2.39931
    endloop
  endfacet
  facet normal 0.0758321 -0.0864913 -0.993362
    outer loop
      vertex -44.6788 13.9453 3.12993
      vertex -44.8208 13.8208 3.12993
      vertex -45.248 14.6871 3.02189
    endloop
  endfacet
  facet normal 0.116163 -0.132531 -0.984348
    outer loop
      vertex -45.248 14.6871 3.02189
      vertex -45.482 14.482 3.02189
      vertex -46.1143 15.1143 2.86214
    endloop
  endfacet
  facet normal 0.182006 -0.159616 -0.970256
    outer loop
      vertex -46.1143 15.1143 2.86214
      vertex -46.3966 14.7924 2.86214
      vertex -47.0616 15.3028 2.65343
    endloop
  endfacet
  facet normal 0.201288 -0.134494 -0.970255
    outer loop
      vertex -46.3966 14.7924 2.86214
      vertex -46.6344 14.4365 2.86214
      vertex -47.0616 15.3028 2.65343
    endloop
  endfacet
  facet normal 0.0956344 -0.0639165 -0.993362
    outer loop
      vertex -45.6871 14.248 3.02189
      vertex -44.9453 13.6788 3.12993
      vertex -45.86 13.9893 3.02189
    endloop
  endfacet
  facet normal 0.146513 -0.0979208 -0.98435
    outer loop
      vertex -45.6871 14.248 3.02189
      vertex -45.86 13.9893 3.02189
      vertex -46.6344 14.4365 2.86214
    endloop
  endfacet
  facet normal 0.0427184 -0.0374538 -0.998385
    outer loop
      vertex -44.8208 13.8208 3.12993
      vertex -44.184 13.0946 3.18442
      vertex -44.9453 13.6788 3.12993
    endloop
  endfacet
  facet normal 0.0864913 -0.0758321 -0.993362
    outer loop
      vertex -44.8208 13.8208 3.12993
      vertex -44.9453 13.6788 3.12993
      vertex -45.6871 14.248 3.02189
    endloop
  endfacet
  facet normal 0.108935 -0.0369612 -0.993361
    outer loop
      vertex -45.1338 13.3525 3.12993
      vertex -45.1945 13.1736 3.12993
      vertex -45.9976 13.7103 3.02189
    endloop
  endfacet
  facet normal 0.108933 -0.0369641 -0.993362
    outer loop
      vertex -45.9976 13.7103 3.02189
      vertex -45.1945 13.1736 3.12993
      vertex -46.0976 13.4156 3.02189
    endloop
  endfacet
  facet normal 0.323582 0.369037 -0.871267
    outer loop
      vertex -47.49 -17.194 2
      vertex -47.7341 -16.7341 2.10414
      vertex -47.1869 -17.2139 2.10414
    endloop
  endfacet
  facet normal 0.323585 0.369038 -0.871266
    outer loop
      vertex -47.7341 -16.7341 2.10414
      vertex -47.49 -17.194 2
      vertex -47.8651 -16.8651 2
    endloop
  endfacet
  facet normal 0.261704 0.174897 -0.949169
    outer loop
      vertex -47.0616 -15.3028 2.65343
      vertex -47.6709 -15.7702 2.39931
      vertex -48.0255 -15.2396 2.39931
    endloop
  endfacet
  facet normal 0.261544 0.298277 -0.917946
    outer loop
      vertex -46.7702 -16.6709 2.39931
      vertex -47.1869 -17.2139 2.10414
      vertex -47.2501 -16.2501 2.39931
    endloop
  endfacet
  facet normal 0.298278 0.261538 -0.917948
    outer loop
      vertex -47.2501 -16.2501 2.39931
      vertex -47.7341 -16.7341 2.10414
      vertex -48.2139 -16.1869 2.10414
    endloop
  endfacet
  facet normal -0.718918 0.244066 -0.650837
    outer loop
      vertex 50.5028 -2.47261 2
      vertex 50.1203 -3.36354 2.08841
      vertex 50.4899 -2.27485 2.08841
    endloop
  endfacet
  facet normal -0.718795 0.243997 -0.650999
    outer loop
      vertex 50.1203 -3.36354 2.08841
      vertex 50.5028 -2.47261 2
      vertex 50.1905 -3.39262 2
    endloop
  endfacet
  facet normal -0.60746 0.206227 -0.767113
    outer loop
      vertex 50.4899 -2.27485 2.08841
      vertex 50.1203 -3.36354 2.08841
      vertex 49.5281 -3.11826 2.6233
    endloop
  endfacet
  facet normal -0.680764 0.335801 -0.650998
    outer loop
      vertex 50.1203 -3.36354 2.08841
      vertex 50.1905 -3.39262 2
      vertex 50.1073 -3.56129 2
    endloop
  endfacet
  facet normal -0.422996 0.482339 -0.767088
    outer loop
      vertex 47.7618 -5.76179 2.6233
      vertex 48.215 -6.21501 2.08841
      vertex 47.3506 -6.97306 2.08841
    endloop
  endfacet
  facet normal -0.500332 0.57054 -0.651269
    outer loop
      vertex 48.215 -6.21501 2.08841
      vertex 48.2688 -6.26875 2
      vertex 48.1274 -6.39275 2
    endloop
  endfacet
  facet normal -0.361534 0.241578 -0.900518
    outer loop
      vertex 47.5959 -3.23079 3.55005
      vertex 48.3809 -3.68401 3.11331
      vertex 47.1263 -3.93357 3.55005
    endloop
  endfacet
  facet normal -0.288881 0.193031 -0.937703
    outer loop
      vertex 47.5959 -3.23079 3.55005
      vertex 47.1263 -3.93357 3.55005
      vertex 46.3195 -3.31446 3.92605
    endloop
  endfacet
  facet normal -0.477669 0.235577 -0.846367
    outer loop
      vertex 48.8072 -2.81962 3.11331
      vertex 49.0567 -4.0742 2.6233
      vertex 48.3809 -3.68401 3.11331
    endloop
  endfacet
  facet normal -0.442853 0.295877 -0.846367
    outer loop
      vertex 48.3809 -3.68401 3.11331
      vertex 49.0567 -4.0742 2.6233
      vertex 47.8455 -4.48537 3.11331
    endloop
  endfacet
  facet normal -0.241564 0.361544 -0.900518
    outer loop
      vertex 45.9336 -5.12632 3.55005
      vertex 46.4854 -5.84545 3.11331
      vertex 45.684 -6.3809 3.11331
    endloop
  endfacet
  facet normal -0.241568 0.361545 -0.900516
    outer loop
      vertex 45.9336 -5.12632 3.55005
      vertex 45.684 -6.3809 3.11331
      vertex 45.2308 -5.5959 3.55005
    endloop
  endfacet
  facet normal -0.0158333 0.241571 -0.970254
    outer loop
      vertex -43.3728 -16.0449 2.86214
      vertex -43.2634 -16.876 2.65343
      vertex -43.8 -16.0729 2.86214
    endloop
  endfacet
  facet normal -0.0158461 0.241563 -0.970256
    outer loop
      vertex -43.8 -16.0729 2.86214
      vertex -43.2634 -16.876 2.65343
      vertex -43.8 -16.9112 2.65343
    endloop
  endfacet
  facet normal 0.395888 0.0259823 -0.917931
    outer loop
      vertex -48.6792 -12.8 2.39931
      vertex -48.6374 -13.4369 2.39931
      vertex -49.3636 -12.8 2.10414
    endloop
  endfacet
  facet normal 0.395862 0.0259475 -0.917943
    outer loop
      vertex -48.6374 -13.4369 2.39931
      vertex -49.316 -13.5262 2.10414
      vertex -49.3636 -12.8 2.10414
    endloop
  endfacet
  facet normal 0.48125 0.0957376 -0.87134
    outer loop
      vertex -49.4024 -14.0397 2
      vertex -49.316 -13.5262 2.10414
      vertex -49.174 -14.24 2.10414
    endloop
  endfacet
  facet normal 0.481331 0.0957154 -0.871297
    outer loop
      vertex -49.316 -13.5262 2.10414
      vertex -49.4024 -14.0397 2
      vertex -49.4997 -13.5504 2
    endloop
  endfacet
  facet normal 0.375689 0.127519 -0.917931
    outer loop
      vertex -48.3078 -14.6672 2.39931
      vertex -48.9401 -14.9291 2.10414
      vertex -49.174 -14.24 2.10414
    endloop
  endfacet
  facet normal 0.355821 0.175486 -0.91793
    outer loop
      vertex -48.3078 -14.6672 2.39931
      vertex -48.0255 -15.2396 2.39931
      vertex -48.9401 -14.9291 2.10414
    endloop
  endfacet
  facet normal 0.23744 0.047218 -0.970254
    outer loop
      vertex -46.9614 -13.6471 2.86214
      vertex -47.7711 -13.8641 2.65343
      vertex -47.876 -13.3366 2.65343
    endloop
  endfacet
  facet normal 0.298064 0.101147 -0.949172
    outer loop
      vertex -47.5983 -14.3733 2.65343
      vertex -48.3078 -14.6672 2.39931
      vertex -48.5129 -14.0628 2.39931
    endloop
  endfacet
  facet normal 0.166866 0.0566372 -0.984352
    outer loop
      vertex -46.0976 -13.4156 3.02189
      vertex -46.8238 -14.0525 2.86214
      vertex -46.9614 -13.6471 2.86214
    endloop
  endfacet
  facet normal 0.229234 0.0778062 -0.970257
    outer loop
      vertex -46.9614 -13.6471 2.86214
      vertex -46.8238 -14.0525 2.86214
      vertex -47.5983 -14.3733 2.65343
    endloop
  endfacet
  facet normal 0.0259823 -0.395888 -0.917931
    outer loop
      vertex -43.8 18.3636 2.10414
      vertex -43.8 17.6792 2.39931
      vertex -44.4369 17.6374 2.39931
    endloop
  endfacet
  facet normal -0.0259475 -0.395862 -0.917943
    outer loop
      vertex -43.0738 18.316 2.10414
      vertex -43.1631 17.6374 2.39931
      vertex -43.8 18.3636 2.10414
    endloop
  endfacet
  facet normal 0.047218 0.23744 -0.970254
    outer loop
      vertex -44.6471 -15.9614 2.86214
      vertex -44.3366 -16.876 2.65343
      vertex -44.8641 -16.7711 2.65343
    endloop
  endfacet
  facet normal 0.10115 0.298065 -0.949171
    outer loop
      vertex -44.8641 -16.7711 2.65343
      vertex -45.0628 -17.5129 2.39931
      vertex -45.3733 -16.5983 2.65343
    endloop
  endfacet
  facet normal 0.0374538 0.0427184 -0.998385
    outer loop
      vertex -44.0946 -13.184 3.18442
      vertex -44.6788 -13.9453 3.12993
      vertex -44.8208 -13.8208 3.12993
    endloop
  endfacet
  facet normal 0.0758321 0.0864913 -0.993362
    outer loop
      vertex -44.8208 -13.8208 3.12993
      vertex -44.6788 -13.9453 3.12993
      vertex -45.248 -14.6871 3.02189
    endloop
  endfacet
  facet normal 0.116187 0.132485 -0.984352
    outer loop
      vertex -45.248 -14.6871 3.02189
      vertex -45.7924 -15.3966 2.86214
      vertex -46.1143 -15.1143 2.86214
    endloop
  endfacet
  facet normal 0.182012 0.159592 -0.970259
    outer loop
      vertex -46.1143 -15.1143 2.86214
      vertex -46.7071 -15.7071 2.65343
      vertex -47.0616 -15.3028 2.65343
    endloop
  endfacet
  facet normal 0.139234 0.282272 -0.949177
    outer loop
      vertex -45.8556 -16.3604 2.65343
      vertex -45.3733 -16.5983 2.65343
      vertex -46.2396 -17.0255 2.39931
    endloop
  endfacet
  facet normal 0.0158461 0.241563 -0.970256
    outer loop
      vertex -43.8 -16.0729 2.86214
      vertex -43.8 -16.9112 2.65343
      vertex -44.3366 -16.876 2.65343
    endloop
  endfacet
  facet normal 0.0779462 0.158045 -0.984351
    outer loop
      vertex -44.9893 -14.86 3.02189
      vertex -44.7103 -14.9976 3.02189
      vertex -45.0525 -15.8238 2.86214
    endloop
  endfacet
  facet normal 0.0566256 0.166876 -0.984351
    outer loop
      vertex -44.7103 -14.9976 3.02189
      vertex -44.4156 -15.0976 3.02189
      vertex -45.0525 -15.8238 2.86214
    endloop
  endfacet
  facet normal -0.128039 -0.0084145 -0.991733
    outer loop
      vertex 45.1501 0 4.47123
      vertex 43.9119 0 4.63109
      vertex 43.8955 0.249551 4.63109
    endloop
  endfacet
  facet normal -0.0633026 -0.00416012 -0.997986
    outer loop
      vertex 43.8955 0.249551 4.63109
      vertex 43.9119 0 4.63109
      vertex 42.6409 0 4.71171
    endloop
  endfacet
  facet normal -0.00414851 0.0633061 -0.997986
    outer loop
      vertex 42 -0.64095 4.71171
      vertex 42.2495 -1.89553 4.63109
      vertex 42 -1.91188 4.63109
    endloop
  endfacet
  facet normal -0.0476972 0.0418299 -0.997986
    outer loop
      vertex 43.5168 -1.16388 4.63109
      vertex 43.3519 -1.35191 4.63109
      vertex 42.4532 -0.45322 4.71171
    endloop
  endfacet
  facet normal -0.106673 0.0713001 -0.991734
    outer loop
      vertex 44.7281 -1.57505 4.47123
      vertex 44.4991 -1.91766 4.47123
      vertex 43.6557 -0.955942 4.63109
    endloop
  endfacet
  facet normal 0.0343846 -0.172829 -0.984351
    outer loop
      vertex -44.1105 15.1583 3.02189
      vertex -44.4156 15.0976 3.02189
      vertex -44.6471 15.9614 2.86214
    endloop
  endfacet
  facet normal 0.0115538 -0.175855 -0.984348
    outer loop
      vertex -43.8 16.0729 2.86214
      vertex -43.8 15.1787 3.02189
      vertex -44.1105 15.1583 3.02189
    endloop
  endfacet
  facet normal 0.127483 -0.375675 -0.917941
    outer loop
      vertex -45.24 18.174 2.10414
      vertex -45.0628 17.5129 2.39931
      vertex -45.6672 17.3078 2.39931
    endloop
  endfacet
  facet normal 0.101147 -0.298064 -0.949172
    outer loop
      vertex -45.0628 17.5129 2.39931
      vertex -45.3733 16.5983 2.65343
      vertex -45.6672 17.3078 2.39931
    endloop
  endfacet
  facet normal 0.207476 -0.236681 -0.949176
    outer loop
      vertex -46.3027 16.0616 2.65343
      vertex -46.7071 15.7071 2.65343
      vertex -46.7702 16.6709 2.39931
    endloop
  endfacet
  facet normal 0.174885 -0.261687 -0.949176
    outer loop
      vertex -46.2396 17.0255 2.39931
      vertex -46.3027 16.0616 2.65343
      vertex -46.7702 16.6709 2.39931
    endloop
  endfacet
  facet normal 0.134514 -0.201277 -0.970254
    outer loop
      vertex -45.8556 16.3604 2.65343
      vertex -45.4365 15.6344 2.86214
      vertex -46.3027 16.0616 2.65343
    endloop
  endfacet
  facet normal 0.107091 -0.217108 -0.970256
    outer loop
      vertex -45.3733 16.5983 2.65343
      vertex -45.4365 15.6344 2.86214
      vertex -45.8556 16.3604 2.65343
    endloop
  endfacet
  facet normal 0.157626 -0.464735 -0.871307
    outer loop
      vertex -45.2879 18.353 2
      vertex -45.24 18.174 2.10414
      vertex -45.5276 18.2717 2
    endloop
  endfacet
  facet normal 0.0957918 -0.481286 -0.871314
    outer loop
      vertex -45.0397 18.4024 2
      vertex -45.24 18.174 2.10414
      vertex -45.2879 18.353 2
    endloop
  endfacet
  facet normal 0.375689 -0.127519 -0.917931
    outer loop
      vertex -48.9401 14.9291 2.10414
      vertex -48.3078 14.6672 2.39931
      vertex -49.174 14.24 2.10414
    endloop
  endfacet
  facet normal 0.375675 -0.127483 -0.917941
    outer loop
      vertex -48.3078 14.6672 2.39931
      vertex -48.5129 14.0628 2.39931
      vertex -49.174 14.24 2.10414
    endloop
  endfacet
  facet normal 0.0864992 -0.0758162 -0.993363
    outer loop
      vertex -45.482 14.482 3.02189
      vertex -44.8208 13.8208 3.12993
      vertex -45.6871 14.248 3.02189
    endloop
  endfacet
  facet normal 0.0758162 -0.0864992 -0.993363
    outer loop
      vertex -45.248 14.6871 3.02189
      vertex -44.8208 13.8208 3.12993
      vertex -45.482 14.482 3.02189
    endloop
  endfacet
  facet normal 0.0472237 -0.0315827 -0.998385
    outer loop
      vertex -44.9453 13.6788 3.12993
      vertex -44.184 13.0946 3.18442
      vertex -45.0503 13.5218 3.12993
    endloop
  endfacet
  facet normal 0.0956225 -0.0639513 -0.993361
    outer loop
      vertex -44.9453 13.6788 3.12993
      vertex -45.0503 13.5218 3.12993
      vertex -45.86 13.9893 3.02189
    endloop
  endfacet
  facet normal 0.408021 0.272621 -0.871319
    outer loop
      vertex -48.5015 -16.0893 2
      vertex -48.6182 -15.5818 2.10414
      vertex -48.2139 -16.1869 2.10414
    endloop
  endfacet
  facet normal 0.407931 0.27261 -0.871364
    outer loop
      vertex -48.6182 -15.5818 2.10414
      vertex -48.5015 -16.0893 2
      vertex -48.7787 -15.6745 2
    endloop
  endfacet
  facet normal 0.355821 0.175484 -0.917931
    outer loop
      vertex -48.0255 -15.2396 2.39931
      vertex -48.6182 -15.5818 2.10414
      vertex -48.9401 -14.9291 2.10414
    endloop
  endfacet
  facet normal -0.757599 -0.0496561 -0.650829
    outer loop
      vertex 50.7895 1.15716 2
      vertex 50.8018 0.9695 2
      vertex 50.7142 1.14724 2.08841
    endloop
  endfacet
  facet normal -0.504309 0.171234 -0.846375
    outer loop
      vertex 49.8708 -2.10896 2.6233
      vertex 49.5281 -3.11826 2.6233
      vertex 49.117 -1.90699 3.11331
    endloop
  endfacet
  facet normal -0.607479 0.206265 -0.767088
    outer loop
      vertex 49.8708 -2.10896 2.6233
      vertex 50.4899 -2.27485 2.08841
      vertex 49.5281 -3.11826 2.6233
    endloop
  endfacet
  facet normal -0.400418 0.351171 -0.846371
    outer loop
      vertex 48.4646 -4.96043 2.6233
      vertex 47.7618 -5.76179 2.6233
      vertex 47.21 -5.20998 3.11331
    endloop
  endfacet
  facet normal -0.482323 0.423014 -0.767087
    outer loop
      vertex 48.9731 -5.35062 2.08841
      vertex 48.215 -6.21501 2.08841
      vertex 47.7618 -5.76179 2.6233
    endloop
  endfacet
  facet normal -0.326898 0.28669 -0.900526
    outer loop
      vertex 47.1263 -3.93357 3.55005
      vertex 47.21 -5.20998 3.11331
      vertex 46.569 -4.56903 3.55005
    endloop
  endfacet
  facet normal -0.326891 0.286691 -0.900528
    outer loop
      vertex 47.8455 -4.48537 3.11331
      vertex 47.21 -5.20998 3.11331
      vertex 47.1263 -3.93357 3.55005
    endloop
  endfacet
  facet normal -0.533422 0.356385 -0.767105
    outer loop
      vertex 49.0567 -4.0742 2.6233
      vertex 49.6118 -4.39468 2.08841
      vertex 48.4646 -4.96043 2.6233
    endloop
  endfacet
  facet normal -0.442853 0.295875 -0.846368
    outer loop
      vertex 49.0567 -4.0742 2.6233
      vertex 48.4646 -4.96043 2.6233
      vertex 47.8455 -4.48537 3.11331
    endloop
  endfacet
  facet normal 0.464735 0.157626 -0.871307
    outer loop
      vertex -49.174 -14.24 2.10414
      vertex -49.2717 -14.5276 2
      vertex -49.353 -14.2879 2
    endloop
  endfacet
  facet normal 0.481286 0.0957918 -0.871314
    outer loop
      vertex -49.174 -14.24 2.10414
      vertex -49.353 -14.2879 2
      vertex -49.4024 -14.0397 2
    endloop
  endfacet
  facet normal 0.329881 0.220412 -0.917931
    outer loop
      vertex -48.0255 -15.2396 2.39931
      vertex -48.2139 -16.1869 2.10414
      vertex -48.6182 -15.5818 2.10414
    endloop
  endfacet
  facet normal 0.329831 0.220426 -0.917945
    outer loop
      vertex -48.0255 -15.2396 2.39931
      vertex -47.6709 -15.7702 2.39931
      vertex -48.2139 -16.1869 2.10414
    endloop
  endfacet
  facet normal 0.308715 0.0613919 -0.949171
    outer loop
      vertex -47.876 -13.3366 2.65343
      vertex -47.7711 -13.8641 2.65343
      vertex -48.5129 -14.0628 2.39931
    endloop
  endfacet
  facet normal 0.298065 0.10115 -0.949171
    outer loop
      vertex -47.7711 -13.8641 2.65343
      vertex -47.5983 -14.3733 2.65343
      vertex -48.5129 -14.0628 2.39931
    endloop
  endfacet
  facet normal -0.0319992 -0.489684 -0.871312
    outer loop
      vertex -43.8 18.5489 2
      vertex -43.5475 18.5324 2
      vertex -43.8 18.3636 2.10414
    endloop
  endfacet
  facet normal 0.0319992 -0.489684 -0.871312
    outer loop
      vertex -43.8 18.5489 2
      vertex -43.8 18.3636 2.10414
      vertex -44.0525 18.5324 2
    endloop
  endfacet
  facet normal 0.236675 0.207523 -0.949168
    outer loop
      vertex -47.0616 -15.3028 2.65343
      vertex -46.7071 -15.7071 2.65343
      vertex -47.6709 -15.7702 2.39931
    endloop
  endfacet
  facet normal 0.134514 0.201277 -0.970254
    outer loop
      vertex -45.4365 -15.6344 2.86214
      vertex -45.8556 -16.3604 2.65343
      vertex -46.3027 -16.0616 2.65343
    endloop
  endfacet
  facet normal 0.0777958 0.229246 -0.970255
    outer loop
      vertex -44.6471 -15.9614 2.86214
      vertex -44.8641 -16.7711 2.65343
      vertex -45.3733 -16.5983 2.65343
    endloop
  endfacet
  facet normal 0.0979208 0.146513 -0.98435
    outer loop
      vertex -45.248 -14.6871 3.02189
      vertex -44.9893 -14.86 3.02189
      vertex -45.4365 -15.6344 2.86214
    endloop
  endfacet
  facet normal 0.101147 0.298064 -0.949172
    outer loop
      vertex -45.3733 -16.5983 2.65343
      vertex -45.0628 -17.5129 2.39931
      vertex -45.6672 -17.3078 2.39931
    endloop
  endfacet
  facet normal 0.139223 0.282292 -0.949172
    outer loop
      vertex -45.3733 -16.5983 2.65343
      vertex -45.6672 -17.3078 2.39931
      vertex -46.2396 -17.0255 2.39931
    endloop
  endfacet
  facet normal 0.0614049 0.308702 -0.949175
    outer loop
      vertex -44.3366 -16.876 2.65343
      vertex -44.4369 -17.6374 2.39931
      vertex -45.0628 -17.5129 2.39931
    endloop
  endfacet
  facet normal 0.0206028 0.314076 -0.949174
    outer loop
      vertex -44.3366 -16.876 2.65343
      vertex -43.8 -16.9112 2.65343
      vertex -44.4369 -17.6374 2.39931
    endloop
  endfacet
  facet normal -0.0476972 -0.0418299 -0.997986
    outer loop
      vertex 43.3519 1.35191 4.63109
      vertex 43.5168 1.16388 4.63109
      vertex 42.4532 0.45322 4.71171
    endloop
  endfacet
  facet normal -0.0633026 0.00416012 -0.997986
    outer loop
      vertex 43.9119 0 4.63109
      vertex 43.8955 -0.249551 4.63109
      vertex 42.6409 0 4.71171
    endloop
  endfacet
  facet normal -0.106673 -0.0713001 -0.991734
    outer loop
      vertex 44.4991 1.91766 4.47123
      vertex 44.7281 1.57505 4.47123
      vertex 43.6557 0.955942 4.63109
    endloop
  endfacet
  facet normal -0.106701 -0.0712751 -0.991733
    outer loop
      vertex 44.4991 1.91766 4.47123
      vertex 43.6557 0.955942 4.63109
      vertex 43.5168 1.16388 4.63109
    endloop
  endfacet
  facet normal -0.0568955 0.0280713 -0.997985
    outer loop
      vertex 42.5922 -0.24528 4.71171
      vertex 43.6557 -0.955942 4.63109
      vertex 42.5551 -0.320475 4.71171
    endloop
  endfacet
  facet normal 0.00414851 0.0633061 -0.997986
    outer loop
      vertex 42 -0.64095 4.71171
      vertex 42 -1.91188 4.63109
      vertex 41.7505 -1.89553 4.63109
    endloop
  endfacet
  facet normal -0.0412477 0.121501 -0.991734
    outer loop
      vertex 42.7316 -1.76635 4.63109
      vertex 42.8153 -3.04277 4.47123
      vertex 42.4948 -1.84674 4.63109
    endloop
  endfacet
  facet normal -0.0712841 0.106683 -0.991734
    outer loop
      vertex 43.9177 -2.49915 4.47123
      vertex 43.5751 -2.72807 4.47123
      vertex 42.9559 -1.65574 4.63109
    endloop
  endfacet
  facet normal -0.121495 0.0412481 -0.991735
    outer loop
      vertex 43.8467 -0.494832 4.63109
      vertex 45.0428 -0.815308 4.47123
      vertex 43.7663 -0.731647 4.63109
    endloop
  endfacet
  facet normal 0.0614049 -0.308702 -0.949175
    outer loop
      vertex -44.4369 17.6374 2.39931
      vertex -44.3366 16.876 2.65343
      vertex -45.0628 17.5129 2.39931
    endloop
  endfacet
  facet normal -0.0174943 -0.241358 -0.970278
    outer loop
      vertex -43.2634 16.876 2.65343
      vertex 42.5658 4.29735 4.23487
      vertex -43.3728 16.0449 2.86214
    endloop
  endfacet
  facet normal 0.0158333 -0.241571 -0.970254
    outer loop
      vertex -43.8 16.0729 2.86214
      vertex -44.2272 16.0449 2.86214
      vertex -44.3366 16.876 2.65343
    endloop
  endfacet
  facet normal 0.10115 -0.298065 -0.949171
    outer loop
      vertex -45.0628 17.5129 2.39931
      vertex -44.8641 16.7711 2.65343
      vertex -45.3733 16.5983 2.65343
    endloop
  endfacet
  facet normal 0.0374835 -0.0426845 -0.998385
    outer loop
      vertex -44.0946 13.184 3.18442
      vertex -44.1422 13.1422 3.18442
      vertex -44.8208 13.8208 3.12993
    endloop
  endfacet
  facet normal 0.0374538 -0.0427184 -0.998385
    outer loop
      vertex -44.6788 13.9453 3.12993
      vertex -44.0946 13.184 3.18442
      vertex -44.8208 13.8208 3.12993
    endloop
  endfacet
  facet normal -0.744638 0.148082 -0.650834
    outer loop
      vertex 50.6 -2.11007 2
      vertex 50.7142 -1.14724 2.08841
      vertex 50.7895 -1.15716 2
    endloop
  endfacet
  facet normal -0.744431 0.148079 -0.651072
    outer loop
      vertex 50.7142 -1.14724 2.08841
      vertex 50.6 -2.11007 2
      vertex 50.4899 -2.27485 2.08841
    endloop
  endfacet
  facet normal -0.744462 0.148126 -0.651026
    outer loop
      vertex 50.6 -2.11007 2
      vertex 50.5633 -2.29452 2
      vertex 50.4899 -2.27485 2.08841
    endloop
  endfacet
  facet normal 0.298277 0.261544 -0.917946
    outer loop
      vertex -47.6709 -15.7702 2.39931
      vertex -47.2501 -16.2501 2.39931
      vertex -48.2139 -16.1869 2.10414
    endloop
  endfacet
  facet normal 0.159571 0.182033 -0.970258
    outer loop
      vertex -46.1143 -15.1143 2.86214
      vertex -46.3027 -16.0616 2.65343
      vertex -46.7071 -15.7071 2.65343
    endloop
  endfacet
  facet normal 0.159628 0.18202 -0.970251
    outer loop
      vertex -46.1143 -15.1143 2.86214
      vertex -45.7924 -15.3966 2.86214
      vertex -46.3027 -16.0616 2.65343
    endloop
  endfacet
  facet normal 0.0978982 0.146518 -0.984352
    outer loop
      vertex -45.248 -14.6871 3.02189
      vertex -45.4365 -15.6344 2.86214
      vertex -45.7924 -15.3966 2.86214
    endloop
  endfacet
  facet normal 0.0778062 0.229234 -0.970257
    outer loop
      vertex -45.0525 -15.8238 2.86214
      vertex -44.6471 -15.9614 2.86214
      vertex -45.3733 -16.5983 2.65343
    endloop
  endfacet
  facet normal 0.0566372 0.166866 -0.984352
    outer loop
      vertex -44.4156 -15.0976 3.02189
      vertex -44.6471 -15.9614 2.86214
      vertex -45.0525 -15.8238 2.86214
    endloop
  endfacet
  facet normal 0.107084 0.217107 -0.970256
    outer loop
      vertex -45.0525 -15.8238 2.86214
      vertex -45.3733 -16.5983 2.65343
      vertex -45.4365 -15.6344 2.86214
    endloop
  endfacet
  facet normal 0.107091 0.217108 -0.970256
    outer loop
      vertex -45.4365 -15.6344 2.86214
      vertex -45.3733 -16.5983 2.65343
      vertex -45.8556 -16.3604 2.65343
    endloop
  endfacet
  facet normal -0.0527562 -0.0352405 -0.997985
    outer loop
      vertex 43.5168 1.16388 4.63109
      vertex 43.6557 0.955942 4.63109
      vertex 42.5551 0.320475 4.71171
    endloop
  endfacet
  facet normal -0.0622253 0.0123801 -0.997985
    outer loop
      vertex 43.8955 -0.249551 4.63109
      vertex 43.8467 -0.494832 4.63109
      vertex 42.6355 -0.0836601 4.71171
    endloop
  endfacet
  facet normal -0.0280597 0.0569007 -0.997985
    outer loop
      vertex 42.9559 -1.65574 4.63109
      vertex 42.7316 -1.76635 4.63109
      vertex 42.2453 -0.592161 4.71171
    endloop
  endfacet
  facet normal -0.0123815 0.0622218 -0.997986
    outer loop
      vertex 42.1659 -0.61911 4.71171
      vertex 42.4948 -1.84674 4.63109
      vertex 42.0837 -0.635467 4.71171
    endloop
  endfacet
  facet normal -0.0633171 0.00408692 -0.997985
    outer loop
      vertex 42.6409 0 4.71171
      vertex 43.8955 -0.249551 4.63109
      vertex 42.6355 -0.0836601 4.71171
    endloop
  endfacet
  facet normal -0.0633171 -0.00408692 -0.997985
    outer loop
      vertex 43.8955 0.249551 4.63109
      vertex 42.6409 0 4.71171
      vertex 42.6355 0.0836601 4.71171
    endloop
  endfacet
  facet normal -0.0712717 0.106697 -0.991734
    outer loop
      vertex 43.1639 -1.5168 4.63109
      vertex 43.9177 -2.49915 4.47123
      vertex 42.9559 -1.65574 4.63109
    endloop
  endfacet
  facet normal -0.0600853 0.0203589 -0.997986
    outer loop
      vertex 42.6191 -0.16589 4.71171
      vertex 43.8467 -0.494832 4.63109
      vertex 42.5922 -0.24528 4.71171
    endloop
  endfacet
  facet normal -0.0622157 0.0124083 -0.997986
    outer loop
      vertex 42.6355 -0.0836601 4.71171
      vertex 43.8467 -0.494832 4.63109
      vertex 42.6191 -0.16589 4.71171
    endloop
  endfacet
  facet normal -0.0123762 0.0622236 -0.997985
    outer loop
      vertex 42.4948 -1.84674 4.63109
      vertex 42.2495 -1.89553 4.63109
      vertex 42.0837 -0.635467 4.71171
    endloop
  endfacet
  facet normal -0.0250305 0.125845 -0.991734
    outer loop
      vertex 42.4948 -1.84674 4.63109
      vertex 42.4112 -3.12316 4.47123
      vertex 42.2495 -1.89553 4.63109
    endloop
  endfacet
  facet normal -0.106701 0.0712751 -0.991733
    outer loop
      vertex 43.6557 -0.955942 4.63109
      vertex 44.4991 -1.91766 4.47123
      vertex 43.5168 -1.16388 4.63109
    endloop
  endfacet
  facet normal -0.0418321 -0.0476951 -0.997986
    outer loop
      vertex 43.1639 1.5168 4.63109
      vertex 43.3519 1.35191 4.63109
      vertex 42.4532 0.45322 4.71171
    endloop
  endfacet
  facet normal -0.115076 0.0567442 -0.991735
    outer loop
      vertex 43.7663 -0.731647 4.63109
      vertex 44.7281 -1.57505 4.47123
      vertex 43.6557 -0.955942 4.63109
    endloop
  endfacet
  facet normal -0.115082 0.0567376 -0.991734
    outer loop
      vertex 44.9103 -1.20549 4.47123
      vertex 44.7281 -1.57505 4.47123
      vertex 43.7663 -0.731647 4.63109
    endloop
  endfacet
  facet normal -0.0206125 -0.314069 -0.949176
    outer loop
      vertex -43.8 17.6792 2.39931
      vertex -43.1631 17.6374 2.39931
      vertex -43.8 16.9112 2.65343
    endloop
  endfacet
  facet normal 0.0158461 -0.241563 -0.970256
    outer loop
      vertex -43.8 16.9112 2.65343
      vertex -43.8 16.0729 2.86214
      vertex -44.3366 16.876 2.65343
    endloop
  endfacet
  facet normal -0.0158333 -0.241571 -0.970254
    outer loop
      vertex -43.2634 16.876 2.65343
      vertex -43.3728 16.0449 2.86214
      vertex -43.8 16.0729 2.86214
    endloop
  endfacet
  facet normal -0.014355 -0.219016 -0.975616
    outer loop
      vertex -43.3728 16.0449 2.86214
      vertex 42.5658 4.29735 4.23487
      vertex -43.8 16.0729 2.86214
    endloop
  endfacet
  facet normal 0.047218 -0.23744 -0.970254
    outer loop
      vertex -44.3366 16.876 2.65343
      vertex -44.6471 15.9614 2.86214
      vertex -44.8641 16.7711 2.65343
    endloop
  endfacet
  facet normal 0.0777958 -0.229246 -0.970255
    outer loop
      vertex -44.8641 16.7711 2.65343
      vertex -44.6471 15.9614 2.86214
      vertex -45.3733 16.5983 2.65343
    endloop
  endfacet
  facet normal 0.0206125 -0.314069 -0.949176
    outer loop
      vertex -43.8 17.6792 2.39931
      vertex -43.8 16.9112 2.65343
      vertex -44.4369 17.6374 2.39931
    endloop
  endfacet
  facet normal 0.0206028 -0.314076 -0.949174
    outer loop
      vertex -43.8 16.9112 2.65343
      vertex -44.3366 16.876 2.65343
      vertex -44.4369 17.6374 2.39931
    endloop
  endfacet
  facet normal 0.207528 0.236675 -0.949167
    outer loop
      vertex -46.7071 -15.7071 2.65343
      vertex -46.7702 -16.6709 2.39931
      vertex -47.2501 -16.2501 2.39931
    endloop
  endfacet
  facet normal 0.236675 0.207528 -0.949167
    outer loop
      vertex -46.7071 -15.7071 2.65343
      vertex -47.2501 -16.2501 2.39931
      vertex -47.6709 -15.7702 2.39931
    endloop
  endfacet
  facet normal 0.174885 0.261687 -0.949176
    outer loop
      vertex -46.3027 -16.0616 2.65343
      vertex -46.2396 -17.0255 2.39931
      vertex -46.7702 -16.6709 2.39931
    endloop
  endfacet
  facet normal 0.174887 0.261687 -0.949176
    outer loop
      vertex -45.8556 -16.3604 2.65343
      vertex -46.2396 -17.0255 2.39931
      vertex -46.3027 -16.0616 2.65343
    endloop
  endfacet
  facet normal 0.0343702 0.172839 -0.98435
    outer loop
      vertex -44.1105 -15.1583 3.02189
      vertex -44.2272 -16.0449 2.86214
      vertex -44.6471 -15.9614 2.86214
    endloop
  endfacet
  facet normal 0.0472165 0.23744 -0.970254
    outer loop
      vertex -44.2272 -16.0449 2.86214
      vertex -44.3366 -16.876 2.65343
      vertex -44.6471 -15.9614 2.86214
    endloop
  endfacet
  facet normal 0 0 -1
    outer loop
      vertex 42.6355 -0.0836601 4.71171
      vertex 42.6355 0.0836601 4.71171
      vertex 42.6409 0 4.71171
    endloop
  endfacet
  facet normal 0 0 -1
    outer loop
      vertex 42.6191 -0.16589 4.71171
      vertex 42.6355 0.0836601 4.71171
      vertex 42.6355 -0.0836601 4.71171
    endloop
  endfacet
  facet normal 0 0 -1
    outer loop
      vertex 42.6191 -0.16589 4.71171
      vertex 42.6191 0.16589 4.71171
      vertex 42.6355 0.0836601 4.71171
    endloop
  endfacet
  facet normal 0 0 -1
    outer loop
      vertex 42.5922 -0.24528 4.71171
      vertex 42.6191 0.16589 4.71171
      vertex 42.6191 -0.16589 4.71171
    endloop
  endfacet
  facet normal 0 0 -1
    outer loop
      vertex 42.5922 -0.24528 4.71171
      vertex 42.5922 0.24528 4.71171
      vertex 42.6191 0.16589 4.71171
    endloop
  endfacet
  facet normal 0 0 -1
    outer loop
      vertex 42.5551 -0.320475 4.71171
      vertex 42.5922 0.24528 4.71171
      vertex 42.5922 -0.24528 4.71171
    endloop
  endfacet
  facet normal 0 0 -1
    outer loop
      vertex 42.5551 -0.320475 4.71171
      vertex 42.5551 0.320475 4.71171
      vertex 42.5922 0.24528 4.71171
    endloop
  endfacet
  facet normal 0 0 -1
    outer loop
      vertex 42.5085 -0.390185 4.71171
      vertex 42.5551 0.320475 4.71171
      vertex 42.5551 -0.320475 4.71171
    endloop
  endfacet
  facet normal 0 0 -1
    outer loop
      vertex 42.5085 -0.390185 4.71171
      vertex 42.5085 0.390185 4.71171
      vertex 42.5551 0.320475 4.71171
    endloop
  endfacet
  facet normal 0 0 -1
    outer loop
      vertex 42.4532 -0.45322 4.71171
      vertex 42.5085 0.390185 4.71171
      vertex 42.5085 -0.390185 4.71171
    endloop
  endfacet
  facet normal 0 0 -1
    outer loop
      vertex 42.4532 -0.45322 4.71171
      vertex 42.4532 0.45322 4.71171
      vertex 42.5085 0.390185 4.71171
    endloop
  endfacet
  facet normal 0 0 -1
    outer loop
      vertex 42.3902 -0.5085 4.71171
      vertex 42.4532 0.45322 4.71171
      vertex 42.4532 -0.45322 4.71171
    endloop
  endfacet
  facet normal 0 0 -1
    outer loop
      vertex 42.3902 -0.5085 4.71171
      vertex 42.3902 0.5085 4.71171
      vertex 42.4532 0.45322 4.71171
    endloop
  endfacet
  facet normal 0 0 -1
    outer loop
      vertex 42.3205 -0.555079 4.71171
      vertex 42.3902 0.5085 4.71171
      vertex 42.3902 -0.5085 4.71171
    endloop
  endfacet
  facet normal 0 0 -1
    outer loop
      vertex 42.3205 -0.555079 4.71171
      vertex 42.3205 0.555079 4.71171
      vertex 42.3902 0.5085 4.71171
    endloop
  endfacet
  facet normal 0 0 -1
    outer loop
      vertex 42.2453 -0.592161 4.71171
      vertex 42.3205 0.555079 4.71171
      vertex 42.3205 -0.555079 4.71171
    endloop
  endfacet
  facet normal 0 0 -1
    outer loop
      vertex 42.2453 -0.592161 4.71171
      vertex 42.2453 0.592161 4.71171
      vertex 42.3205 0.555079 4.71171
    endloop
  endfacet
  facet normal 0 0 -1
    outer loop
      vertex 42.1659 -0.61911 4.71171
      vertex 42.2453 0.592161 4.71171
      vertex 42.2453 -0.592161 4.71171
    endloop
  endfacet
  facet normal 0 0 -1
    outer loop
      vertex 42.1659 -0.61911 4.71171
      vertex 42.1659 0.61911 4.71171
      vertex 42.2453 0.592161 4.71171
    endloop
  endfacet
  facet normal 0 0 -1
    outer loop
      vertex 42.0837 -0.635467 4.71171
      vertex 42.1659 0.61911 4.71171
      vertex 42.1659 -0.61911 4.71171
    endloop
  endfacet
  facet normal 0 0 -1
    outer loop
      vertex 42.0837 -0.635467 4.71171
      vertex 42.0837 0.635467 4.71171
      vertex 42.1659 0.61911 4.71171
    endloop
  endfacet
  facet normal 0 0 -1
    outer loop
      vertex 42 -0.64095 4.71171
      vertex 42.0837 0.635467 4.71171
      vertex 42.0837 -0.635467 4.71171
    endloop
  endfacet
  facet normal 0 0 -1
    outer loop
      vertex 42 -0.64095 4.71171
      vertex 42 0.64095 4.71171
      vertex 42.0837 0.635467 4.71171
    endloop
  endfacet
  facet normal 0 0 -1
    outer loop
      vertex 41.9163 -0.635467 4.71171
      vertex 42 0.64095 4.71171
      vertex 42 -0.64095 4.71171
    endloop
  endfacet
  facet normal 0 0 -1
    outer loop
      vertex 41.9163 -0.635467 4.71171
      vertex 41.9163 0.635467 4.71171
      vertex 42 0.64095 4.71171
    endloop
  endfacet
  facet normal 0 0 -1
    outer loop
      vertex 41.8341 -0.61911 4.71171
      vertex 41.9163 0.635467 4.71171
      vertex 41.9163 -0.635467 4.71171
    endloop
  endfacet
  facet normal 0 0 -1
    outer loop
      vertex 41.8341 -0.61911 4.71171
      vertex 41.8341 0.61911 4.71171
      vertex 41.9163 0.635467 4.71171
    endloop
  endfacet
  facet normal 0 0 -1
    outer loop
      vertex 41.7547 -0.592161 4.71171
      vertex 41.8341 0.61911 4.71171
      vertex 41.8341 -0.61911 4.71171
    endloop
  endfacet
  facet normal 0 0 -1
    outer loop
      vertex 41.7547 -0.592161 4.71171
      vertex 41.7547 0.592161 4.71171
      vertex 41.8341 0.61911 4.71171
    endloop
  endfacet
  facet normal 0 0 -1
    outer loop
      vertex 41.6795 -0.555079 4.71171
      vertex 41.7547 0.592161 4.71171
      vertex 41.7547 -0.592161 4.71171
    endloop
  endfacet
  facet normal 0 0 -1
    outer loop
      vertex 41.6795 -0.555079 4.71171
      vertex 41.6795 0.555079 4.71171
      vertex 41.7547 0.592161 4.71171
    endloop
  endfacet
  facet normal 0 0 -1
    outer loop
      vertex 41.6098 -0.5085 4.71171
      vertex 41.6795 0.555079 4.71171
      vertex 41.6795 -0.555079 4.71171
    endloop
  endfacet
  facet normal 0 0 -1
    outer loop
      vertex 41.6098 -0.5085 4.71171
      vertex 41.6098 0.5085 4.71171
      vertex 41.6795 0.555079 4.71171
    endloop
  endfacet
  facet normal 0 0 -1
    outer loop
      vertex 41.5468 -0.45322 4.71171
      vertex 41.6098 0.5085 4.71171
      vertex 41.6098 -0.5085 4.71171
    endloop
  endfacet
  facet normal 0 0 -1
    outer loop
      vertex 41.5468 -0.45322 4.71171
      vertex 41.5468 0.45322 4.71171
      vertex 41.6098 0.5085 4.71171
    endloop
  endfacet
  facet normal 0 0 -1
    outer loop
      vertex 41.4915 -0.390185 4.71171
      vertex 41.5468 0.45322 4.71171
      vertex 41.5468 -0.45322 4.71171
    endloop
  endfacet
  facet normal 0 0 -1
    outer loop
      vertex 41.4915 -0.390185 4.71171
      vertex 41.4915 0.390185 4.71171
      vertex 41.5468 0.45322 4.71171
    endloop
  endfacet
  facet normal 0 0 -1
    outer loop
      vertex 41.4449 -0.320475 4.71171
      vertex 41.4915 0.390185 4.71171
      vertex 41.4915 -0.390185 4.71171
    endloop
  endfacet
  facet normal 0 0 -1
    outer loop
      vertex 41.4449 -0.320475 4.71171
      vertex 41.4449 0.320475 4.71171
      vertex 41.4915 0.390185 4.71171
    endloop
  endfacet
  facet normal 0 0 -1
    outer loop
      vertex 41.4078 -0.24528 4.71171
      vertex 41.4449 0.320475 4.71171
      vertex 41.4449 -0.320475 4.71171
    endloop
  endfacet
  facet normal 0 0 -1
    outer loop
      vertex 41.4078 -0.24528 4.71171
      vertex 41.4078 0.24528 4.71171
      vertex 41.4449 0.320475 4.71171
    endloop
  endfacet
  facet normal 0 0 -1
    outer loop
      vertex 41.3809 -0.16589 4.71171
      vertex 41.4078 0.24528 4.71171
      vertex 41.4078 -0.24528 4.71171
    endloop
  endfacet
  facet normal 0 0 -1
    outer loop
      vertex 41.3809 -0.16589 4.71171
      vertex 41.3809 0.16589 4.71171
      vertex 41.4078 0.24528 4.71171
    endloop
  endfacet
  facet normal 0 0 -1
    outer loop
      vertex 41.3645 -0.0836601 4.71171
      vertex 41.3809 0.16589 4.71171
      vertex 41.3809 -0.16589 4.71171
    endloop
  endfacet
  facet normal 0 0 -1
    outer loop
      vertex 41.3645 -0.0836601 4.71171
      vertex 41.3645 0.0836601 4.71171
      vertex 41.3809 0.16589 4.71171
    endloop
  endfacet
  facet normal 0 -0 -1
    outer loop
      vertex 41.3645 0.0836601 4.71171
      vertex 41.3645 -0.0836601 4.71171
      vertex 41.359 0 4.71171
    endloop
  endfacet
  facet normal -0.128032 -0.00837623 -0.991735
    outer loop
      vertex 45.1232 0.411171 4.47123
      vertex 45.1501 0 4.47123
      vertex 43.8955 0.249551 4.63109
    endloop
  endfacet
  facet normal -0.125839 -0.0250363 -0.991735
    outer loop
      vertex 45.1232 0.411171 4.47123
      vertex 43.8955 0.249551 4.63109
      vertex 43.8467 0.494832 4.63109
    endloop
  endfacet
  facet normal -0.0476911 -0.041839 -0.997985
    outer loop
      vertex 43.5168 1.16388 4.63109
      vertex 42.5085 0.390185 4.71171
      vertex 42.4532 0.45322 4.71171
    endloop
  endfacet
  facet normal -0.0412425 0.121501 -0.991734
    outer loop
      vertex 43.2055 -2.91032 4.47123
      vertex 42.8153 -3.04277 4.47123
      vertex 42.7316 -1.76635 4.63109
    endloop
  endfacet
  facet normal -0.0567455 0.115079 -0.991734
    outer loop
      vertex 43.5751 -2.72807 4.47123
      vertex 43.2055 -2.91032 4.47123
      vertex 42.7316 -1.76635 4.63109
    endloop
  endfacet
  facet normal 0.0566372 -0.166866 -0.984352
    outer loop
      vertex -44.6471 15.9614 2.86214
      vertex -44.4156 15.0976 3.02189
      vertex -45.0525 15.8238 2.86214
    endloop
  endfacet
  facet normal 0.0778062 -0.229234 -0.970257
    outer loop
      vertex -44.6471 15.9614 2.86214
      vertex -45.0525 15.8238 2.86214
      vertex -45.3733 16.5983 2.65343
    endloop
  endfacet
  facet normal 0.0472165 -0.23744 -0.970254
    outer loop
      vertex -44.3366 16.876 2.65343
      vertex -44.2272 16.0449 2.86214
      vertex -44.6471 15.9614 2.86214
    endloop
  endfacet
  facet normal 0.0343702 -0.172839 -0.98435
    outer loop
      vertex -44.2272 16.0449 2.86214
      vertex -44.1105 15.1583 3.02189
      vertex -44.6471 15.9614 2.86214
    endloop
  endfacet
  facet normal -0.0158461 -0.241563 -0.970256
    outer loop
      vertex -43.8 16.9112 2.65343
      vertex -43.2634 16.876 2.65343
      vertex -43.8 16.0729 2.86214
    endloop
  endfacet
  facet normal -0.0206028 -0.314076 -0.949174
    outer loop
      vertex -43.1631 17.6374 2.39931
      vertex -43.2634 16.876 2.65343
      vertex -43.8 16.9112 2.65343
    endloop
  endfacet
  facet normal 0.0158333 0.241571 -0.970254
    outer loop
      vertex -44.2272 -16.0449 2.86214
      vertex -43.8 -16.0729 2.86214
      vertex -44.3366 -16.876 2.65343
    endloop
  endfacet
  facet normal 0.0115255 0.175846 -0.98435
    outer loop
      vertex -44.1105 -15.1583 3.02189
      vertex -43.8 -16.0729 2.86214
      vertex -44.2272 -16.0449 2.86214
    endloop
  endfacet
  facet normal -0.980797 -0.19503 0
    outer loop
      vertex 27.4615 0.587367 4.46387
      vertex 27.3467 1.16469 5.65
      vertex 27.3467 1.16469 4.46182
    endloop
  endfacet
  facet normal -0.980797 -0.19503 0
    outer loop
      vertex 27.3467 1.16469 5.65
      vertex 27.4615 0.587367 4.46387
      vertex 27.4615 0.587367 5.65
    endloop
  endfacet
  facet normal -0.997859 -0.0654064 0
    outer loop
      vertex 27.5 0 4.46456
      vertex 27.4615 0.587367 5.65
      vertex 27.4615 0.587367 4.46387
    endloop
  endfacet
  facet normal -0.997859 -0.0654064 0
    outer loop
      vertex 27.4615 0.587367 5.65
      vertex 27.5 0 4.46456
      vertex 27.5 0 5.65
    endloop
  endfacet
  facet normal 0.442314 0.89686 -2.73255e-06
    outer loop
      vertex 20.8855 -3.96394 4.32446
      vertex 20.75 -3.89711 5.65
      vertex 21.2779 -4.15746 5.65
    endloop
  endfacet
  facet normal 0.442336 0.89685 0
    outer loop
      vertex 20.75 -3.89711 5.65
      vertex 20.8855 -3.96394 4.32446
      vertex 20.75 -3.89711 4.32691
    endloop
  endfacet
  facet normal 0.442307 0.896864 0
    outer loop
      vertex 20.8855 -3.96394 4.32446
      vertex 21.2779 -4.15746 5.65
      vertex 21.2779 -4.15746 4.31562
    endloop
  endfacet
  facet normal -0.980797 0.19503 0
    outer loop
      vertex 27.3467 -1.16469 4.46182
      vertex 27.4615 -0.587367 5.65
      vertex 27.4615 -0.587367 4.46387
    endloop
  endfacet
  facet normal -0.980797 0.19503 0
    outer loop
      vertex 27.4615 -0.587367 5.65
      vertex 27.3467 -1.16469 4.46182
      vertex 27.3467 -1.16469 5.65
    endloop
  endfacet
  facet normal -0.442314 -0.89686 0
    outer loop
      vertex 24.7221 4.15746 5.65
      vertex 25.25 3.89711 4.3656
      vertex 25.25 3.89711 5.65
    endloop
  endfacet
  facet normal -0.442314 -0.89686 0
    outer loop
      vertex 25.25 3.89711 4.3656
      vertex 24.7221 4.15746 5.65
      vertex 24.7221 4.15746 4.34477
    endloop
  endfacet
  facet normal 0.997859 -0.0654064 0
    outer loop
      vertex 18.5 0 5.65
      vertex 18.5385 0.587367 4.30474
      vertex 18.5385 0.587367 5.65
    endloop
  endfacet
  facet normal 0.997859 -0.0654064 0
    outer loop
      vertex 18.5385 0.587367 4.30474
      vertex 18.5 0 5.65
      vertex 18.5 0 4.30406
    endloop
  endfacet
  facet normal -0.442314 0.89686 0
    outer loop
      vertex 25.25 -3.89711 4.3656
      vertex 24.7221 -4.15746 5.65
      vertex 25.25 -3.89711 5.65
    endloop
  endfacet
  facet normal -0.442314 0.89686 0
    outer loop
      vertex 24.7221 -4.15746 5.65
      vertex 25.25 -3.89711 4.3656
      vertex 24.7221 -4.15746 4.34477
    endloop
  endfacet
  facet normal 0.896837 0.442362 0
    outer loop
      vertex 19.1029 -2.25 5.65
      vertex 18.8425 -1.72207 4.31017
      vertex 18.8425 -1.72207 5.65
    endloop
  endfacet
  facet normal 0.896837 0.442362 0
    outer loop
      vertex 18.8425 -1.72207 4.31017
      vertex 19.1029 -2.25 5.65
      vertex 19.1029 -2.25 4.31481
    endloop
  endfacet
  facet normal -0.321437 -0.946931 0
    outer loop
      vertex 24.1647 4.34667 5.65
      vertex 24.7221 4.15746 4.34477
      vertex 24.7221 4.15746 5.65
    endloop
  endfacet
  facet normal -0.321437 -0.946931 0
    outer loop
      vertex 24.7221 4.15746 4.34477
      vertex 24.1647 4.34667 5.65
      vertex 24.1647 4.34667 4.32816
    endloop
  endfacet
  facet normal -0.946933 0.321432 0
    outer loop
      vertex 27.1575 -1.72207 4.45845
      vertex 27.3467 -1.16469 5.65
      vertex 27.3467 -1.16469 4.46182
    endloop
  endfacet
  facet normal -0.946933 0.321432 0
    outer loop
      vertex 27.3467 -1.16469 5.65
      vertex 27.1575 -1.72207 4.45845
      vertex 27.1575 -1.72207 5.65
    endloop
  endfacet
  facet normal -0.898134 -0.439723 0
    outer loop
      vertex 26.9011 2.24183 4.45378
      vertex 26.8971 2.25 5.65
      vertex 26.8971 2.25 4.45369
    endloop
  endfacet
  facet normal -0.89685 -0.442334 2.21258e-05
    outer loop
      vertex 26.9385 2.166 4.45453
      vertex 26.8971 2.25 5.65
      vertex 26.9011 2.24183 4.45378
    endloop
  endfacet
  facet normal -0.894429 -0.44721 0.000448583
    outer loop
      vertex 26.9443 2.1544 4.45465
      vertex 26.8971 2.25 5.65
      vertex 26.9385 2.166 4.45453
    endloop
  endfacet
  facet normal -0.896874 -0.442286 -0
    outer loop
      vertex 27.1575 1.72207 5.65
      vertex 26.9443 2.1544 4.45465
      vertex 27.1575 1.72207 4.45845
    endloop
  endfacet
  facet normal -0.896837 -0.442362 -3.41873e-05
    outer loop
      vertex 26.9443 2.1544 4.45465
      vertex 27.1575 1.72207 5.65
      vertex 26.8971 2.25 5.65
    endloop
  endfacet
  facet normal -0.659308 0.751873 0
    outer loop
      vertex 26.182 -3.18198 4.41845
      vertex 25.7394 -3.57009 5.65
      vertex 26.182 -3.18198 5.65
    endloop
  endfacet
  facet normal -0.659308 0.751873 0
    outer loop
      vertex 25.7394 -3.57009 5.65
      vertex 26.182 -3.18198 4.41845
      vertex 25.7394 -3.57009 4.39031
    endloop
  endfacet
  facet normal -0.659308 -0.751873 0
    outer loop
      vertex 25.7394 3.57009 5.65
      vertex 26.182 3.18198 4.41845
      vertex 26.182 3.18198 5.65
    endloop
  endfacet
  facet normal -0.659308 -0.751873 0
    outer loop
      vertex 26.182 3.18198 4.41845
      vertex 25.7394 3.57009 5.65
      vertex 25.7394 3.57009 4.39031
    endloop
  endfacet
  facet normal 0.0654027 -0.997859 0
    outer loop
      vertex 22.4126 4.4615 5.65
      vertex 23 4.5 4.30866
      vertex 23 4.5 5.65
    endloop
  endfacet
  facet normal 0.0654027 -0.997859 0
    outer loop
      vertex 23 4.5 4.30866
      vertex 22.4126 4.4615 5.65
      vertex 22.4126 4.4615 4.30611
    endloop
  endfacet
  facet normal -0.997859 0.0654064 0
    outer loop
      vertex 27.4615 -0.587367 4.46387
      vertex 27.5 0 5.65
      vertex 27.5 0 4.46456
    endloop
  endfacet
  facet normal -0.997859 0.0654064 0
    outer loop
      vertex 27.5 0 5.65
      vertex 27.4615 -0.587367 4.46387
      vertex 27.4615 -0.587367 5.65
    endloop
  endfacet
  facet normal -0.83183 0.555031 0
    outer loop
      vertex 26.8506 -2.31969 4.45264
      vertex 26.8971 -2.25 5.65
      vertex 26.8971 -2.25 4.45369
    endloop
  endfacet
  facet normal -0.829709 0.558197 -0.000266649
    outer loop
      vertex 26.8425 -2.33173 4.45246
      vertex 26.8971 -2.25 5.65
      vertex 26.8506 -2.31969 4.45264
    endloop
  endfacet
  facet normal -0.832698 0.553727 0.00017469
    outer loop
      vertex 26.8346 -2.34361 4.45225
      vertex 26.8971 -2.25 5.65
      vertex 26.8425 -2.33173 4.45246
    endloop
  endfacet
  facet normal -0.831284 0.555848 -6.49036e-05
    outer loop
      vertex 26.7832 -2.42048 4.45094
      vertex 26.8971 -2.25 5.65
      vertex 26.8346 -2.34361 4.45225
    endloop
  endfacet
  facet normal -0.831464 0.555579 -9.47033e-06
    outer loop
      vertex 26.7336 -2.49471 4.44951
      vertex 26.8971 -2.25 5.65
      vertex 26.7832 -2.42048 4.45094
    endloop
  endfacet
  facet normal -0.830292 0.557328 0.00053033
    outer loop
      vertex 26.5701 -2.73943 5.65
      vertex 26.7336 -2.49471 4.44951
      vertex 26.7258 -2.50633 4.44928
    endloop
  endfacet
  facet normal -0.834125 0.551574 -0.0010839
    outer loop
      vertex 26.5701 -2.73943 5.65
      vertex 26.7258 -2.50633 4.44928
      vertex 26.7185 -2.51737 4.44904
    endloop
  endfacet
  facet normal -0.831215 0.555951 8.51488e-05
    outer loop
      vertex 26.5701 -2.73943 5.65
      vertex 26.7185 -2.51737 4.44904
      vertex 26.6714 -2.58779 4.44752
    endloop
  endfacet
  facet normal -0.831697 0.55523 -4.64441e-05
    outer loop
      vertex 26.5701 -2.73943 5.65
      vertex 26.6714 -2.58779 4.44752
      vertex 26.6278 -2.6531 4.44593
    endloop
  endfacet
  facet normal -0.829342 0.558741 0.000318099
    outer loop
      vertex 26.5701 -2.73943 5.65
      vertex 26.6278 -2.6531 4.44593
      vertex 26.6208 -2.66349 4.44567
    endloop
  endfacet
  facet normal -0.831779 0.555107 -1.35847e-05
    outer loop
      vertex 26.5701 -2.73943 5.65
      vertex 26.6208 -2.66349 4.44567
      vertex 26.6145 -2.67293 4.44541
    endloop
  endfacet
  facet normal -0.831747 0.555154 -9.80911e-06
    outer loop
      vertex 26.5701 -2.73943 5.65
      vertex 26.6145 -2.67293 4.44541
      vertex 26.575 -2.73211 4.44378
    endloop
  endfacet
  facet normal -0.831001 0.556271 0
    outer loop
      vertex 26.5701 -2.73943 5.65
      vertex 26.575 -2.73211 4.44378
      vertex 26.5701 -2.73943 4.44355
    endloop
  endfacet
  facet normal -0.831491 0.555539 2.3138e-06
    outer loop
      vertex 26.7336 -2.49471 4.44951
      vertex 26.5701 -2.73943 5.65
      vertex 26.8971 -2.25 5.65
    endloop
  endfacet
  facet normal 0.946933 0.321432 0
    outer loop
      vertex 18.8425 -1.72207 5.65
      vertex 18.6533 -1.16469 4.30679
      vertex 18.6533 -1.16469 5.65
    endloop
  endfacet
  facet normal 0.946933 0.321432 0
    outer loop
      vertex 18.6533 -1.16469 4.30679
      vertex 18.8425 -1.72207 5.65
      vertex 18.8425 -1.72207 4.31017
    endloop
  endfacet
  facet normal 0.946933 -0.321432 0
    outer loop
      vertex 18.6533 1.16469 5.65
      vertex 18.8425 1.72207 4.31017
      vertex 18.8425 1.72207 5.65
    endloop
  endfacet
  facet normal 0.946933 -0.321432 0
    outer loop
      vertex 18.8425 1.72207 4.31017
      vertex 18.6533 1.16469 5.65
      vertex 18.6533 1.16469 4.30679
    endloop
  endfacet
  facet normal 0.997859 0.0654064 0
    outer loop
      vertex 18.5385 -0.587367 5.65
      vertex 18.5 0 4.30406
      vertex 18.5 0 5.65
    endloop
  endfacet
  facet normal 0.997859 0.0654064 0
    outer loop
      vertex 18.5 0 4.30406
      vertex 18.5385 -0.587367 5.65
      vertex 18.5385 -0.587367 4.30474
    endloop
  endfacet
  facet normal -0.0654027 -0.997859 0
    outer loop
      vertex 23 4.5 5.65
      vertex 23.5874 4.4615 4.31605
      vertex 23.5874 4.4615 5.65
    endloop
  endfacet
  facet normal -0.0654027 -0.997859 0
    outer loop
      vertex 23.5874 4.4615 4.31605
      vertex 23 4.5 5.65
      vertex 23 4.5 4.30866
    endloop
  endfacet
  facet normal -0.321437 0.946931 0
    outer loop
      vertex 24.7221 -4.15746 4.34477
      vertex 24.1647 -4.34667 5.65
      vertex 24.7221 -4.15746 5.65
    endloop
  endfacet
  facet normal -0.321437 0.946931 0
    outer loop
      vertex 24.1647 -4.34667 5.65
      vertex 24.7221 -4.15746 4.34477
      vertex 24.1647 -4.34667 4.32816
    endloop
  endfacet
  facet normal 0.980797 -0.19503 0
    outer loop
      vertex 18.5385 0.587367 5.65
      vertex 18.6533 1.16469 4.30679
      vertex 18.6533 1.16469 5.65
    endloop
  endfacet
  facet normal 0.980797 -0.19503 0
    outer loop
      vertex 18.6533 1.16469 4.30679
      vertex 18.5385 0.587367 5.65
      vertex 18.5385 0.587367 4.30474
    endloop
  endfacet
  facet normal 0.751845 0.65934 -0
    outer loop
      vertex 19.818 -3.18198 4.32756
      vertex 19.4299 -2.73943 5.65
      vertex 19.818 -3.18198 5.65
    endloop
  endfacet
  facet normal 0.751845 0.65934 0
    outer loop
      vertex 19.4299 -2.73943 5.65
      vertex 19.818 -3.18198 4.32756
      vertex 19.4299 -2.73943 4.32064
    endloop
  endfacet
  facet normal -0.555586 0.831459 0
    outer loop
      vertex 25.7394 -3.57009 4.39031
      vertex 25.25 -3.89711 5.65
      vertex 25.7394 -3.57009 5.65
    endloop
  endfacet
  facet normal -0.555586 0.831459 0
    outer loop
      vertex 25.25 -3.89711 5.65
      vertex 25.7394 -3.57009 4.39031
      vertex 25.25 -3.89711 4.3656
    endloop
  endfacet
  facet normal 0.751845 -0.65934 0
    outer loop
      vertex 19.4299 2.73943 5.65
      vertex 19.818 3.18198 4.32756
      vertex 19.818 3.18198 5.65
    endloop
  endfacet
  facet normal 0.751845 -0.65934 0
    outer loop
      vertex 19.818 3.18198 4.32756
      vertex 19.4299 2.73943 5.65
      vertex 19.4299 2.73943 4.32064
    endloop
  endfacet
  facet normal 0.195087 0.980786 0
    outer loop
      vertex 22.4126 -4.4615 5.65
      vertex 21.8353 -4.34667 4.30844
      vertex 21.8353 -4.34667 5.65
    endloop
  endfacet
  facet normal 0.195087 0.980786 0
    outer loop
      vertex 21.8353 -4.34667 4.30844
      vertex 22.4126 -4.4615 5.65
      vertex 22.4126 -4.4615 4.30611
    endloop
  endfacet
  facet normal 0.555586 0.831459 1.08109e-05
    outer loop
      vertex 20.4991 -3.72944 4.33308
      vertex 20.2606 -3.57009 5.65
      vertex 20.75 -3.89711 5.65
    endloop
  endfacet
  facet normal 0.557138 0.83042 0.000313258
    outer loop
      vertex 20.2606 -3.57009 5.65
      vertex 20.4546 -3.69975 4.3333
      vertex 20.4436 -3.69237 4.33335
    endloop
  endfacet
  facet normal 0.555002 0.831849 -0.000142216
    outer loop
      vertex 20.2606 -3.57009 5.65
      vertex 20.4991 -3.72944 4.33308
      vertex 20.4546 -3.69975 4.3333
    endloop
  endfacet
  facet normal 0.555938 0.831224 -8.62706e-05
    outer loop
      vertex 20.75 -3.89711 5.65
      vertex 20.5347 -3.75325 4.33265
      vertex 20.4991 -3.72944 4.33308
    endloop
  endfacet
  facet normal 0.554487 0.832193 0.000256782
    outer loop
      vertex 20.75 -3.89711 5.65
      vertex 20.5436 -3.75918 4.33254
      vertex 20.5347 -3.75325 4.33265
    endloop
  endfacet
  facet normal 0.558804 0.8293 -0.000722439
    outer loop
      vertex 20.75 -3.89711 5.65
      vertex 20.5501 -3.76356 4.33239
      vertex 20.5436 -3.75918 4.33254
    endloop
  endfacet
  facet normal 0.554849 0.831951 0.000146364
    outer loop
      vertex 20.75 -3.89711 5.65
      vertex 20.5764 -3.7811 4.33175
      vertex 20.5501 -3.76356 4.33239
    endloop
  endfacet
  facet normal 0.555617 0.831438 0
    outer loop
      vertex 20.5764 -3.7811 4.33175
      vertex 20.75 -3.89711 5.65
      vertex 20.75 -3.89711 4.32691
    endloop
  endfacet
  facet normal 0.553673 0.832734 -0.000383244
    outer loop
      vertex 20.4305 -3.68366 4.33335
      vertex 20.2606 -3.57009 5.65
      vertex 20.4436 -3.69237 4.33335
    endloop
  endfacet
  facet normal 0.555871 0.831268 2.68445e-05
    outer loop
      vertex 20.3781 -3.64862 4.33335
      vertex 20.2606 -3.57009 5.65
      vertex 20.4305 -3.68366 4.33335
    endloop
  endfacet
  facet normal 0.555892 0.831254 2.95943e-05
    outer loop
      vertex 20.3186 -3.60883 4.33313
      vertex 20.2606 -3.57009 5.65
      vertex 20.3781 -3.64862 4.33335
    endloop
  endfacet
  facet normal 0.55341 0.832909 -0.000128432
    outer loop
      vertex 20.3037 -3.59893 4.33308
      vertex 20.2606 -3.57009 5.65
      vertex 20.3186 -3.60883 4.33313
    endloop
  endfacet
  facet normal 0.556229 0.831029 4.99302e-06
    outer loop
      vertex 20.2874 -3.58802 4.33297
      vertex 20.2606 -3.57009 5.65
      vertex 20.3037 -3.59893 4.33308
    endloop
  endfacet
  facet normal 0.556059 0.831143 0
    outer loop
      vertex 20.2606 -3.57009 5.65
      vertex 20.2874 -3.58802 4.33297
      vertex 20.2606 -3.57009 4.3328
    endloop
  endfacet
  facet normal -0.751519 0.659712 0
    outer loop
      vertex 26.5295 -2.78568 4.44195
      vertex 26.5701 -2.73943 5.65
      vertex 26.5701 -2.73943 4.44355
    endloop
  endfacet
  facet normal -0.75349 0.65746 0.000152444
    outer loop
      vertex 26.5219 -2.79439 4.44165
      vertex 26.5701 -2.73943 5.65
      vertex 26.5295 -2.78568 4.44195
    endloop
  endfacet
  facet normal -0.751316 0.659942 -4.71398e-05
    outer loop
      vertex 26.5154 -2.80179 4.44135
      vertex 26.5701 -2.73943 5.65
      vertex 26.5219 -2.79439 4.44165
    endloop
  endfacet
  facet normal -0.752219 0.658913 4.68382e-05
    outer loop
      vertex 26.4755 -2.84734 4.43954
      vertex 26.5701 -2.73943 5.65
      vertex 26.5154 -2.80179 4.44135
    endloop
  endfacet
  facet normal -0.751488 0.659747 -8.46683e-05
    outer loop
      vertex 26.4435 -2.88379 4.43781
      vertex 26.5701 -2.73943 5.65
      vertex 26.4755 -2.84734 4.43954
    endloop
  endfacet
  facet normal -0.750009 0.661427 -0.000439233
    outer loop
      vertex 26.4382 -2.8898 4.43752
      vertex 26.5701 -2.73943 5.65
      vertex 26.4435 -2.88379 4.43781
    endloop
  endfacet
  facet normal -0.751314 0.659945 -0.000113482
    outer loop
      vertex 26.4343 -2.89424 4.43725
      vertex 26.5701 -2.73943 5.65
      vertex 26.4382 -2.8898 4.43752
    endloop
  endfacet
  facet normal -0.75225 0.658877 0.000127653
    outer loop
      vertex 26.4108 -2.92107 4.43563
      vertex 26.5701 -2.73943 5.65
      vertex 26.4343 -2.89424 4.43725
    endloop
  endfacet
  facet normal -0.751826 0.659361 1.31938e-05
    outer loop
      vertex 26.182 -3.18198 5.65
      vertex 26.4108 -2.92107 4.43563
      vertex 26.2393 -3.11662 4.42304
    endloop
  endfacet
  facet normal -0.751949 0.659221 0
    outer loop
      vertex 26.182 -3.18198 5.65
      vertex 26.2393 -3.11662 4.42304
      vertex 26.182 -3.18198 4.41845
    endloop
  endfacet
  facet normal -0.751845 0.65934 5.21963e-06
    outer loop
      vertex 26.4108 -2.92107 4.43563
      vertex 26.182 -3.18198 5.65
      vertex 26.5701 -2.73943 5.65
    endloop
  endfacet
  facet normal -0.831001 -0.556271 0
    outer loop
      vertex 26.575 2.73211 4.44378
      vertex 26.5701 2.73943 5.65
      vertex 26.5701 2.73943 4.44355
    endloop
  endfacet
  facet normal -0.831747 -0.555154 -9.80911e-06
    outer loop
      vertex 26.6145 2.67293 4.44541
      vertex 26.5701 2.73943 5.65
      vertex 26.575 2.73211 4.44378
    endloop
  endfacet
  facet normal -0.831779 -0.555107 -1.35847e-05
    outer loop
      vertex 26.6208 2.66349 4.44567
      vertex 26.5701 2.73943 5.65
      vertex 26.6145 2.67293 4.44541
    endloop
  endfacet
  facet normal -0.829342 -0.558741 0.000318099
    outer loop
      vertex 26.6278 2.6531 4.44593
      vertex 26.5701 2.73943 5.65
      vertex 26.6208 2.66349 4.44567
    endloop
  endfacet
  facet normal -0.831697 -0.55523 -4.64441e-05
    outer loop
      vertex 26.6714 2.58779 4.44752
      vertex 26.5701 2.73943 5.65
      vertex 26.6278 2.6531 4.44593
    endloop
  endfacet
  facet normal -0.831215 -0.555951 8.51488e-05
    outer loop
      vertex 26.7185 2.51737 4.44904
      vertex 26.5701 2.73943 5.65
      vertex 26.6714 2.58779 4.44752
    endloop
  endfacet
  facet normal -0.834125 -0.551574 -0.0010839
    outer loop
      vertex 26.7258 2.50633 4.44928
      vertex 26.5701 2.73943 5.65
      vertex 26.7185 2.51737 4.44904
    endloop
  endfacet
  facet normal -0.830292 -0.557328 0.00053033
    outer loop
      vertex 26.7336 2.49471 4.44951
      vertex 26.5701 2.73943 5.65
      vertex 26.7258 2.50633 4.44928
    endloop
  endfacet
  facet normal -0.831464 -0.555579 -9.47033e-06
    outer loop
      vertex 26.8971 2.25 5.65
      vertex 26.7336 2.49471 4.44951
      vertex 26.7832 2.42048 4.45094
    endloop
  endfacet
  facet normal -0.831284 -0.555848 -6.49036e-05
    outer loop
      vertex 26.8971 2.25 5.65
      vertex 26.7832 2.42048 4.45094
      vertex 26.8346 2.34361 4.45225
    endloop
  endfacet
  facet normal -0.832698 -0.553727 0.00017469
    outer loop
      vertex 26.8971 2.25 5.65
      vertex 26.8346 2.34361 4.45225
      vertex 26.8425 2.33173 4.45246
    endloop
  endfacet
  facet normal -0.829709 -0.558197 -0.000266649
    outer loop
      vertex 26.8971 2.25 5.65
      vertex 26.8425 2.33173 4.45246
      vertex 26.8506 2.31969 4.45264
    endloop
  endfacet
  facet normal -0.83183 -0.555031 -0
    outer loop
      vertex 26.8971 2.25 5.65
      vertex 26.8506 2.31969 4.45264
      vertex 26.8971 2.25 4.45369
    endloop
  endfacet
  facet normal -0.831491 -0.555539 2.3138e-06
    outer loop
      vertex 26.7336 2.49471 4.44951
      vertex 26.8971 2.25 5.65
      vertex 26.5701 2.73943 5.65
    endloop
  endfacet
  facet normal -0.195087 0.980786 0
    outer loop
      vertex 24.1647 -4.34667 4.32816
      vertex 23.5874 -4.4615 5.65
      vertex 24.1647 -4.34667 5.65
    endloop
  endfacet
  facet normal -0.195087 0.980786 0
    outer loop
      vertex 23.5874 -4.4615 5.65
      vertex 24.1647 -4.34667 4.32816
      vertex 23.5874 -4.4615 4.31605
    endloop
  endfacet
  facet normal -0.555586 -0.831459 0
    outer loop
      vertex 25.25 3.89711 5.65
      vertex 25.7394 3.57009 4.39031
      vertex 25.7394 3.57009 5.65
    endloop
  endfacet
  facet normal -0.555586 -0.831459 0
    outer loop
      vertex 25.7394 3.57009 4.39031
      vertex 25.25 3.89711 5.65
      vertex 25.25 3.89711 4.3656
    endloop
  endfacet
  facet normal 0.831491 0.555539 -0
    outer loop
      vertex 19.4299 -2.73943 4.32064
      vertex 19.1029 -2.25 5.65
      vertex 19.4299 -2.73943 5.65
    endloop
  endfacet
  facet normal 0.831491 0.555539 0
    outer loop
      vertex 19.1029 -2.25 5.65
      vertex 19.4299 -2.73943 4.32064
      vertex 19.1029 -2.25 4.31481
    endloop
  endfacet
  facet normal 0.555871 -0.831268 2.68445e-05
    outer loop
      vertex 20.4305 3.68366 4.33335
      vertex 20.2606 3.57009 5.65
      vertex 20.3781 3.64862 4.33335
    endloop
  endfacet
  facet normal 0.555892 -0.831254 2.95943e-05
    outer loop
      vertex 20.2606 3.57009 5.65
      vertex 20.3186 3.60883 4.33313
      vertex 20.3781 3.64862 4.33335
    endloop
  endfacet
  facet normal 0.55341 -0.832909 -0.000128432
    outer loop
      vertex 20.2606 3.57009 5.65
      vertex 20.3037 3.59893 4.33308
      vertex 20.3186 3.60883 4.33313
    endloop
  endfacet
  facet normal 0.556229 -0.831029 4.99302e-06
    outer loop
      vertex 20.2606 3.57009 5.65
      vertex 20.2874 3.58802 4.33297
      vertex 20.3037 3.59893 4.33308
    endloop
  endfacet
  facet normal 0.556059 -0.831143 0
    outer loop
      vertex 20.2874 3.58802 4.33297
      vertex 20.2606 3.57009 5.65
      vertex 20.2606 3.57009 4.3328
    endloop
  endfacet
  facet normal 0.553673 -0.832734 -0.000383244
    outer loop
      vertex 20.4436 3.69237 4.33335
      vertex 20.2606 3.57009 5.65
      vertex 20.4305 3.68366 4.33335
    endloop
  endfacet
  facet normal 0.557138 -0.83042 0.000313258
    outer loop
      vertex 20.4546 3.69975 4.3333
      vertex 20.2606 3.57009 5.65
      vertex 20.4436 3.69237 4.33335
    endloop
  endfacet
  facet normal 0.555002 -0.831849 -0.000142216
    outer loop
      vertex 20.4991 3.72944 4.33308
      vertex 20.2606 3.57009 5.65
      vertex 20.4546 3.69975 4.3333
    endloop
  endfacet
  facet normal 0.555586 -0.831459 1.08109e-05
    outer loop
      vertex 20.2606 3.57009 5.65
      vertex 20.4991 3.72944 4.33308
      vertex 20.75 3.89711 5.65
    endloop
  endfacet
  facet normal 0.555938 -0.831224 -8.62706e-05
    outer loop
      vertex 20.5347 3.75325 4.33265
      vertex 20.75 3.89711 5.65
      vertex 20.4991 3.72944 4.33308
    endloop
  endfacet
  facet normal 0.554487 -0.832193 0.000256782
    outer loop
      vertex 20.5436 3.75918 4.33254
      vertex 20.75 3.89711 5.65
      vertex 20.5347 3.75325 4.33265
    endloop
  endfacet
  facet normal 0.558804 -0.8293 -0.000722439
    outer loop
      vertex 20.5501 3.76356 4.33239
      vertex 20.75 3.89711 5.65
      vertex 20.5436 3.75918 4.33254
    endloop
  endfacet
  facet normal 0.554849 -0.831951 0.000146364
    outer loop
      vertex 20.5764 3.7811 4.33175
      vertex 20.75 3.89711 5.65
      vertex 20.5501 3.76356 4.33239
    endloop
  endfacet
  facet normal 0.555617 -0.831438 0
    outer loop
      vertex 20.75 3.89711 5.65
      vertex 20.5764 3.7811 4.33175
      vertex 20.75 3.89711 4.32691
    endloop
  endfacet
  facet normal 0.442336 -0.89685 0
    outer loop
      vertex 20.8855 3.96394 4.32446
      vertex 20.75 3.89711 5.65
      vertex 20.75 3.89711 4.32691
    endloop
  endfacet
  facet normal 0.442314 -0.89686 -2.73255e-06
    outer loop
      vertex 20.75 3.89711 5.65
      vertex 20.8855 3.96394 4.32446
      vertex 21.2779 4.15746 5.65
    endloop
  endfacet
  facet normal 0.442307 -0.896864 0
    outer loop
      vertex 21.2779 4.15746 5.65
      vertex 20.8855 3.96394 4.32446
      vertex 21.2779 4.15746 4.31562
    endloop
  endfacet
  facet normal -0.896874 0.442286 0
    outer loop
      vertex 26.9443 -2.1544 4.45465
      vertex 27.1575 -1.72207 5.65
      vertex 27.1575 -1.72207 4.45845
    endloop
  endfacet
  facet normal -0.894429 0.44721 0.000448583
    outer loop
      vertex 26.8971 -2.25 5.65
      vertex 26.9443 -2.1544 4.45465
      vertex 26.9385 -2.166 4.45453
    endloop
  endfacet
  facet normal -0.89685 0.442334 2.21258e-05
    outer loop
      vertex 26.8971 -2.25 5.65
      vertex 26.9385 -2.166 4.45453
      vertex 26.9011 -2.24183 4.45378
    endloop
  endfacet
  facet normal -0.898134 0.439723 0
    outer loop
      vertex 26.8971 -2.25 5.65
      vertex 26.9011 -2.24183 4.45378
      vertex 26.8971 -2.25 4.45369
    endloop
  endfacet
  facet normal -0.896837 0.442362 -3.41873e-05
    outer loop
      vertex 26.9443 -2.1544 4.45465
      vertex 26.8971 -2.25 5.65
      vertex 27.1575 -1.72207 5.65
    endloop
  endfacet
  facet normal -0.0654027 0.997859 0
    outer loop
      vertex 23.5874 -4.4615 4.31605
      vertex 23 -4.5 5.65
      vertex 23.5874 -4.4615 5.65
    endloop
  endfacet
  facet normal -0.0654027 0.997859 0
    outer loop
      vertex 23 -4.5 5.65
      vertex 23.5874 -4.4615 4.31605
      vertex 23 -4.5 4.30866
    endloop
  endfacet
  facet normal 0.980797 0.19503 0
    outer loop
      vertex 18.6533 -1.16469 5.65
      vertex 18.5385 -0.587367 4.30474
      vertex 18.5385 -0.587367 5.65
    endloop
  endfacet
  facet normal 0.980797 0.19503 0
    outer loop
      vertex 18.5385 -0.587367 4.30474
      vertex 18.6533 -1.16469 5.65
      vertex 18.6533 -1.16469 4.30679
    endloop
  endfacet
  facet normal 0.0654027 0.997859 -0
    outer loop
      vertex 23 -4.5 4.30866
      vertex 22.4126 -4.4615 5.65
      vertex 23 -4.5 5.65
    endloop
  endfacet
  facet normal 0.0654027 0.997859 0
    outer loop
      vertex 22.4126 -4.4615 5.65
      vertex 23 -4.5 4.30866
      vertex 22.4126 -4.4615 4.30611
    endloop
  endfacet
  facet normal -0.751949 -0.659221 0
    outer loop
      vertex 26.2393 3.11662 4.42304
      vertex 26.182 3.18198 5.65
      vertex 26.182 3.18198 4.41845
    endloop
  endfacet
  facet normal -0.751826 -0.659361 1.31938e-05
    outer loop
      vertex 26.4108 2.92107 4.43563
      vertex 26.182 3.18198 5.65
      vertex 26.2393 3.11662 4.42304
    endloop
  endfacet
  facet normal -0.75225 -0.658877 0.000127653
    outer loop
      vertex 26.5701 2.73943 5.65
      vertex 26.4108 2.92107 4.43563
      vertex 26.4343 2.89424 4.43725
    endloop
  endfacet
  facet normal -0.751314 -0.659945 -0.000113482
    outer loop
      vertex 26.5701 2.73943 5.65
      vertex 26.4343 2.89424 4.43725
      vertex 26.4382 2.8898 4.43752
    endloop
  endfacet
  facet normal -0.750009 -0.661427 -0.000439233
    outer loop
      vertex 26.5701 2.73943 5.65
      vertex 26.4382 2.8898 4.43752
      vertex 26.4435 2.88379 4.43781
    endloop
  endfacet
  facet normal -0.751488 -0.659747 -8.46683e-05
    outer loop
      vertex 26.5701 2.73943 5.65
      vertex 26.4435 2.88379 4.43781
      vertex 26.4755 2.84734 4.43954
    endloop
  endfacet
  facet normal -0.752219 -0.658913 4.68382e-05
    outer loop
      vertex 26.5701 2.73943 5.65
      vertex 26.4755 2.84734 4.43954
      vertex 26.5154 2.80179 4.44135
    endloop
  endfacet
  facet normal -0.751316 -0.659942 -4.71398e-05
    outer loop
      vertex 26.5701 2.73943 5.65
      vertex 26.5154 2.80179 4.44135
      vertex 26.5219 2.79439 4.44165
    endloop
  endfacet
  facet normal -0.75349 -0.65746 0.000152444
    outer loop
      vertex 26.5701 2.73943 5.65
      vertex 26.5219 2.79439 4.44165
      vertex 26.5295 2.78568 4.44195
    endloop
  endfacet
  facet normal -0.751519 -0.659712 -0
    outer loop
      vertex 26.5701 2.73943 5.65
      vertex 26.5295 2.78568 4.44195
      vertex 26.5701 2.73943 4.44355
    endloop
  endfacet
  facet normal -0.751845 -0.65934 5.21963e-06
    outer loop
      vertex 26.4108 2.92107 4.43563
      vertex 26.5701 2.73943 5.65
      vertex 26.182 3.18198 5.65
    endloop
  endfacet
  facet normal -0.946933 -0.321432 0
    outer loop
      vertex 27.3467 1.16469 4.46182
      vertex 27.1575 1.72207 5.65
      vertex 27.1575 1.72207 4.45845
    endloop
  endfacet
  facet normal -0.946933 -0.321432 0
    outer loop
      vertex 27.1575 1.72207 5.65
      vertex 27.3467 1.16469 4.46182
      vertex 27.3467 1.16469 5.65
    endloop
  endfacet
  facet normal 0.195087 -0.980786 0
    outer loop
      vertex 21.8353 4.34667 4.30844
      vertex 22.4126 4.4615 5.65
      vertex 21.8353 4.34667 5.65
    endloop
  endfacet
  facet normal 0.195087 -0.980786 0
    outer loop
      vertex 22.4126 4.4615 5.65
      vertex 21.8353 4.34667 4.30844
      vertex 22.4126 4.4615 4.30611
    endloop
  endfacet
  facet normal 0.321437 -0.946931 0
    outer loop
      vertex 21.2779 4.15746 4.31562
      vertex 21.8353 4.34667 5.65
      vertex 21.2779 4.15746 5.65
    endloop
  endfacet
  facet normal 0.321437 -0.946931 0
    outer loop
      vertex 21.8353 4.34667 5.65
      vertex 21.2779 4.15746 4.31562
      vertex 21.8353 4.34667 4.30844
    endloop
  endfacet
  facet normal -0.195087 -0.980786 0
    outer loop
      vertex 23.5874 4.4615 5.65
      vertex 24.1647 4.34667 4.32816
      vertex 24.1647 4.34667 5.65
    endloop
  endfacet
  facet normal -0.195087 -0.980786 0
    outer loop
      vertex 24.1647 4.34667 4.32816
      vertex 23.5874 4.4615 5.65
      vertex 23.5874 4.4615 4.31605
    endloop
  endfacet
  facet normal 0.831491 -0.555539 0
    outer loop
      vertex 19.1029 2.25 5.65
      vertex 19.4299 2.73943 4.32064
      vertex 19.4299 2.73943 5.65
    endloop
  endfacet
  facet normal 0.831491 -0.555539 0
    outer loop
      vertex 19.4299 2.73943 4.32064
      vertex 19.1029 2.25 5.65
      vertex 19.1029 2.25 4.31481
    endloop
  endfacet
  facet normal 0.321437 0.946931 0
    outer loop
      vertex 21.8353 -4.34667 5.65
      vertex 21.2779 -4.15746 4.31562
      vertex 21.2779 -4.15746 5.65
    endloop
  endfacet
  facet normal 0.321437 0.946931 0
    outer loop
      vertex 21.2779 -4.15746 4.31562
      vertex 21.8353 -4.34667 5.65
      vertex 21.8353 -4.34667 4.30844
    endloop
  endfacet
  facet normal 0.659308 -0.751873 8.4165e-06
    outer loop
      vertex 20.0246 3.36313 4.33079
      vertex 20.2606 3.57009 5.65
      vertex 19.818 3.18198 5.65
    endloop
  endfacet
  facet normal 0.65909 -0.752064 0
    outer loop
      vertex 20.2606 3.57009 5.65
      vertex 20.2297 3.54301 4.33268
      vertex 20.2606 3.57009 4.3328
    endloop
  endfacet
  facet normal 0.659149 -0.752013 -2.41792e-06
    outer loop
      vertex 20.2606 3.57009 5.65
      vertex 20.1735 3.49375 4.33231
      vertex 20.2297 3.54301 4.33268
    endloop
  endfacet
  facet normal 0.65972 -0.751511 -6.92457e-05
    outer loop
      vertex 20.2606 3.57009 5.65
      vertex 20.1595 3.48146 4.33221
      vertex 20.1735 3.49375 4.33231
    endloop
  endfacet
  facet normal 0.658792 -0.752325 5.66681e-05
    outer loop
      vertex 20.2606 3.57009 5.65
      vertex 20.1447 3.4685 4.33207
      vertex 20.1595 3.48146 4.33221
    endloop
  endfacet
  facet normal 0.659495 -0.751709 -5.26021e-05
    outer loop
      vertex 20.2606 3.57009 5.65
      vertex 20.0856 3.41665 4.33152
      vertex 20.1447 3.4685 4.33207
    endloop
  endfacet
  facet normal 0.659516 -0.75169 -5.76642e-05
    outer loop
      vertex 20.2606 3.57009 5.65
      vertex 20.0246 3.36313 4.33079
      vertex 20.0856 3.41665 4.33152
    endloop
  endfacet
  facet normal 0.659685 -0.751542 0.000113097
    outer loop
      vertex 19.818 3.18198 5.65
      vertex 20.0093 3.3497 4.33061
      vertex 20.0246 3.36313 4.33079
    endloop
  endfacet
  facet normal 0.658233 -0.752814 -0.000259132
    outer loop
      vertex 19.818 3.18198 5.65
      vertex 19.9937 3.33606 4.33038
      vertex 20.0093 3.3497 4.33061
    endloop
  endfacet
  facet normal 0.659381 -0.751809 1.10329e-05
    outer loop
      vertex 19.818 3.18198 5.65
      vertex 19.9318 3.28177 4.3295
      vertex 19.9937 3.33606 4.33038
    endloop
  endfacet
  facet normal 0.659143 -0.752017 -2.52448e-05
    outer loop
      vertex 19.818 3.18198 5.65
      vertex 19.8701 3.22769 4.32847
      vertex 19.9318 3.28177 4.3295
    endloop
  endfacet
  facet normal 0.659323 -0.75186 -1.26832e-05
    outer loop
      vertex 19.818 3.18198 5.65
      vertex 19.8545 3.21401 4.32821
      vertex 19.8701 3.22769 4.32847
    endloop
  endfacet
  facet normal 0.659583 -0.751632 0
    outer loop
      vertex 19.8545 3.21401 4.32821
      vertex 19.818 3.18198 5.65
      vertex 19.818 3.18198 4.32756
    endloop
  endfacet
  facet normal 0 0 -1
    outer loop
      vertex 27.4615 -0.587367 5.65
      vertex 27.4615 0.587367 5.65
      vertex 27.5 0 5.65
    endloop
  endfacet
  facet normal 0 0 -1
    outer loop
      vertex 27.3467 -1.16469 5.65
      vertex 27.4615 0.587367 5.65
      vertex 27.4615 -0.587367 5.65
    endloop
  endfacet
  facet normal 0 0 -1
    outer loop
      vertex 27.3467 -1.16469 5.65
      vertex 27.3467 1.16469 5.65
      vertex 27.4615 0.587367 5.65
    endloop
  endfacet
  facet normal 0 0 -1
    outer loop
      vertex 27.1575 -1.72207 5.65
      vertex 27.3467 1.16469 5.65
      vertex 27.3467 -1.16469 5.65
    endloop
  endfacet
  facet normal 0 0 -1
    outer loop
      vertex 27.1575 -1.72207 5.65
      vertex 27.1575 1.72207 5.65
      vertex 27.3467 1.16469 5.65
    endloop
  endfacet
  facet normal 0 0 -1
    outer loop
      vertex 26.8971 -2.25 5.65
      vertex 27.1575 1.72207 5.65
      vertex 27.1575 -1.72207 5.65
    endloop
  endfacet
  facet normal 0 0 -1
    outer loop
      vertex 26.8971 -2.25 5.65
      vertex 26.8971 2.25 5.65
      vertex 27.1575 1.72207 5.65
    endloop
  endfacet
  facet normal 0 0 -1
    outer loop
      vertex 26.5701 -2.73943 5.65
      vertex 26.8971 2.25 5.65
      vertex 26.8971 -2.25 5.65
    endloop
  endfacet
  facet normal 0 0 -1
    outer loop
      vertex 26.5701 -2.73943 5.65
      vertex 26.5701 2.73943 5.65
      vertex 26.8971 2.25 5.65
    endloop
  endfacet
  facet normal 0 0 -1
    outer loop
      vertex 26.182 -3.18198 5.65
      vertex 26.5701 2.73943 5.65
      vertex 26.5701 -2.73943 5.65
    endloop
  endfacet
  facet normal 0 0 -1
    outer loop
      vertex 26.182 -3.18198 5.65
      vertex 26.182 3.18198 5.65
      vertex 26.5701 2.73943 5.65
    endloop
  endfacet
  facet normal 0 0 -1
    outer loop
      vertex 25.7394 -3.57009 5.65
      vertex 26.182 3.18198 5.65
      vertex 26.182 -3.18198 5.65
    endloop
  endfacet
  facet normal 0 0 -1
    outer loop
      vertex 25.7394 -3.57009 5.65
      vertex 25.7394 3.57009 5.65
      vertex 26.182 3.18198 5.65
    endloop
  endfacet
  facet normal 0 0 -1
    outer loop
      vertex 25.25 -3.89711 5.65
      vertex 25.7394 3.57009 5.65
      vertex 25.7394 -3.57009 5.65
    endloop
  endfacet
  facet normal 0 0 -1
    outer loop
      vertex 25.25 -3.89711 5.65
      vertex 25.25 3.89711 5.65
      vertex 25.7394 3.57009 5.65
    endloop
  endfacet
  facet normal 0 0 -1
    outer loop
      vertex 24.7221 -4.15746 5.65
      vertex 25.25 3.89711 5.65
      vertex 25.25 -3.89711 5.65
    endloop
  endfacet
  facet normal 0 0 -1
    outer loop
      vertex 24.7221 -4.15746 5.65
      vertex 24.7221 4.15746 5.65
      vertex 25.25 3.89711 5.65
    endloop
  endfacet
  facet normal 0 0 -1
    outer loop
      vertex 24.1647 -4.34667 5.65
      vertex 24.7221 4.15746 5.65
      vertex 24.7221 -4.15746 5.65
    endloop
  endfacet
  facet normal 0 0 -1
    outer loop
      vertex 24.1647 -4.34667 5.65
      vertex 24.1647 4.34667 5.65
      vertex 24.7221 4.15746 5.65
    endloop
  endfacet
  facet normal 0 0 -1
    outer loop
      vertex 23.5874 -4.4615 5.65
      vertex 24.1647 4.34667 5.65
      vertex 24.1647 -4.34667 5.65
    endloop
  endfacet
  facet normal 0 0 -1
    outer loop
      vertex 23.5874 -4.4615 5.65
      vertex 23.5874 4.4615 5.65
      vertex 24.1647 4.34667 5.65
    endloop
  endfacet
  facet normal 0 0 -1
    outer loop
      vertex 23 -4.5 5.65
      vertex 23.5874 4.4615 5.65
      vertex 23.5874 -4.4615 5.65
    endloop
  endfacet
  facet normal 0 0 -1
    outer loop
      vertex 23 -4.5 5.65
      vertex 23 4.5 5.65
      vertex 23.5874 4.4615 5.65
    endloop
  endfacet
  facet normal 0 0 -1
    outer loop
      vertex 22.4126 -4.4615 5.65
      vertex 23 4.5 5.65
      vertex 23 -4.5 5.65
    endloop
  endfacet
  facet normal 0 0 -1
    outer loop
      vertex 22.4126 -4.4615 5.65
      vertex 22.4126 4.4615 5.65
      vertex 23 4.5 5.65
    endloop
  endfacet
  facet normal 0 0 -1
    outer loop
      vertex 21.8353 -4.34667 5.65
      vertex 22.4126 4.4615 5.65
      vertex 22.4126 -4.4615 5.65
    endloop
  endfacet
  facet normal 0 0 -1
    outer loop
      vertex 21.8353 -4.34667 5.65
      vertex 21.8353 4.34667 5.65
      vertex 22.4126 4.4615 5.65
    endloop
  endfacet
  facet normal 0 0 -1
    outer loop
      vertex 21.2779 -4.15746 5.65
      vertex 21.8353 4.34667 5.65
      vertex 21.8353 -4.34667 5.65
    endloop
  endfacet
  facet normal 0 0 -1
    outer loop
      vertex 21.2779 -4.15746 5.65
      vertex 21.2779 4.15746 5.65
      vertex 21.8353 4.34667 5.65
    endloop
  endfacet
  facet normal 0 0 -1
    outer loop
      vertex 20.75 -3.89711 5.65
      vertex 21.2779 4.15746 5.65
      vertex 21.2779 -4.15746 5.65
    endloop
  endfacet
  facet normal 0 0 -1
    outer loop
      vertex 20.75 -3.89711 5.65
      vertex 20.75 3.89711 5.65
      vertex 21.2779 4.15746 5.65
    endloop
  endfacet
  facet normal 0 0 -1
    outer loop
      vertex 20.2606 -3.57009 5.65
      vertex 20.75 3.89711 5.65
      vertex 20.75 -3.89711 5.65
    endloop
  endfacet
  facet normal 0 0 -1
    outer loop
      vertex 20.2606 -3.57009 5.65
      vertex 20.2606 3.57009 5.65
      vertex 20.75 3.89711 5.65
    endloop
  endfacet
  facet normal 0 0 -1
    outer loop
      vertex 19.818 -3.18198 5.65
      vertex 20.2606 3.57009 5.65
      vertex 20.2606 -3.57009 5.65
    endloop
  endfacet
  facet normal 0 0 -1
    outer loop
      vertex 19.818 -3.18198 5.65
      vertex 19.818 3.18198 5.65
      vertex 20.2606 3.57009 5.65
    endloop
  endfacet
  facet normal 0 0 -1
    outer loop
      vertex 19.4299 -2.73943 5.65
      vertex 19.818 3.18198 5.65
      vertex 19.818 -3.18198 5.65
    endloop
  endfacet
  facet normal 0 0 -1
    outer loop
      vertex 19.4299 -2.73943 5.65
      vertex 19.4299 2.73943 5.65
      vertex 19.818 3.18198 5.65
    endloop
  endfacet
  facet normal 0 0 -1
    outer loop
      vertex 19.1029 -2.25 5.65
      vertex 19.4299 2.73943 5.65
      vertex 19.4299 -2.73943 5.65
    endloop
  endfacet
  facet normal 0 0 -1
    outer loop
      vertex 19.1029 -2.25 5.65
      vertex 19.1029 2.25 5.65
      vertex 19.4299 2.73943 5.65
    endloop
  endfacet
  facet normal 0 0 -1
    outer loop
      vertex 18.8425 -1.72207 5.65
      vertex 19.1029 2.25 5.65
      vertex 19.1029 -2.25 5.65
    endloop
  endfacet
  facet normal 0 0 -1
    outer loop
      vertex 18.8425 -1.72207 5.65
      vertex 18.8425 1.72207 5.65
      vertex 19.1029 2.25 5.65
    endloop
  endfacet
  facet normal 0 0 -1
    outer loop
      vertex 18.6533 -1.16469 5.65
      vertex 18.8425 1.72207 5.65
      vertex 18.8425 -1.72207 5.65
    endloop
  endfacet
  facet normal 0 0 -1
    outer loop
      vertex 18.6533 -1.16469 5.65
      vertex 18.6533 1.16469 5.65
      vertex 18.8425 1.72207 5.65
    endloop
  endfacet
  facet normal 0 0 -1
    outer loop
      vertex 18.5385 -0.587367 5.65
      vertex 18.6533 1.16469 5.65
      vertex 18.6533 -1.16469 5.65
    endloop
  endfacet
  facet normal 0 0 -1
    outer loop
      vertex 18.5385 -0.587367 5.65
      vertex 18.5385 0.587367 5.65
      vertex 18.6533 1.16469 5.65
    endloop
  endfacet
  facet normal 0 -0 -1
    outer loop
      vertex 18.5385 0.587367 5.65
      vertex 18.5385 -0.587367 5.65
      vertex 18.5 0 5.65
    endloop
  endfacet
  facet normal 0.896837 -0.442362 0
    outer loop
      vertex 18.8425 1.72207 5.65
      vertex 19.1029 2.25 4.31481
      vertex 19.1029 2.25 5.65
    endloop
  endfacet
  facet normal 0.896837 -0.442362 0
    outer loop
      vertex 19.1029 2.25 4.31481
      vertex 18.8425 1.72207 5.65
      vertex 18.8425 1.72207 4.31017
    endloop
  endfacet
  facet normal 0.65909 0.752064 0
    outer loop
      vertex 20.2297 -3.54301 4.33268
      vertex 20.2606 -3.57009 5.65
      vertex 20.2606 -3.57009 4.3328
    endloop
  endfacet
  facet normal 0.659149 0.752013 -2.41792e-06
    outer loop
      vertex 20.1735 -3.49375 4.33231
      vertex 20.2606 -3.57009 5.65
      vertex 20.2297 -3.54301 4.33268
    endloop
  endfacet
  facet normal 0.65972 0.751511 -6.92457e-05
    outer loop
      vertex 20.1595 -3.48146 4.33221
      vertex 20.2606 -3.57009 5.65
      vertex 20.1735 -3.49375 4.33231
    endloop
  endfacet
  facet normal 0.658792 0.752325 5.66681e-05
    outer loop
      vertex 20.1447 -3.4685 4.33207
      vertex 20.2606 -3.57009 5.65
      vertex 20.1595 -3.48146 4.33221
    endloop
  endfacet
  facet normal 0.659495 0.751709 -5.26021e-05
    outer loop
      vertex 20.0856 -3.41665 4.33152
      vertex 20.2606 -3.57009 5.65
      vertex 20.1447 -3.4685 4.33207
    endloop
  endfacet
  facet normal 0.659516 0.75169 -5.76642e-05
    outer loop
      vertex 20.0246 -3.36313 4.33079
      vertex 20.2606 -3.57009 5.65
      vertex 20.0856 -3.41665 4.33152
    endloop
  endfacet
  facet normal 0.659308 0.751873 8.4165e-06
    outer loop
      vertex 20.2606 -3.57009 5.65
      vertex 20.0246 -3.36313 4.33079
      vertex 19.818 -3.18198 5.65
    endloop
  endfacet
  facet normal 0.659685 0.751542 0.000113097
    outer loop
      vertex 20.0093 -3.3497 4.33061
      vertex 19.818 -3.18198 5.65
      vertex 20.0246 -3.36313 4.33079
    endloop
  endfacet
  facet normal 0.658233 0.752814 -0.000259132
    outer loop
      vertex 19.9937 -3.33606 4.33038
      vertex 19.818 -3.18198 5.65
      vertex 20.0093 -3.3497 4.33061
    endloop
  endfacet
  facet normal 0.659381 0.751809 1.10329e-05
    outer loop
      vertex 19.9318 -3.28177 4.3295
      vertex 19.818 -3.18198 5.65
      vertex 19.9937 -3.33606 4.33038
    endloop
  endfacet
  facet normal 0.659143 0.752017 -2.52448e-05
    outer loop
      vertex 19.8701 -3.22769 4.32847
      vertex 19.818 -3.18198 5.65
      vertex 19.9318 -3.28177 4.3295
    endloop
  endfacet
  facet normal 0.659323 0.75186 -1.26832e-05
    outer loop
      vertex 19.8545 -3.21401 4.32821
      vertex 19.818 -3.18198 5.65
      vertex 19.8701 -3.22769 4.32847
    endloop
  endfacet
  facet normal 0.659583 0.751632 0
    outer loop
      vertex 19.818 -3.18198 5.65
      vertex 19.8545 -3.21401 4.32821
      vertex 19.818 -3.18198 4.32756
    endloop
  endfacet
  facet normal -0.555589 -0.831457 0
    outer loop
      vertex 47.875 1.51554 3.69454
      vertex 47.9225 1.4838 5.40455
      vertex 47.875 1.51554 5.41837
    endloop
  endfacet
  facet normal -0.555627 -0.831432 1.52602e-06
    outer loop
      vertex 47.9225 1.4838 5.40455
      vertex 47.875 1.51554 3.69454
      vertex 48.0653 1.38837 5.34936
    endloop
  endfacet
  facet normal -0.555617 -0.831438 -0
    outer loop
      vertex 48.0653 1.38837 5.34936
      vertex 47.875 1.51554 3.69454
      vertex 48.0653 1.38837 3.63457
    endloop
  endfacet
  facet normal -0.946905 0.321513 0
    outer loop
      vertex 48.6168 -0.669696 3.45412
      vertex 48.6904 -0.452933 5.12852
      vertex 48.6904 -0.452933 3.42552
    endloop
  endfacet
  facet normal -0.946905 0.321513 0
    outer loop
      vertex 48.6904 -0.452933 5.12852
      vertex 48.6168 -0.669696 3.45412
      vertex 48.6168 -0.669696 5.15544
    endloop
  endfacet
  facet normal 0.659352 0.751835 0
    outer loop
      vertex 45.9347 -1.38837 5.65
      vertex 45.7626 -1.23744 4.30777
      vertex 45.7626 -1.23744 5.65
    endloop
  endfacet
  facet normal 0.659352 0.751835 0
    outer loop
      vertex 45.7626 -1.23744 4.30777
      vertex 45.9347 -1.38837 5.65
      vertex 45.9347 -1.38837 4.26547
    endloop
  endfacet
  facet normal -0.195108 -0.980782 0
    outer loop
      vertex 47.2284 1.73503 3.89799
      vertex 47.4529 1.69037 5.53833
      vertex 47.2284 1.73503 5.60611
    endloop
  endfacet
  facet normal -0.195044 -0.980795 -9.11565e-06
    outer loop
      vertex 47.4477 1.69142 3.82627
      vertex 47.4529 1.69037 5.53833
      vertex 47.2284 1.73503 3.89799
    endloop
  endfacet
  facet normal -0.197928 -0.980216 -0
    outer loop
      vertex 47.4529 1.69037 5.53833
      vertex 47.4477 1.69142 3.82627
      vertex 47.4529 1.69037 3.82454
    endloop
  endfacet
  facet normal -0.0653389 0.997863 0.000332678
    outer loop
      vertex 47.2284 -1.73503 5.60611
      vertex 47 -1.75 5.65
      vertex 47.0898 -1.74412 5.65
    endloop
  endfacet
  facet normal -0.0654026 0.997859 0
    outer loop
      vertex 47.2284 -1.73503 5.60611
      vertex 47 -1.75 3.96389
      vertex 47 -1.75 5.65
    endloop
  endfacet
  facet normal -0.0654118 0.997858 1.28837e-06
    outer loop
      vertex 47.2284 -1.73503 5.60611
      vertex 47.1466 -1.74039 3.92605
      vertex 47 -1.75 3.96389
    endloop
  endfacet
  facet normal -0.0653855 0.99786 0
    outer loop
      vertex 47.1466 -1.74039 3.92605
      vertex 47.2284 -1.73503 5.60611
      vertex 47.2284 -1.73503 3.89799
    endloop
  endfacet
  facet normal -0.896228 -0.443595 0
    outer loop
      vertex 48.5155 0.875 3.49534
      vertex 48.5235 0.858837 5.19211
      vertex 48.5155 0.875 5.19423
    endloop
  endfacet
  facet normal -0.896248 -0.443554 -0.000164791
    outer loop
      vertex 48.6168 0.669696 5.15544
      vertex 48.5155 0.875 3.49534
      vertex 48.5235 0.858836 3.49309
    endloop
  endfacet
  facet normal -0.896823 -0.44239 -0
    outer loop
      vertex 48.6168 0.669696 5.15544
      vertex 48.5235 0.858836 3.49309
      vertex 48.6168 0.669696 3.45412
    endloop
  endfacet
  facet normal -0.896823 -0.44239 1.42815e-05
    outer loop
      vertex 48.5155 0.875 3.49534
      vertex 48.6168 0.669696 5.15544
      vertex 48.5235 0.858837 5.19211
    endloop
  endfacet
  facet normal 0 0 -1
    outer loop
      vertex 45.265 -0.22842 5.65
      vertex 47.3918 0 5.65
      vertex 47.3697 -0.337132 5.65
    endloop
  endfacet
  facet normal 0 0 -1
    outer loop
      vertex 45.6116 -1.06533 5.65
      vertex 47.3697 -0.337132 5.65
      vertex 47.3457 -0.703774 5.65
    endloop
  endfacet
  facet normal 0 0 -1
    outer loop
      vertex 45.265 -0.22842 5.65
      vertex 47.3697 -0.337132 5.65
      vertex 45.3096 -0.452933 5.65
    endloop
  endfacet
  facet normal 0 0 -1
    outer loop
      vertex 45.9347 -1.38837 5.65
      vertex 47.3457 -0.703774 5.65
      vertex 47.274 -1.06414 5.65
    endloop
  endfacet
  facet normal -0 0 -1
    outer loop
      vertex 47.3918 0 5.65
      vertex 45.265 -0.22842 5.65
      vertex 45.25 0 5.65
    endloop
  endfacet
  facet normal 0 0 -1
    outer loop
      vertex 46.5471 -1.69037 5.65
      vertex 47.274 -1.06414 5.65
      vertex 47.2081 -1.39551 5.65
    endloop
  endfacet
  facet normal 0 0 -1
    outer loop
      vertex 47.3697 -0.337132 5.65
      vertex 45.3832 -0.669696 5.65
      vertex 45.3096 -0.452933 5.65
    endloop
  endfacet
  facet normal 0 0 -1
    outer loop
      vertex 47 -1.75 5.65
      vertex 47.2081 -1.39551 5.65
      vertex 47.09 -1.74344 5.65
    endloop
  endfacet
  facet normal 0 0 -1
    outer loop
      vertex 47.274 -1.06414 5.65
      vertex 46.5471 -1.69037 5.65
      vertex 46.3303 -1.61679 5.65
    endloop
  endfacet
  facet normal 0 0 -1
    outer loop
      vertex 47 -1.75 5.65
      vertex 47.09 -1.74344 5.65
      vertex 47.0898 -1.74412 5.65
    endloop
  endfacet
  facet normal 0 0 -1
    outer loop
      vertex 47.274 -1.06414 5.65
      vertex 46.3303 -1.61679 5.65
      vertex 46.125 -1.51554 5.65
    endloop
  endfacet
  facet normal 0 0 -1
    outer loop
      vertex 47.2081 -1.39551 5.65
      vertex 47 -1.75 5.65
      vertex 46.7716 -1.73503 5.65
    endloop
  endfacet
  facet normal 0 0 -1
    outer loop
      vertex 47.2081 -1.39551 5.65
      vertex 46.7716 -1.73503 5.65
      vertex 46.5471 -1.69037 5.65
    endloop
  endfacet
  facet normal 0 -0 -1
    outer loop
      vertex 46.7716 1.73503 5.65
      vertex 47.2081 1.39551 5.65
      vertex 46.5471 1.69037 5.65
    endloop
  endfacet
  facet normal 0 0 -1
    outer loop
      vertex 47.09 1.74344 5.65
      vertex 47 1.75 5.65
      vertex 47.0898 1.74412 5.65
    endloop
  endfacet
  facet normal 0 -0 -1
    outer loop
      vertex 47 1.75 5.65
      vertex 47.2081 1.39551 5.65
      vertex 46.7716 1.73503 5.65
    endloop
  endfacet
  facet normal 0 0 -1
    outer loop
      vertex 47.2081 1.39551 5.65
      vertex 47 1.75 5.65
      vertex 47.09 1.74344 5.65
    endloop
  endfacet
  facet normal 0 0 -1
    outer loop
      vertex 47.274 -1.06414 5.65
      vertex 46.125 -1.51554 5.65
      vertex 45.9347 -1.38837 5.65
    endloop
  endfacet
  facet normal 0 0 -1
    outer loop
      vertex 47.274 1.06414 5.65
      vertex 46.5471 1.69037 5.65
      vertex 47.2081 1.39551 5.65
    endloop
  endfacet
  facet normal 0 0 -1
    outer loop
      vertex 47.3457 -0.703774 5.65
      vertex 45.9347 -1.38837 5.65
      vertex 45.7626 -1.23744 5.65
    endloop
  endfacet
  facet normal 0 -0 -1
    outer loop
      vertex 46.5471 1.69037 5.65
      vertex 47.274 1.06414 5.65
      vertex 46.3303 1.61679 5.65
    endloop
  endfacet
  facet normal 0 0 -1
    outer loop
      vertex 47.3457 -0.703774 5.65
      vertex 45.7626 -1.23744 5.65
      vertex 45.6116 -1.06533 5.65
    endloop
  endfacet
  facet normal 0 -0 -1
    outer loop
      vertex 46.3303 1.61679 5.65
      vertex 47.274 1.06414 5.65
      vertex 46.125 1.51554 5.65
    endloop
  endfacet
  facet normal 0 0 -1
    outer loop
      vertex 47.3697 -0.337132 5.65
      vertex 45.6116 -1.06533 5.65
      vertex 45.4845 -0.875 5.65
    endloop
  endfacet
  facet normal 0 -0 -1
    outer loop
      vertex 46.125 1.51554 5.65
      vertex 47.274 1.06414 5.65
      vertex 45.9347 1.38837 5.65
    endloop
  endfacet
  facet normal 0 0 -1
    outer loop
      vertex 47.3697 -0.337132 5.65
      vertex 45.4845 -0.875 5.65
      vertex 45.3832 -0.669696 5.65
    endloop
  endfacet
  facet normal 0 0 -1
    outer loop
      vertex 47.3457 0.703774 5.65
      vertex 45.9347 1.38837 5.65
      vertex 47.274 1.06414 5.65
    endloop
  endfacet
  facet normal 0 -0 -1
    outer loop
      vertex 45.265 0.22842 5.65
      vertex 47.3918 0 5.65
      vertex 45.25 0 5.65
    endloop
  endfacet
  facet normal 0 -0 -1
    outer loop
      vertex 45.9347 1.38837 5.65
      vertex 47.3457 0.703774 5.65
      vertex 45.7626 1.23744 5.65
    endloop
  endfacet
  facet normal 0 0 -1
    outer loop
      vertex 47.3918 0 5.65
      vertex 45.265 0.22842 5.65
      vertex 47.3697 0.337132 5.65
    endloop
  endfacet
  facet normal 0 -0 -1
    outer loop
      vertex 45.7626 1.23744 5.65
      vertex 47.3457 0.703774 5.65
      vertex 45.6116 1.06533 5.65
    endloop
  endfacet
  facet normal 0 -0 -1
    outer loop
      vertex 45.3096 0.452933 5.65
      vertex 47.3697 0.337132 5.65
      vertex 45.265 0.22842 5.65
    endloop
  endfacet
  facet normal 0 0 -1
    outer loop
      vertex 47.3697 0.337132 5.65
      vertex 45.6116 1.06533 5.65
      vertex 47.3457 0.703774 5.65
    endloop
  endfacet
  facet normal 0 -0 -1
    outer loop
      vertex 45.3832 0.669696 5.65
      vertex 47.3697 0.337132 5.65
      vertex 45.3096 0.452933 5.65
    endloop
  endfacet
  facet normal 0 -0 -1
    outer loop
      vertex 45.6116 1.06533 5.65
      vertex 47.3697 0.337132 5.65
      vertex 45.4845 0.875 5.65
    endloop
  endfacet
  facet normal 0 -0 -1
    outer loop
      vertex 45.4845 0.875 5.65
      vertex 47.3697 0.337132 5.65
      vertex 45.3832 0.669696 5.65
    endloop
  endfacet
  facet normal -0.980771 -0.195164 0
    outer loop
      vertex 48.6904 0.452933 3.42552
      vertex 48.7081 0.363984 5.12314
      vertex 48.6904 0.452933 5.12852
    endloop
  endfacet
  facet normal -0.980833 -0.194851 -8.24785e-07
    outer loop
      vertex 48.735 0.22842 5.11494
      vertex 48.6904 0.452933 3.42552
      vertex 48.7215 0.296383 3.41546
    endloop
  endfacet
  facet normal -0.980837 -0.194831 -0
    outer loop
      vertex 48.735 0.22842 5.11494
      vertex 48.7215 0.296383 3.41546
      vertex 48.735 0.22842 3.41109
    endloop
  endfacet
  facet normal -0.980875 -0.194637 2.86986e-05
    outer loop
      vertex 48.6904 0.452933 3.42552
      vertex 48.735 0.22842 5.11494
      vertex 48.7081 0.363984 5.12314
    endloop
  endfacet
  facet normal -0.195108 0.980782 0
    outer loop
      vertex 47.4529 -1.69037 5.53833
      vertex 47.2284 -1.73503 3.89799
      vertex 47.2284 -1.73503 5.60611
    endloop
  endfacet
  facet normal -0.195044 0.980795 -9.11565e-06
    outer loop
      vertex 47.4529 -1.69037 5.53833
      vertex 47.4477 -1.69142 3.82627
      vertex 47.2284 -1.73503 3.89799
    endloop
  endfacet
  facet normal -0.197928 0.980216 0
    outer loop
      vertex 47.4477 -1.69142 3.82627
      vertex 47.4529 -1.69037 5.53833
      vertex 47.4529 -1.69037 3.82454
    endloop
  endfacet
  facet normal 0.997835 -0.0657681 0
    outer loop
      vertex 45.265 0.22842 5.65
      vertex 45.2533 0.0509074 4.44996
      vertex 45.265 0.22842 4.44532
    endloop
  endfacet
  facet normal 0.997851 -0.0655274 -3.57658e-05
    outer loop
      vertex 45.25 0 5.65
      vertex 45.2533 0.0509074 4.44996
      vertex 45.265 0.22842 5.65
    endloop
  endfacet
  facet normal 0.997906 -0.0646878 0
    outer loop
      vertex 45.2533 0.0509074 4.44996
      vertex 45.25 0 5.65
      vertex 45.25 0 4.4513
    endloop
  endfacet
  facet normal -0.751859 -0.659324 0
    outer loop
      vertex 48.2374 1.23744 3.58294
      vertex 48.341 1.1193 5.25034
      vertex 48.2374 1.23744 5.28604
    endloop
  endfacet
  facet normal -0.751676 -0.659532 -5.39109e-06
    outer loop
      vertex 48.3884 1.06533 5.23403
      vertex 48.2374 1.23744 3.58294
      vertex 48.3545 1.10398 3.55005
    endloop
  endfacet
  facet normal -0.751793 -0.659399 -0
    outer loop
      vertex 48.3884 1.06533 5.23403
      vertex 48.3545 1.10398 3.55005
      vertex 48.3884 1.06533 3.53764
    endloop
  endfacet
  facet normal -0.75137 -0.659881 -6.98428e-05
    outer loop
      vertex 48.2374 1.23744 3.58294
      vertex 48.3884 1.06533 5.23403
      vertex 48.341 1.1193 5.25034
    endloop
  endfacet
  facet normal -0.997851 -0.0655274 0
    outer loop
      vertex 48.75 0 3.41109
      vertex 48.735 0.22842 5.11494
      vertex 48.735 0.22842 3.41109
    endloop
  endfacet
  facet normal -0.997851 -0.0655274 0
    outer loop
      vertex 48.735 0.22842 5.11494
      vertex 48.75 0 3.41109
      vertex 48.75 0 5.11494
    endloop
  endfacet
  facet normal 0.321386 -0.946948 0
    outer loop
      vertex 46.3303 1.61679 4.15262
      vertex 46.5471 1.69037 5.65
      vertex 46.3303 1.61679 5.65
    endloop
  endfacet
  facet normal 0.321386 -0.946948 0
    outer loop
      vertex 46.5471 1.69037 5.65
      vertex 46.3303 1.61679 4.15262
      vertex 46.5471 1.69037 4.0888
    endloop
  endfacet
  facet normal -0.997851 0.0655274 0
    outer loop
      vertex 48.735 -0.22842 3.41109
      vertex 48.75 0 5.11494
      vertex 48.75 0 3.41109
    endloop
  endfacet
  facet normal -0.997851 0.0655274 0
    outer loop
      vertex 48.75 0 5.11494
      vertex 48.735 -0.22842 3.41109
      vertex 48.735 -0.22842 5.11494
    endloop
  endfacet
  facet normal 0.442314 0.89686 0
    outer loop
      vertex 46.3303 -1.61679 5.65
      vertex 46.125 -1.51554 4.21589
      vertex 46.125 -1.51554 5.65
    endloop
  endfacet
  facet normal 0.442314 0.89686 0
    outer loop
      vertex 46.125 -1.51554 4.21589
      vertex 46.3303 -1.61679 5.65
      vertex 46.3303 -1.61679 4.15262
    endloop
  endfacet
  facet normal -0.659352 0.751835 0
    outer loop
      vertex 48.2374 -1.23744 5.28604
      vertex 48.0653 -1.38837 3.63457
      vertex 48.0653 -1.38837 5.34936
    endloop
  endfacet
  facet normal -0.659352 0.751835 0
    outer loop
      vertex 48.0653 -1.38837 3.63457
      vertex 48.2374 -1.23744 5.28604
      vertex 48.2374 -1.23744 3.58294
    endloop
  endfacet
  facet normal -0.946905 -0.321513 -0
    outer loop
      vertex 48.6904 0.452933 5.12852
      vertex 48.6168 0.669696 3.45412
      vertex 48.6904 0.452933 3.42552
    endloop
  endfacet
  facet normal -0.946905 -0.321513 0
    outer loop
      vertex 48.6168 0.669696 3.45412
      vertex 48.6904 0.452933 5.12852
      vertex 48.6168 0.669696 5.15544
    endloop
  endfacet
  facet normal 0.659352 -0.751835 0
    outer loop
      vertex 45.7626 1.23744 4.30777
      vertex 45.9347 1.38837 5.65
      vertex 45.7626 1.23744 5.65
    endloop
  endfacet
  facet normal 0.659352 -0.751835 0
    outer loop
      vertex 45.9347 1.38837 5.65
      vertex 45.7626 1.23744 4.30777
      vertex 45.9347 1.38837 4.26547
    endloop
  endfacet
  facet normal -0.442394 -0.896821 0
    outer loop
      vertex 47.6697 1.61679 3.75726
      vertex 47.7979 1.55355 5.44168
      vertex 47.6697 1.61679 5.47624
    endloop
  endfacet
  facet normal -0.442186 -0.896923 -1.97265e-05
    outer loop
      vertex 47.7979 1.55355 5.44168
      vertex 47.6697 1.61679 3.75726
      vertex 47.875 1.51554 5.41837
    endloop
  endfacet
  facet normal -0.442391 -0.896822 1.18766e-05
    outer loop
      vertex 47.7979 1.55355 3.7198
      vertex 47.875 1.51554 5.41837
      vertex 47.6697 1.61679 3.75726
    endloop
  endfacet
  facet normal -0.442181 -0.896926 -0
    outer loop
      vertex 47.875 1.51554 5.41837
      vertex 47.7979 1.55355 3.7198
      vertex 47.875 1.51554 3.69454
    endloop
  endfacet
  facet normal -0.831833 0.555026 0
    outer loop
      vertex 48.4715 -0.940944 3.51
      vertex 48.5155 -0.875 5.19423
      vertex 48.5155 -0.875 3.49534
    endloop
  endfacet
  facet normal -0.83151 0.55551 -2.73963e-05
    outer loop
      vertex 48.3884 -1.06533 3.53764
      vertex 48.5155 -0.875 5.19423
      vertex 48.4715 -0.940944 3.51
    endloop
  endfacet
  facet normal -0.83162 0.555345 0
    outer loop
      vertex 48.5155 -0.875 5.19423
      vertex 48.3884 -1.06533 3.53764
      vertex 48.3884 -1.06533 5.23403
    endloop
  endfacet
  facet normal 0.751702 0.659503 0
    outer loop
      vertex 45.7626 -1.23744 5.65
      vertex 45.6116 -1.06533 4.34742
      vertex 45.6116 -1.06533 5.65
    endloop
  endfacet
  facet normal 0.751702 0.659503 0
    outer loop
      vertex 45.6116 -1.06533 4.34742
      vertex 45.7626 -1.23744 5.65
      vertex 45.7626 -1.23744 4.30777
    endloop
  endfacet
  facet normal 0.0654026 0.997859 0
    outer loop
      vertex 47 -1.75 5.65
      vertex 46.7716 -1.73503 4.02554
      vertex 46.7716 -1.73503 5.65
    endloop
  endfacet
  facet normal 0.0654026 0.997859 0
    outer loop
      vertex 46.7716 -1.73503 4.02554
      vertex 47 -1.75 5.65
      vertex 47 -1.75 3.96389
    endloop
  endfacet
  facet normal 0.896777 0.442483 0
    outer loop
      vertex 45.4845 -0.875 5.65
      vertex 45.3832 -0.669696 4.41013
      vertex 45.3832 -0.669696 5.65
    endloop
  endfacet
  facet normal 0.896779 0.442479 -7.52906e-07
    outer loop
      vertex 45.3832 -0.669696 4.41013
      vertex 45.4845 -0.875 5.65
      vertex 45.4182 -0.740631 4.4005
    endloop
  endfacet
  facet normal 0.896776 0.442485 0
    outer loop
      vertex 45.4182 -0.740631 4.4005
      vertex 45.4845 -0.875 5.65
      vertex 45.4845 -0.875 4.38226
    endloop
  endfacet
  facet normal 0.321386 0.946948 0
    outer loop
      vertex 46.5471 -1.69037 5.65
      vertex 46.3303 -1.61679 4.15262
      vertex 46.3303 -1.61679 5.65
    endloop
  endfacet
  facet normal 0.321386 0.946948 0
    outer loop
      vertex 46.3303 -1.61679 4.15262
      vertex 46.5471 -1.69037 5.65
      vertex 46.5471 -1.69037 4.0888
    endloop
  endfacet
  facet normal 0.555617 -0.831438 0
    outer loop
      vertex 45.9347 1.38837 4.26547
      vertex 46.125 1.51554 5.65
      vertex 45.9347 1.38837 5.65
    endloop
  endfacet
  facet normal 0.555618 -0.831438 -6.1861e-08
    outer loop
      vertex 46.0664 1.47638 4.23487
      vertex 46.125 1.51554 5.65
      vertex 45.9347 1.38837 4.26547
    endloop
  endfacet
  facet normal 0.555617 -0.831439 0
    outer loop
      vertex 46.125 1.51554 5.65
      vertex 46.0664 1.47638 4.23487
      vertex 46.125 1.51554 4.21589
    endloop
  endfacet
  facet normal -0.321379 -0.946951 0
    outer loop
      vertex 47.4529 1.69037 3.82454
      vertex 47.589 1.64418 5.49935
      vertex 47.4529 1.69037 5.53833
    endloop
  endfacet
  facet normal -0.321397 -0.946944 1.68434e-06
    outer loop
      vertex 47.4529 1.69037 3.82454
      vertex 47.6697 1.61679 5.47624
      vertex 47.589 1.64418 5.49935
    endloop
  endfacet
  facet normal -0.321386 -0.946948 -0
    outer loop
      vertex 47.6697 1.61679 5.47624
      vertex 47.4529 1.69037 3.82454
      vertex 47.6697 1.61679 3.75726
    endloop
  endfacet
  facet normal -0.83151 -0.55551 -2.73963e-05
    outer loop
      vertex 48.5155 0.875 5.19423
      vertex 48.3884 1.06533 3.53764
      vertex 48.4715 0.940944 3.51
    endloop
  endfacet
  facet normal -0.831833 -0.555026 -0
    outer loop
      vertex 48.5155 0.875 5.19423
      vertex 48.4715 0.940944 3.51
      vertex 48.5155 0.875 3.49534
    endloop
  endfacet
  facet normal -0.83162 -0.555345 0
    outer loop
      vertex 48.3884 1.06533 3.53764
      vertex 48.5155 0.875 5.19423
      vertex 48.3884 1.06533 5.23403
    endloop
  endfacet
  facet normal -0.896823 0.44239 0
    outer loop
      vertex 48.5235 -0.858836 3.49309
      vertex 48.6168 -0.669696 5.15544
      vertex 48.6168 -0.669696 3.45412
    endloop
  endfacet
  facet normal -0.896248 0.443554 -0.000164791
    outer loop
      vertex 48.5155 -0.875 3.49534
      vertex 48.6168 -0.669696 5.15544
      vertex 48.5235 -0.858836 3.49309
    endloop
  endfacet
  facet normal -0.896823 0.44239 1.42815e-05
    outer loop
      vertex 48.6168 -0.669696 5.15544
      vertex 48.5155 -0.875 3.49534
      vertex 48.5235 -0.858837 5.19211
    endloop
  endfacet
  facet normal -0.896228 0.443595 0
    outer loop
      vertex 48.5235 -0.858837 5.19211
      vertex 48.5155 -0.875 3.49534
      vertex 48.5155 -0.875 5.19423
    endloop
  endfacet
  facet normal -0.659352 -0.751835 0
    outer loop
      vertex 48.0653 1.38837 3.63457
      vertex 48.2374 1.23744 5.28604
      vertex 48.0653 1.38837 5.34936
    endloop
  endfacet
  facet normal -0.659352 -0.751835 -0
    outer loop
      vertex 48.2374 1.23744 5.28604
      vertex 48.0653 1.38837 3.63457
      vertex 48.2374 1.23744 3.58294
    endloop
  endfacet
  facet normal -0.980837 0.194831 0
    outer loop
      vertex 48.7215 -0.296383 3.41546
      vertex 48.735 -0.22842 5.11494
      vertex 48.735 -0.22842 3.41109
    endloop
  endfacet
  facet normal -0.980833 0.194851 -8.24785e-07
    outer loop
      vertex 48.6904 -0.452933 3.42552
      vertex 48.735 -0.22842 5.11494
      vertex 48.7215 -0.296383 3.41546
    endloop
  endfacet
  facet normal -0.980875 0.194637 2.86986e-05
    outer loop
      vertex 48.735 -0.22842 5.11494
      vertex 48.6904 -0.452933 3.42552
      vertex 48.7081 -0.363984 5.12314
    endloop
  endfacet
  facet normal -0.980771 0.195164 0
    outer loop
      vertex 48.7081 -0.363984 5.12314
      vertex 48.6904 -0.452933 3.42552
      vertex 48.6904 -0.452933 5.12852
    endloop
  endfacet
  facet normal 0.442314 -0.89686 0
    outer loop
      vertex 46.125 1.51554 4.21589
      vertex 46.3303 1.61679 5.65
      vertex 46.125 1.51554 5.65
    endloop
  endfacet
  facet normal 0.442314 -0.89686 0
    outer loop
      vertex 46.3303 1.61679 5.65
      vertex 46.125 1.51554 4.21589
      vertex 46.3303 1.61679 4.15262
    endloop
  endfacet
  facet normal -0.442186 0.896923 -1.97265e-05
    outer loop
      vertex 47.6697 -1.61679 3.75726
      vertex 47.7979 -1.55355 5.44168
      vertex 47.875 -1.51554 5.41837
    endloop
  endfacet
  facet normal -0.442394 0.896821 0
    outer loop
      vertex 47.7979 -1.55355 5.44168
      vertex 47.6697 -1.61679 3.75726
      vertex 47.6697 -1.61679 5.47624
    endloop
  endfacet
  facet normal -0.442391 0.896822 1.18766e-05
    outer loop
      vertex 47.875 -1.51554 5.41837
      vertex 47.7979 -1.55355 3.7198
      vertex 47.6697 -1.61679 3.75726
    endloop
  endfacet
  facet normal -0.442181 0.896926 0
    outer loop
      vertex 47.7979 -1.55355 3.7198
      vertex 47.875 -1.51554 5.41837
      vertex 47.875 -1.51554 3.69454
    endloop
  endfacet
  facet normal 0.997906 0.0646878 0
    outer loop
      vertex 45.25 0 5.65
      vertex 45.2533 -0.0509074 4.44996
      vertex 45.25 0 4.4513
    endloop
  endfacet
  facet normal 0.997851 0.0655274 -3.57658e-05
    outer loop
      vertex 45.265 -0.22842 5.65
      vertex 45.2533 -0.0509074 4.44996
      vertex 45.25 0 5.65
    endloop
  endfacet
  facet normal 0.997835 0.0657681 0
    outer loop
      vertex 45.2533 -0.0509074 4.44996
      vertex 45.265 -0.22842 5.65
      vertex 45.265 -0.22842 4.44532
    endloop
  endfacet
  facet normal 0.83162 0.555345 0
    outer loop
      vertex 45.6116 -1.06533 5.65
      vertex 45.4845 -0.875 4.38226
      vertex 45.4845 -0.875 5.65
    endloop
  endfacet
  facet normal 0.831687 0.555245 -2.17289e-05
    outer loop
      vertex 45.4845 -0.875 4.38226
      vertex 45.6116 -1.06533 5.65
      vertex 45.5322 -0.946449 4.37011
    endloop
  endfacet
  facet normal 0.831579 0.555407 0
    outer loop
      vertex 45.5322 -0.946449 4.37011
      vertex 45.6116 -1.06533 5.65
      vertex 45.6116 -1.06533 4.34742
    endloop
  endfacet
  facet normal -0.0653389 -0.997863 0.000332678
    outer loop
      vertex 47 1.75 5.65
      vertex 47.2284 1.73503 5.60611
      vertex 47.0898 1.74412 5.65
    endloop
  endfacet
  facet normal -0.0654026 -0.997859 0
    outer loop
      vertex 47 1.75 3.96389
      vertex 47.2284 1.73503 5.60611
      vertex 47 1.75 5.65
    endloop
  endfacet
  facet normal -0.0654118 -0.997858 1.28837e-06
    outer loop
      vertex 47.1466 1.74039 3.92605
      vertex 47.2284 1.73503 5.60611
      vertex 47 1.75 3.96389
    endloop
  endfacet
  facet normal -0.0653855 -0.99786 -0
    outer loop
      vertex 47.2284 1.73503 5.60611
      vertex 47.1466 1.74039 3.92605
      vertex 47.2284 1.73503 3.89799
    endloop
  endfacet
  facet normal 0.0654026 -0.997859 0
    outer loop
      vertex 46.7716 1.73503 4.02554
      vertex 47 1.75 5.65
      vertex 46.7716 1.73503 5.65
    endloop
  endfacet
  facet normal 0.0654026 -0.997859 0
    outer loop
      vertex 47 1.75 5.65
      vertex 46.7716 1.73503 4.02554
      vertex 47 1.75 3.96389
    endloop
  endfacet
  facet normal 0.195108 -0.980782 0
    outer loop
      vertex 46.5471 1.69037 4.0888
      vertex 46.7716 1.73503 5.65
      vertex 46.5471 1.69037 5.65
    endloop
  endfacet
  facet normal 0.195156 -0.980772 -7.25285e-06
    outer loop
      vertex 46.7145 1.72368 4.04161
      vertex 46.7716 1.73503 5.65
      vertex 46.5471 1.69037 4.0888
    endloop
  endfacet
  facet normal 0.19496 -0.980811 0
    outer loop
      vertex 46.7716 1.73503 5.65
      vertex 46.7145 1.72368 4.04161
      vertex 46.7716 1.73503 4.02554
    endloop
  endfacet
  facet normal 0.980952 -0.194248 0
    outer loop
      vertex 45.3096 0.452933 5.65
      vertex 45.3061 0.435258 4.4344
      vertex 45.3096 0.452933 4.43302
    endloop
  endfacet
  facet normal 0.980834 -0.194845 0
    outer loop
      vertex 45.265 0.22842 4.44532
      vertex 45.3096 0.452933 5.65
      vertex 45.265 0.22842 5.65
    endloop
  endfacet
  facet normal 0.980824 -0.194895 9.78192e-06
    outer loop
      vertex 45.3096 0.452933 5.65
      vertex 45.265 0.22842 4.44532
      vertex 45.3061 0.435258 4.4344
    endloop
  endfacet
  facet normal -0.321379 0.946951 0
    outer loop
      vertex 47.589 -1.64418 5.49935
      vertex 47.4529 -1.69037 3.82454
      vertex 47.4529 -1.69037 5.53833
    endloop
  endfacet
  facet normal -0.321397 0.946944 1.68434e-06
    outer loop
      vertex 47.6697 -1.61679 5.47624
      vertex 47.4529 -1.69037 3.82454
      vertex 47.589 -1.64418 5.49935
    endloop
  endfacet
  facet normal -0.321386 0.946948 0
    outer loop
      vertex 47.4529 -1.69037 3.82454
      vertex 47.6697 -1.61679 5.47624
      vertex 47.6697 -1.61679 3.75726
    endloop
  endfacet
  facet normal 0.946905 0.321513 0
    outer loop
      vertex 45.3832 -0.669696 5.65
      vertex 45.3096 -0.452933 4.43302
      vertex 45.3096 -0.452933 5.65
    endloop
  endfacet
  facet normal 0.946905 0.321513 0
    outer loop
      vertex 45.3096 -0.452933 4.43302
      vertex 45.3832 -0.669696 5.65
      vertex 45.3832 -0.669696 4.41013
    endloop
  endfacet
  facet normal 0.980834 0.194845 0
    outer loop
      vertex 45.3096 -0.452933 5.65
      vertex 45.265 -0.22842 4.44532
      vertex 45.265 -0.22842 5.65
    endloop
  endfacet
  facet normal 0.980824 0.194895 9.78192e-06
    outer loop
      vertex 45.265 -0.22842 4.44532
      vertex 45.3096 -0.452933 5.65
      vertex 45.3061 -0.435258 4.4344
    endloop
  endfacet
  facet normal 0.980952 0.194248 0
    outer loop
      vertex 45.3061 -0.435258 4.4344
      vertex 45.3096 -0.452933 5.65
      vertex 45.3096 -0.452933 4.43302
    endloop
  endfacet
  facet normal -0.751793 0.659399 0
    outer loop
      vertex 48.3545 -1.10398 3.55005
      vertex 48.3884 -1.06533 5.23403
      vertex 48.3884 -1.06533 3.53764
    endloop
  endfacet
  facet normal -0.751676 0.659532 -5.39109e-06
    outer loop
      vertex 48.2374 -1.23744 3.58294
      vertex 48.3884 -1.06533 5.23403
      vertex 48.3545 -1.10398 3.55005
    endloop
  endfacet
  facet normal -0.75137 0.659881 -6.98428e-05
    outer loop
      vertex 48.3884 -1.06533 5.23403
      vertex 48.2374 -1.23744 3.58294
      vertex 48.341 -1.1193 5.25034
    endloop
  endfacet
  facet normal -0.751859 0.659324 0
    outer loop
      vertex 48.341 -1.1193 5.25034
      vertex 48.2374 -1.23744 3.58294
      vertex 48.2374 -1.23744 5.28604
    endloop
  endfacet
  facet normal 0.751702 -0.659503 0
    outer loop
      vertex 45.6116 1.06533 4.34742
      vertex 45.7626 1.23744 5.65
      vertex 45.6116 1.06533 5.65
    endloop
  endfacet
  facet normal 0.751702 -0.659503 0
    outer loop
      vertex 45.7626 1.23744 5.65
      vertex 45.6116 1.06533 4.34742
      vertex 45.7626 1.23744 4.30777
    endloop
  endfacet
  facet normal 0.195108 0.980782 0
    outer loop
      vertex 46.7716 -1.73503 5.65
      vertex 46.5471 -1.69037 4.0888
      vertex 46.5471 -1.69037 5.65
    endloop
  endfacet
  facet normal 0.195156 0.980772 -7.25285e-06
    outer loop
      vertex 46.7716 -1.73503 5.65
      vertex 46.7145 -1.72368 4.04161
      vertex 46.5471 -1.69037 4.0888
    endloop
  endfacet
  facet normal 0.19496 0.980811 0
    outer loop
      vertex 46.7145 -1.72368 4.04161
      vertex 46.7716 -1.73503 5.65
      vertex 46.7716 -1.73503 4.02554
    endloop
  endfacet
  facet normal 0.831579 -0.555407 0
    outer loop
      vertex 45.6116 1.06533 5.65
      vertex 45.5322 0.946449 4.37011
      vertex 45.6116 1.06533 4.34742
    endloop
  endfacet
  facet normal 0.83162 -0.555345 0
    outer loop
      vertex 45.4845 0.875 4.38226
      vertex 45.6116 1.06533 5.65
      vertex 45.4845 0.875 5.65
    endloop
  endfacet
  facet normal 0.831687 -0.555245 -2.17289e-05
    outer loop
      vertex 45.6116 1.06533 5.65
      vertex 45.4845 0.875 4.38226
      vertex 45.5322 0.946449 4.37011
    endloop
  endfacet
  facet normal -0.555627 0.831432 1.52602e-06
    outer loop
      vertex 47.875 -1.51554 3.69454
      vertex 47.9225 -1.4838 5.40455
      vertex 48.0653 -1.38837 5.34936
    endloop
  endfacet
  facet normal -0.555589 0.831457 0
    outer loop
      vertex 47.9225 -1.4838 5.40455
      vertex 47.875 -1.51554 3.69454
      vertex 47.875 -1.51554 5.41837
    endloop
  endfacet
  facet normal -0.555617 0.831438 0
    outer loop
      vertex 47.875 -1.51554 3.69454
      vertex 48.0653 -1.38837 5.34936
      vertex 48.0653 -1.38837 3.63457
    endloop
  endfacet
  facet normal 0.896776 -0.442485 0
    outer loop
      vertex 45.4845 0.875 5.65
      vertex 45.4182 0.740631 4.4005
      vertex 45.4845 0.875 4.38226
    endloop
  endfacet
  facet normal 0.896777 -0.442483 0
    outer loop
      vertex 45.3832 0.669696 4.41013
      vertex 45.4845 0.875 5.65
      vertex 45.3832 0.669696 5.65
    endloop
  endfacet
  facet normal 0.896779 -0.442479 -7.52906e-07
    outer loop
      vertex 45.4845 0.875 5.65
      vertex 45.3832 0.669696 4.41013
      vertex 45.4182 0.740631 4.4005
    endloop
  endfacet
  facet normal 0.946905 -0.321513 0
    outer loop
      vertex 45.3096 0.452933 4.43302
      vertex 45.3832 0.669696 5.65
      vertex 45.3096 0.452933 5.65
    endloop
  endfacet
  facet normal 0.946905 -0.321513 0
    outer loop
      vertex 45.3832 0.669696 5.65
      vertex 45.3096 0.452933 4.43302
      vertex 45.3832 0.669696 4.41013
    endloop
  endfacet
  facet normal 0.555617 0.831438 0
    outer loop
      vertex 46.125 -1.51554 5.65
      vertex 45.9347 -1.38837 4.26547
      vertex 45.9347 -1.38837 5.65
    endloop
  endfacet
  facet normal 0.555618 0.831438 -6.1861e-08
    outer loop
      vertex 46.125 -1.51554 5.65
      vertex 46.0664 -1.47638 4.23487
      vertex 45.9347 -1.38837 4.26547
    endloop
  endfacet
  facet normal 0.555617 0.831439 0
    outer loop
      vertex 46.0664 -1.47638 4.23487
      vertex 46.125 -1.51554 5.65
      vertex 46.125 -1.51554 4.21589
    endloop
  endfacet
  facet normal 0 0 -1
    outer loop
      vertex 51.1803 0 0
      vertex 52.9764 0 0
      vertex 52.8825 -1.43271 0
    endloop
  endfacet
  facet normal 0 0 -1
    outer loop
      vertex 51.1018 -1.19827 0
      vertex 52.8825 -1.43271 0
      vertex 52.6024 -2.84091 0
    endloop
  endfacet
  facet normal 0 0 -1
    outer loop
      vertex 52.9764 0 0
      vertex 51.1803 0 0
      vertex 52.8825 1.43271 0
    endloop
  endfacet
  facet normal 0 0 -1
    outer loop
      vertex 50.8675 -2.37604 0
      vertex 52.6024 -2.84091 0
      vertex 52.1409 -4.2005 0
    endloop
  endfacet
  facet normal 0 0 -1
    outer loop
      vertex 51.1018 1.19827 0
      vertex 52.8825 1.43271 0
      vertex 51.1803 0 0
    endloop
  endfacet
  facet normal 0 0 -1
    outer loop
      vertex 50.4815 -3.51315 0
      vertex 52.1409 -4.2005 0
      vertex 51.5059 -5.48822 0
    endloop
  endfacet
  facet normal -0 0 -1
    outer loop
      vertex 52.8825 1.43271 0
      vertex 51.1018 1.19827 0
      vertex 52.6024 2.84091 0
    endloop
  endfacet
  facet normal 0 0 -1
    outer loop
      vertex 50.8675 2.37604 0
      vertex 52.6024 2.84091 0
      vertex 51.1018 1.19827 0
    endloop
  endfacet
  facet normal 0 0 -1
    outer loop
      vertex 52.8825 -1.43271 0
      vertex 51.1018 -1.19827 0
      vertex 51.1803 0 0
    endloop
  endfacet
  facet normal 0 0 -1
    outer loop
      vertex 52.6024 -2.84091 0
      vertex 50.8675 -2.37604 0
      vertex 51.1018 -1.19827 0
    endloop
  endfacet
  facet normal 0 0 -1
    outer loop
      vertex 49.9504 -4.59015 0
      vertex 51.5059 -5.48822 0
      vertex 50.7082 -6.68204 0
    endloop
  endfacet
  facet normal 0 0 -1
    outer loop
      vertex 52.1409 -4.2005 0
      vertex 50.4815 -3.51315 0
      vertex 50.8675 -2.37604 0
    endloop
  endfacet
  facet normal 0 0 -1
    outer loop
      vertex 51.5059 -5.48822 0
      vertex 49.9504 -4.59015 0
      vertex 50.4815 -3.51315 0
    endloop
  endfacet
  facet normal 0 0 -1
    outer loop
      vertex 49.2832 -5.58861 0
      vertex 50.7082 -6.68204 0
      vertex 49.7615 -7.76152 0
    endloop
  endfacet
  facet normal 0 0 -1
    outer loop
      vertex 50.7082 -6.68204 0
      vertex 49.2832 -5.58861 0
      vertex 49.9504 -4.59015 0
    endloop
  endfacet
  facet normal 0 0 -1
    outer loop
      vertex 48.4915 -6.49145 0
      vertex 49.7615 -7.76152 0
      vertex 48.682 -8.7082 0
    endloop
  endfacet
  facet normal 0 0 -1
    outer loop
      vertex 49.7615 -7.76152 0
      vertex 48.4915 -6.49145 0
      vertex 49.2832 -5.58861 0
    endloop
  endfacet
  facet normal 0 0 -1
    outer loop
      vertex 48.682 -8.7082 0
      vertex 47.5886 -7.28322 0
      vertex 48.4915 -6.49145 0
    endloop
  endfacet
  facet normal 0 0 -1
    outer loop
      vertex 47.4882 -9.50588 0
      vertex 47.5886 -7.28322 0
      vertex 48.682 -8.7082 0
    endloop
  endfacet
  facet normal 0 0 -1
    outer loop
      vertex 47.4882 -9.50588 0
      vertex 46.5901 -7.95037 0
      vertex 47.5886 -7.28322 0
    endloop
  endfacet
  facet normal 0 0 -1
    outer loop
      vertex 46.2005 -10.1409 0
      vertex 46.5901 -7.95037 0
      vertex 47.4882 -9.50588 0
    endloop
  endfacet
  facet normal 0 0 -1
    outer loop
      vertex 46.2005 -10.1409 0
      vertex 45.5131 -8.48149 0
      vertex 46.5901 -7.95037 0
    endloop
  endfacet
  facet normal 0 0 -1
    outer loop
      vertex 44.8409 -10.6024 0
      vertex 45.5131 -8.48149 0
      vertex 46.2005 -10.1409 0
    endloop
  endfacet
  facet normal 0 0 -1
    outer loop
      vertex 44.8409 -10.6024 0
      vertex 44.376 -8.86749 0
      vertex 45.5131 -8.48149 0
    endloop
  endfacet
  facet normal 0 0 -1
    outer loop
      vertex 43.4327 -10.8825 0
      vertex 44.376 -8.86749 0
      vertex 44.8409 -10.6024 0
    endloop
  endfacet
  facet normal 0 0 -1
    outer loop
      vertex 43.4327 -10.8825 0
      vertex 43.1983 -9.10176 0
      vertex 44.376 -8.86749 0
    endloop
  endfacet
  facet normal -0 0 -1
    outer loop
      vertex 43.4327 -10.8825 0
      vertex -42.2752 -19.5242 0
      vertex 43.1983 -9.10176 0
    endloop
  endfacet
  facet normal 0 0 -1
    outer loop
      vertex -43.958 -21.3146 0
      vertex -42.2752 -19.5242 0
      vertex 43.4327 -10.8825 0
    endloop
  endfacet
  facet normal 0 0 -1
    outer loop
      vertex -43.958 -21.3146 0
      vertex -43.2 -19.5848 0
      vertex -42.2752 -19.5242 0
    endloop
  endfacet
  facet normal 0 0 -1
    outer loop
      vertex -43.958 -21.3146 0
      vertex -44.1248 -19.5242 0
      vertex -43.2 -19.5848 0
    endloop
  endfacet
  facet normal 0 0 -1
    outer loop
      vertex -45 -21.3829 0
      vertex -44.1248 -19.5242 0
      vertex -43.958 -21.3146 0
    endloop
  endfacet
  facet normal 0 0 -1
    outer loop
      vertex -45 -21.3829 0
      vertex -45.0337 -19.3434 0
      vertex -44.1248 -19.5242 0
    endloop
  endfacet
  facet normal 0 0 -1
    outer loop
      vertex -46.042 -21.3146 0
      vertex -45.0337 -19.3434 0
      vertex -45 -21.3829 0
    endloop
  endfacet
  facet normal -0 0 -1
    outer loop
      vertex -45.0337 -19.3434 0
      vertex -46.042 -21.3146 0
      vertex -45.9112 -19.0455 0
    endloop
  endfacet
  facet normal 0 0 -1
    outer loop
      vertex -47.0661 -21.1109 0
      vertex -45.9112 -19.0455 0
      vertex -46.042 -21.3146 0
    endloop
  endfacet
  facet normal -0 0 -1
    outer loop
      vertex -45.9112 -19.0455 0
      vertex -47.0661 -21.1109 0
      vertex -46.7424 -18.6356 0
    endloop
  endfacet
  facet normal 0 0 -1
    outer loop
      vertex -48.0549 -20.7752 0
      vertex -46.7424 -18.6356 0
      vertex -47.0661 -21.1109 0
    endloop
  endfacet
  facet normal -0 0 -1
    outer loop
      vertex -46.7424 -18.6356 0
      vertex -48.0549 -20.7752 0
      vertex -47.513 -18.1207 0
    endloop
  endfacet
  facet normal 0 0 -1
    outer loop
      vertex -48.9914 -20.3134 0
      vertex -47.513 -18.1207 0
      vertex -48.0549 -20.7752 0
    endloop
  endfacet
  facet normal 0 0 -1
    outer loop
      vertex -49.8597 -19.7332 0
      vertex -47.513 -18.1207 0
      vertex -48.9914 -20.3134 0
    endloop
  endfacet
  facet normal -0 0 -1
    outer loop
      vertex -47.513 -18.1207 0
      vertex -49.8597 -19.7332 0
      vertex -48.2097 -17.5097 0
    endloop
  endfacet
  facet normal 0 0 -1
    outer loop
      vertex -50.6447 -19.0447 0
      vertex -48.2097 -17.5097 0
      vertex -49.8597 -19.7332 0
    endloop
  endfacet
  facet normal -0 0 -1
    outer loop
      vertex -48.2097 -17.5097 0
      vertex -50.6447 -19.0447 0
      vertex -48.8207 -16.813 0
    endloop
  endfacet
  facet normal 0 0 -1
    outer loop
      vertex -51.3332 -18.2597 0
      vertex -48.8207 -16.813 0
      vertex -50.6447 -19.0447 0
    endloop
  endfacet
  facet normal -0 0 -1
    outer loop
      vertex -48.8207 -16.813 0
      vertex -51.3332 -18.2597 0
      vertex -49.3356 -16.0424 0
    endloop
  endfacet
  facet normal 0 0 -1
    outer loop
      vertex -51.9134 -17.3914 0
      vertex -49.3356 -16.0424 0
      vertex -51.3332 -18.2597 0
    endloop
  endfacet
  facet normal -0 0 -1
    outer loop
      vertex -49.3356 -16.0424 0
      vertex -51.9134 -17.3914 0
      vertex -49.7455 -15.2112 0
    endloop
  endfacet
  facet normal 0 0 -1
    outer loop
      vertex -52.7109 -15.4661 0
      vertex -49.7455 -15.2112 0
      vertex -52.3752 -16.4549 0
    endloop
  endfacet
  facet normal 0 0 -1
    outer loop
      vertex -52.3752 -16.4549 0
      vertex -49.7455 -15.2112 0
      vertex -51.9134 -17.3914 0
    endloop
  endfacet
  facet normal -0 0 -1
    outer loop
      vertex 52.6024 2.84091 0
      vertex 50.8675 2.37604 0
      vertex 52.1409 4.2005 0
    endloop
  endfacet
  facet normal 0 0 -1
    outer loop
      vertex 50.4815 3.51315 0
      vertex 52.1409 4.2005 0
      vertex 50.8675 2.37604 0
    endloop
  endfacet
  facet normal -0 0 -1
    outer loop
      vertex 52.1409 4.2005 0
      vertex 50.4815 3.51315 0
      vertex 51.5059 5.48822 0
    endloop
  endfacet
  facet normal 0 0 -1
    outer loop
      vertex 49.9504 4.59015 0
      vertex 51.5059 5.48822 0
      vertex 50.4815 3.51315 0
    endloop
  endfacet
  facet normal -0 0 -1
    outer loop
      vertex 51.5059 5.48822 0
      vertex 49.9504 4.59015 0
      vertex 50.7082 6.68204 0
    endloop
  endfacet
  facet normal 0 0 -1
    outer loop
      vertex 49.2832 5.58861 0
      vertex 50.7082 6.68204 0
      vertex 49.9504 4.59015 0
    endloop
  endfacet
  facet normal -0 0 -1
    outer loop
      vertex 50.7082 6.68204 0
      vertex 49.2832 5.58861 0
      vertex 49.7615 7.76152 0
    endloop
  endfacet
  facet normal 0 0 -1
    outer loop
      vertex 48.4915 6.49145 0
      vertex 49.7615 7.76152 0
      vertex 49.2832 5.58861 0
    endloop
  endfacet
  facet normal -0 0 -1
    outer loop
      vertex 49.7615 7.76152 0
      vertex 48.4915 6.49145 0
      vertex 48.682 8.7082 0
    endloop
  endfacet
  facet normal 0 0 -1
    outer loop
      vertex 47.5886 7.28322 0
      vertex 48.682 8.7082 0
      vertex 48.4915 6.49145 0
    endloop
  endfacet
  facet normal 0 0 -1
    outer loop
      vertex 47.5886 7.28322 0
      vertex 47.4882 9.50588 0
      vertex 48.682 8.7082 0
    endloop
  endfacet
  facet normal 0 0 -1
    outer loop
      vertex 46.5901 7.95037 0
      vertex 47.4882 9.50588 0
      vertex 47.5886 7.28322 0
    endloop
  endfacet
  facet normal 0 0 -1
    outer loop
      vertex 46.5901 7.95037 0
      vertex 46.2005 10.1409 0
      vertex 47.4882 9.50588 0
    endloop
  endfacet
  facet normal 0 0 -1
    outer loop
      vertex 45.5131 8.48149 0
      vertex 46.2005 10.1409 0
      vertex 46.5901 7.95037 0
    endloop
  endfacet
  facet normal 0 0 -1
    outer loop
      vertex 45.5131 8.48149 0
      vertex 44.8409 10.6024 0
      vertex 46.2005 10.1409 0
    endloop
  endfacet
  facet normal 0 0 -1
    outer loop
      vertex 44.376 8.86749 0
      vertex 44.8409 10.6024 0
      vertex 45.5131 8.48149 0
    endloop
  endfacet
  facet normal 0 0 -1
    outer loop
      vertex 44.376 8.86749 0
      vertex 43.4327 10.8825 0
      vertex 44.8409 10.6024 0
    endloop
  endfacet
  facet normal 0 0 -1
    outer loop
      vertex 43.1983 9.10176 0
      vertex 43.4327 10.8825 0
      vertex 44.376 8.86749 0
    endloop
  endfacet
  facet normal 0 0 -1
    outer loop
      vertex -42.2752 19.5242 0
      vertex 43.4327 10.8825 0
      vertex 43.1983 9.10176 0
    endloop
  endfacet
  facet normal 0 0 -1
    outer loop
      vertex -42.2752 19.5242 0
      vertex -43.958 21.3146 0
      vertex 43.4327 10.8825 0
    endloop
  endfacet
  facet normal 0 0 -1
    outer loop
      vertex -43.2 19.5848 0
      vertex -43.958 21.3146 0
      vertex -42.2752 19.5242 0
    endloop
  endfacet
  facet normal 0 0 -1
    outer loop
      vertex -44.1248 19.5242 0
      vertex -43.958 21.3146 0
      vertex -43.2 19.5848 0
    endloop
  endfacet
  facet normal 0 0 -1
    outer loop
      vertex -44.1248 19.5242 0
      vertex -45 21.3829 0
      vertex -43.958 21.3146 0
    endloop
  endfacet
  facet normal 0 0 -1
    outer loop
      vertex -45.0337 19.3434 0
      vertex -45 21.3829 0
      vertex -44.1248 19.5242 0
    endloop
  endfacet
  facet normal 0 0 -1
    outer loop
      vertex -46.042 21.3146 0
      vertex -45.0337 19.3434 0
      vertex -45.9112 19.0455 0
    endloop
  endfacet
  facet normal 0 0 -1
    outer loop
      vertex -45.0337 19.3434 0
      vertex -46.042 21.3146 0
      vertex -45 21.3829 0
    endloop
  endfacet
  facet normal 0 0 -1
    outer loop
      vertex -47.0661 21.1109 0
      vertex -45.9112 19.0455 0
      vertex -46.7424 18.6356 0
    endloop
  endfacet
  facet normal 0 0 -1
    outer loop
      vertex -45.9112 19.0455 0
      vertex -47.0661 21.1109 0
      vertex -46.042 21.3146 0
    endloop
  endfacet
  facet normal 0 0 -1
    outer loop
      vertex -48.0549 20.7752 0
      vertex -46.7424 18.6356 0
      vertex -47.513 18.1207 0
    endloop
  endfacet
  facet normal 0 0 -1
    outer loop
      vertex -46.7424 18.6356 0
      vertex -48.0549 20.7752 0
      vertex -47.0661 21.1109 0
    endloop
  endfacet
  facet normal 0 0 -1
    outer loop
      vertex -49.8597 19.7332 0
      vertex -47.513 18.1207 0
      vertex -48.2097 17.5097 0
    endloop
  endfacet
  facet normal 0 0 -1
    outer loop
      vertex -50.6447 19.0447 0
      vertex -48.2097 17.5097 0
      vertex -48.8207 16.813 0
    endloop
  endfacet
  facet normal 0 0 -1
    outer loop
      vertex -47.513 18.1207 0
      vertex -48.9914 20.3134 0
      vertex -48.0549 20.7752 0
    endloop
  endfacet
  facet normal 0 0 -1
    outer loop
      vertex -51.3332 18.2597 0
      vertex -48.8207 16.813 0
      vertex -49.3356 16.0424 0
    endloop
  endfacet
  facet normal 0 0 -1
    outer loop
      vertex -51.9134 17.3914 0
      vertex -49.3356 16.0424 0
      vertex -49.7455 15.2112 0
    endloop
  endfacet
  facet normal 0 0 -1
    outer loop
      vertex -47.513 18.1207 0
      vertex -49.8597 19.7332 0
      vertex -48.9914 20.3134 0
    endloop
  endfacet
  facet normal 0 0 -1
    outer loop
      vertex -52.7109 15.4661 0
      vertex -49.7455 15.2112 0
      vertex -50.0434 14.3337 0
    endloop
  endfacet
  facet normal 0 0 -1
    outer loop
      vertex -52.9146 14.442 0
      vertex -50.0434 14.3337 0
      vertex -50.2242 13.4248 0
    endloop
  endfacet
  facet normal 0 0 -1
    outer loop
      vertex -52.9829 13.4 0
      vertex -50.2242 13.4248 0
      vertex -50.2848 12.5 0
    endloop
  endfacet
  facet normal 0 0 -1
    outer loop
      vertex -48.2097 17.5097 0
      vertex -50.6447 19.0447 0
      vertex -49.8597 19.7332 0
    endloop
  endfacet
  facet normal -0 0 -1
    outer loop
      vertex -50.2848 -12.5 0
      vertex -52.9829 -13.4 0
      vertex -50.2848 12.5 0
    endloop
  endfacet
  facet normal -0 0 -1
    outer loop
      vertex -49.7455 -15.2112 0
      vertex -52.7109 -15.4661 0
      vertex -50.0434 -14.3337 0
    endloop
  endfacet
  facet normal 0 0 -1
    outer loop
      vertex -52.9829 13.4 0
      vertex -50.2848 12.5 0
      vertex -52.9829 -13.4 0
    endloop
  endfacet
  facet normal 0 0 -1
    outer loop
      vertex -52.9146 -14.442 0
      vertex -50.0434 -14.3337 0
      vertex -52.7109 -15.4661 0
    endloop
  endfacet
  facet normal -0 0 -1
    outer loop
      vertex -50.2242 13.4248 0
      vertex -52.9829 13.4 0
      vertex -52.9146 14.442 0
    endloop
  endfacet
  facet normal -0 0 -1
    outer loop
      vertex -50.0434 -14.3337 0
      vertex -52.9146 -14.442 0
      vertex -50.2242 -13.4248 0
    endloop
  endfacet
  facet normal 0 0 -1
    outer loop
      vertex -48.8207 16.813 0
      vertex -51.3332 18.2597 0
      vertex -50.6447 19.0447 0
    endloop
  endfacet
  facet normal 0 0 -1
    outer loop
      vertex -52.9829 -13.4 0
      vertex -50.2242 -13.4248 0
      vertex -52.9146 -14.442 0
    endloop
  endfacet
  facet normal 0 0 -1
    outer loop
      vertex -49.3356 16.0424 0
      vertex -51.9134 17.3914 0
      vertex -51.3332 18.2597 0
    endloop
  endfacet
  facet normal 0 0 -1
    outer loop
      vertex -50.2242 -13.4248 0
      vertex -52.9829 -13.4 0
      vertex -50.2848 -12.5 0
    endloop
  endfacet
  facet normal 0 0 -1
    outer loop
      vertex -49.7455 15.2112 0
      vertex -52.3752 16.4549 0
      vertex -51.9134 17.3914 0
    endloop
  endfacet
  facet normal 0 0 -1
    outer loop
      vertex -49.7455 15.2112 0
      vertex -52.7109 15.4661 0
      vertex -52.3752 16.4549 0
    endloop
  endfacet
  facet normal 0 0 -1
    outer loop
      vertex -50.0434 14.3337 0
      vertex -52.9146 14.442 0
      vertex -52.7109 15.4661 0
    endloop
  endfacet
  facet normal 0.420989 -0.0276108 -0.906645
    outer loop
      vertex -48.4924 13.1968 1.66773
      vertex -48.5381 12.5 1.66773
      vertex -49.1034 12.5 1.40524
    endloop
  endfacet
  facet normal 0.651475 -0.0427158 -0.757467
    outer loop
      vertex -49.5133 13.3312 1.11871
      vertex -49.5678 12.5 1.11871
      vertex -49.9232 12.5 0.813041
    endloop
  endfacet
  facet normal 0.413766 -0.0822833 -0.906657
    outer loop
      vertex -48.9023 14.0279 1.40524
      vertex -48.4924 13.1968 1.66773
      vertex -49.0529 13.2706 1.40524
    endloop
  endfacet
  facet normal 0.651475 0.0427158 -0.757467
    outer loop
      vertex -49.5678 -12.5 1.11871
      vertex -49.5133 -13.3312 1.11871
      vertex -49.9232 -12.5 0.813041
    endloop
  endfacet
  facet normal 0.0848923 -0.250209 -0.964463
    outer loop
      vertex -44.6153 16.5737 2
      vertex -44.4116 17.0218 1.90168
      vertex -44.3185 16.6744 2
    endloop
  endfacet
  facet normal 0.0849164 -0.250219 -0.964458
    outer loop
      vertex -44.4116 17.0218 1.90168
      vertex -44.6153 16.5737 2
      vertex -44.9915 16.825 1.90168
    endloop
  endfacet
  facet normal 0.515826 0.102579 -0.85053
    outer loop
      vertex -49.0529 -13.2706 1.40524
      vertex -48.9023 -14.0279 1.40524
      vertex -49.5133 -13.3312 1.11871
    endloop
  endfacet
  facet normal 0.33551 0.0220046 -0.94178
    outer loop
      vertex -47.8814 -12.5 1.90168
      vertex -48.4924 -13.1968 1.66773
      vertex -48.5381 -12.5 1.66773
    endloop
  endfacet
  facet normal -0.534314 0.263459 -0.80318
    outer loop
      vertex 49.0997 -3.4222 2
      vertex 49.6231 -3.15761 1.7386
      vertex 49.1458 -4.12561 1.7386
    endloop
  endfacet
  facet normal -0.534309 0.263439 -0.80319
    outer loop
      vertex 49.6231 -3.15761 1.7386
      vertex 49.0997 -3.4222 2
      vertex 49.2968 -3.02244 2
    endloop
  endfacet
  facet normal -0.68062 0.23104 -0.695253
    outer loop
      vertex 50.4149 -2.25477 1.26355
      vertex 50.0486 -3.33385 1.26355
      vertex 49.9701 -2.13557 1.7386
    endloop
  endfacet
  facet normal 0.318344 -0.108089 -0.941793
    outer loop
      vertex -48.1317 14.5428 1.66773
      vertex -47.7218 13.7116 1.90168
      vertex -48.3562 13.8816 1.66773
    endloop
  endfacet
  facet normal 0.780201 0.521233 -0.345837
    outer loop
      vertex -48.7246 -16.7392 0.493456
      vertex -48.8207 -16.813 0.165428
      vertex -49.2306 -15.9818 0.493456
    endloop
  endfacet
  facet normal 0.936211 -0.0613909 -0.346034
    outer loop
      vertex -50.104 13.4089 0.493456
      vertex -50.1636 12.5 0.493456
      vertex -50.2242 13.4248 0.165428
    endloop
  endfacet
  facet normal 0.542827 -0.362721 -0.757478
    outer loop
      vertex -48.2519 16.3765 1.11871
      vertex -48.7147 15.6839 1.11871
      vertex -49.0225 15.8616 0.813041
    endloop
  endfacet
  facet normal 0.420967 -0.0275874 -0.906656
    outer loop
      vertex -49.0529 13.2706 1.40524
      vertex -48.4924 13.1968 1.66773
      vertex -49.1034 12.5 1.40524
    endloop
  endfacet
  facet normal 0.414966 0.841474 -0.346012
    outer loop
      vertex -46.6818 -18.5306 0.493456
      vertex -45.9112 -19.0455 0.165428
      vertex -46.7424 -18.6356 0.165428
    endloop
  endfacet
  facet normal 0.651433 0.0426817 -0.757504
    outer loop
      vertex -49.5133 -13.3312 1.11871
      vertex -49.8657 -13.3776 0.813041
      vertex -49.9232 -12.5 0.813041
    endloop
  endfacet
  facet normal -0.0343904 0.524777 -0.850545
    outer loop
      vertex -43.2 -18.4034 1.40524
      vertex -42.4294 -18.3529 1.40524
      vertex -43.2 -18.8678 1.11871
    endloop
  endfacet
  facet normal 0.542829 -0.362728 -0.757473
    outer loop
      vertex -48.5339 16.5928 0.813041
      vertex -48.2519 16.3765 1.11871
      vertex -49.0225 15.8616 0.813041
    endloop
  endfacet
  facet normal -0.0287371 -0.310486 -0.950144
    outer loop
      vertex -34.6227 16.1031 2
      vertex -36.4562 16.2728 2
      vertex -42.589 17.1413 1.90168
    endloop
  endfacet
  facet normal 0.780111 0.521255 -0.346006
    outer loop
      vertex -49.2306 -15.9818 0.493456
      vertex -48.8207 -16.813 0.165428
      vertex -49.3356 -16.0424 0.165428
    endloop
  endfacet
  facet normal 0.42115 0 -0.906991
    outer loop
      vertex -49.1034 -12.5 1.40524
      vertex -48.5381 12.5 1.66773
      vertex -48.5381 -12.5 1.66773
    endloop
  endfacet
  facet normal 0.42115 0 -0.906991
    outer loop
      vertex -48.5381 12.5 1.66773
      vertex -49.1034 -12.5 1.40524
      vertex -49.1034 12.5 1.40524
    endloop
  endfacet
  facet normal 0.221685 -0.252759 -0.94179
    outer loop
      vertex -46.0498 16.214 1.90168
      vertex -46.5102 15.8102 1.90168
      vertex -46.9746 16.2746 1.66773
    endloop
  endfacet
  facet normal 0.420989 0.0276108 -0.906645
    outer loop
      vertex -48.5381 -12.5 1.66773
      vertex -48.4924 -13.1968 1.66773
      vertex -49.1034 -12.5 1.40524
    endloop
  endfacet
  facet normal 0.555571 -0.831469 0
    outer loop
      vertex -47.513 18.1207 0
      vertex -46.7424 18.6356 0.165428
      vertex -47.513 18.1207 0.165428
    endloop
  endfacet
  facet normal 0.555571 -0.831469 0
    outer loop
      vertex -46.7424 18.6356 0.165428
      vertex -47.513 18.1207 0
      vertex -46.7424 18.6356 0
    endloop
  endfacet
  facet normal 0.378318 0.186592 -0.906675
    outer loop
      vertex -48.1317 -14.5428 1.66773
      vertex -48.3125 -15.4517 1.40524
      vertex -48.6541 -14.7591 1.40524
    endloop
  endfacet
  facet normal -0.112829 0.931172 -0.346681
    outer loop
      vertex 43.1778 -8.94603 0.766882
      vertex -42.2752 -19.5242 0.165428
      vertex -42.2911 -19.404 0.493456
    endloop
  endfacet
  facet normal -0.937497 0.186429 -0.293844
    outer loop
      vertex 50.946 -1.17777 0.766882
      vertex 50.8675 -2.37604 0.257093
      vertex 50.7158 -2.33538 0.766882
    endloop
  endfacet
  facet normal -0.115364 0.948681 -0.294441
    outer loop
      vertex 43.1778 -8.94603 0.766882
      vertex 43.1983 -9.10176 0.257093
      vertex -42.2752 -19.5242 0.165428
    endloop
  endfacet
  facet normal 0.841476 0.414967 -0.346006
    outer loop
      vertex -49.6335 -15.1648 0.493456
      vertex -49.3356 -16.0424 0.165428
      vertex -49.7455 -15.2112 0.165428
    endloop
  endfacet
  facet normal 0.321467 -0.946921 0
    outer loop
      vertex -45.9112 19.0455 0
      vertex -45.0337 19.3434 0.165428
      vertex -45.9112 19.0455 0.165428
    endloop
  endfacet
  facet normal 0.321467 -0.946921 0
    outer loop
      vertex -45.0337 19.3434 0.165428
      vertex -45.9112 19.0455 0
      vertex -45.0337 19.3434 0
    endloop
  endfacet
  facet normal -0.231047 -0.680588 -0.695282
    outer loop
      vertex 44.2548 8.41491 1.26355
      vertex 45.3338 8.04861 1.26355
      vertex 44.1356 7.97007 1.7386
    endloop
  endfacet
  facet normal -0.399303 -0.597598 -0.695294
    outer loop
      vertex 46.3559 7.5446 1.26355
      vertex 47.3034 6.9115 1.26355
      vertex 46.1256 7.14577 1.7386
    endloop
  endfacet
  facet normal -0.704855 -0.470942 -0.530465
    outer loop
      vertex 49.1586 5.49299 0.766882
      vertex 49.8143 4.51161 0.766882
      vertex 48.9115 5.30338 1.26355
    endloop
  endfacet
  facet normal 0.524801 0.0343919 -0.85053
    outer loop
      vertex -49.1034 -12.5 1.40524
      vertex -49.0529 -13.2706 1.40524
      vertex -49.5133 -13.3312 1.11871
    endloop
  endfacet
  facet normal 0.524777 0.0344085 -0.850544
    outer loop
      vertex -49.1034 -12.5 1.40524
      vertex -49.5133 -13.3312 1.11871
      vertex -49.5678 -12.5 1.11871
    endloop
  endfacet
  facet normal 0.471695 -0.232647 -0.850517
    outer loop
      vertex -48.3125 15.4517 1.40524
      vertex -48.6541 14.7591 1.40524
      vertex -49.0831 14.9368 1.11871
    endloop
  endfacet
  facet normal 0.250159 -0.0849596 -0.96447
    outer loop
      vertex -47.1927 14.1538 2
      vertex -47.2737 13.9153 2
      vertex -47.525 14.2915 1.90168
    endloop
  endfacet
  facet normal 0.936253 0.0613505 -0.345927
    outer loop
      vertex -50.1636 -12.5 0.493456
      vertex -50.2242 -13.4248 0.165428
      vertex -50.2848 -12.5 0.165428
    endloop
  endfacet
  facet normal 0.936253 -0.0613505 -0.345927
    outer loop
      vertex -50.2242 13.4248 0.165428
      vertex -50.1636 12.5 0.493456
      vertex -50.2848 12.5 0.165428
    endloop
  endfacet
  facet normal 0.524777 -0.0344085 -0.850544
    outer loop
      vertex -49.5133 13.3312 1.11871
      vertex -49.1034 12.5 1.40524
      vertex -49.5678 12.5 1.11871
    endloop
  endfacet
  facet normal 0.146707 0.219694 -0.964475
    outer loop
      vertex -45.3608 -16.2427 2
      vertex -45.5407 -16.5542 1.90168
      vertex -45.5703 -16.1028 2
    endloop
  endfacet
  facet normal 0.413753 -0.0822914 -0.906662
    outer loop
      vertex -48.3562 13.8816 1.66773
      vertex -48.4924 13.1968 1.66773
      vertex -48.9023 14.0279 1.40524
    endloop
  endfacet
  facet normal 0.555571 0.831469 -0
    outer loop
      vertex -46.7424 -18.6356 0
      vertex -47.513 -18.1207 0.165428
      vertex -46.7424 -18.6356 0.165428
    endloop
  endfacet
  facet normal 0.555571 0.831469 0
    outer loop
      vertex -47.513 -18.1207 0.165428
      vertex -46.7424 -18.6356 0
      vertex -47.513 -18.1207 0
    endloop
  endfacet
  facet normal 0.980784 0.195099 0
    outer loop
      vertex -50.0434 -14.3337 0.165428
      vertex -50.2242 -13.4248 0
      vertex -50.2242 -13.4248 0.165428
    endloop
  endfacet
  facet normal 0.980784 0.195099 0
    outer loop
      vertex -50.2242 -13.4248 0
      vertex -50.0434 -14.3337 0.165428
      vertex -50.0434 -14.3337 0
    endloop
  endfacet
  facet normal 0.515826 -0.102579 -0.85053
    outer loop
      vertex -48.9023 14.0279 1.40524
      vertex -49.0529 13.2706 1.40524
      vertex -49.5133 13.3312 1.11871
    endloop
  endfacet
  facet normal 0.399438 -0.135586 -0.906678
    outer loop
      vertex -48.6541 14.7591 1.40524
      vertex -48.1317 14.5428 1.66773
      vertex -48.9023 14.0279 1.40524
    endloop
  endfacet
  facet normal 0.350775 -0.23436 -0.90666
    outer loop
      vertex -47.8835 16.0938 1.40524
      vertex -47.435 15.7496 1.66773
      vertex -48.3125 15.4517 1.40524
    endloop
  endfacet
  facet normal 0.174222 -0.198666 -0.964458
    outer loop
      vertex -46.5102 15.8102 1.90168
      vertex -46.0202 15.7626 2
      vertex -46.2559 15.5559 2
    endloop
  endfacet
  facet normal 0.174225 -0.198646 -0.964461
    outer loop
      vertex -46.0202 15.7626 2
      vertex -46.5102 15.8102 1.90168
      vertex -46.0498 16.214 1.90168
    endloop
  endfacet
  facet normal -0.0287371 0.310486 -0.950144
    outer loop
      vertex -36.4562 -16.2728 2
      vertex -34.6227 -16.1031 2
      vertex -42.589 -17.1413 1.90168
    endloop
  endfacet
  facet normal -0.83145 -0.555599 0
    outer loop
      vertex 49.9504 4.59015 0
      vertex 49.2832 5.58861 0.257093
      vertex 49.2832 5.58861 0
    endloop
  endfacet
  facet normal -0.83145 -0.555599 0
    outer loop
      vertex 49.2832 5.58861 0.257093
      vertex 49.9504 4.59015 0
      vertex 49.9504 4.59015 0.257093
    endloop
  endfacet
  facet normal 0.0822914 -0.413753 -0.906662
    outer loop
      vertex -43.8968 17.7924 1.66773
      vertex -44.5816 17.6562 1.66773
      vertex -44.7279 18.2023 1.40524
    endloop
  endfacet
  facet normal -0.112829 -0.931172 -0.346681
    outer loop
      vertex -42.2752 19.5242 0.165428
      vertex 43.1778 8.94603 0.766882
      vertex -42.2911 19.404 0.493456
    endloop
  endfacet
  facet normal -0.953784 -0.0624835 -0.293925
    outer loop
      vertex 51.1018 1.19827 0.257093
      vertex 51.1803 0 0.257093
      vertex 51.0232 0 0.766882
    endloop
  endfacet
  facet normal -0.717189 -0.0470511 -0.695288
    outer loop
      vertex 50.6372 1.13711 1.26355
      vertex 50.7118 0 1.26355
      vertex 50.1806 1.077 1.7386
    endloop
  endfacet
  facet normal -0.717148 -0.0470108 -0.695334
    outer loop
      vertex 50.7118 0 1.26355
      vertex 50.2512 0 1.7386
      vertex 50.1806 1.077 1.7386
    endloop
  endfacet
  facet normal -0.0580522 0.522045 -0.85094
    outer loop
      vertex -42.3688 -18.8133 1.11871
      vertex 22.8227 -10.1274 2
      vertex 28.2604 -9.52272 2
    endloop
  endfacet
  facet normal -0.0580417 0.521971 -0.850986
    outer loop
      vertex 22.8227 -10.1274 2
      vertex -42.3688 -18.8133 1.11871
      vertex -42.4294 -18.3529 1.40524
    endloop
  endfacet
  facet normal -0.0173103 0.263641 -0.964466
    outer loop
      vertex -42.6359 -16.7847 2
      vertex -42.589 -17.1413 1.90168
      vertex -42.8872 -16.8012 2
    endloop
  endfacet
  facet normal -0.101222 0.841137 -0.531266
    outer loop
      vertex 43.1371 -8.63723 1.26355
      vertex 43.1778 -8.94603 0.766882
      vertex -42.2911 -19.404 0.493456
    endloop
  endfacet
  facet normal -0.263474 0.53427 -0.803204
    outer loop
      vertex 45.949 -6.83988 2
      vertex 46.1256 -7.14577 1.7386
      vertex 45.4222 -7.09967 2
    endloop
  endfacet
  facet normal 0.515856 -0.102616 -0.850507
    outer loop
      vertex -49.3508 14.1481 1.11871
      vertex -48.9023 14.0279 1.40524
      vertex -49.5133 13.3312 1.11871
    endloop
  endfacet
  facet normal 0.413766 0.0822833 -0.906657
    outer loop
      vertex -48.4924 -13.1968 1.66773
      vertex -48.9023 -14.0279 1.40524
      vertex -49.0529 -13.2706 1.40524
    endloop
  endfacet
  facet normal 0.420967 0.0275874 -0.906656
    outer loop
      vertex -48.4924 -13.1968 1.66773
      vertex -49.0529 -13.2706 1.40524
      vertex -49.1034 -12.5 1.40524
    endloop
  endfacet
  facet normal 0.33551 -0.0220046 -0.94178
    outer loop
      vertex -48.4924 13.1968 1.66773
      vertex -47.8814 12.5 1.90168
      vertex -48.5381 12.5 1.66773
    endloop
  endfacet
  facet normal 0.263666 0 -0.964614
    outer loop
      vertex -47.8814 -12.5 1.90168
      vertex -47.5217 12.5 2
      vertex -47.5217 -12.5 2
    endloop
  endfacet
  facet normal 0.263666 0 -0.964614
    outer loop
      vertex -47.5217 12.5 2
      vertex -47.8814 -12.5 1.90168
      vertex -47.8814 12.5 1.90168
    endloop
  endfacet
  facet normal 0.41497 0.841475 -0.346006
    outer loop
      vertex -45.8648 -18.9335 0.493456
      vertex -45.9112 -19.0455 0.165428
      vertex -46.6818 -18.5306 0.493456
    endloop
  endfacet
  facet normal 0.0523349 0.798107 -0.600238
    outer loop
      vertex -44.0776 -19.1657 0.813041
      vertex -43.2 -19.4636 0.493456
      vertex -44.1089 -19.404 0.493456
    endloop
  endfacet
  facet normal 0.430491 0.490847 -0.757461
    outer loop
      vertex -47.7027 -17.0027 1.11871
      vertex -47.0765 -17.5519 1.11871
      vertex -47.954 -17.254 0.813041
    endloop
  endfacet
  facet normal -0.0344099 0.524799 -0.850531
    outer loop
      vertex -42.4294 -18.3529 1.40524
      vertex -42.3688 -18.8133 1.11871
      vertex -43.2 -18.8678 1.11871
    endloop
  endfacet
  facet normal 0.278127 0.317188 -0.906663
    outer loop
      vertex -46.4496 -16.735 1.66773
      vertex -46.7938 -17.1835 1.40524
      vertex -47.3744 -16.6744 1.40524
    endloop
  endfacet
  facet normal 0.318344 0.108089 -0.941793
    outer loop
      vertex -47.7218 -13.7116 1.90168
      vertex -48.1317 -14.5428 1.66773
      vertex -48.3562 -13.8816 1.66773
    endloop
  endfacet
  facet normal 0.525088 0 -0.851048
    outer loop
      vertex -49.5678 -12.5 1.11871
      vertex -49.1034 12.5 1.40524
      vertex -49.1034 -12.5 1.40524
    endloop
  endfacet
  facet normal 0.525088 0 -0.851048
    outer loop
      vertex -49.1034 12.5 1.40524
      vertex -49.5678 -12.5 1.11871
      vertex -49.5678 12.5 1.11871
    endloop
  endfacet
  facet normal 0.798111 -0.0522919 -0.600237
    outer loop
      vertex -49.8657 13.3776 0.813041
      vertex -49.9232 12.5 0.813041
      vertex -50.104 13.4089 0.493456
    endloop
  endfacet
  facet normal 0.263627 -0.0173094 -0.964469
    outer loop
      vertex -47.5052 12.7513 2
      vertex -47.5217 12.5 2
      vertex -47.8814 12.5 1.90168
    endloop
  endfacet
  facet normal 0.259133 0.0515906 -0.964463
    outer loop
      vertex -47.7218 -13.7116 1.90168
      vertex -47.4356 -13.3111 2
      vertex -47.3744 -13.6185 2
    endloop
  endfacet
  facet normal 0.259166 0.0515656 -0.964455
    outer loop
      vertex -47.4356 -13.3111 2
      vertex -47.7218 -13.7116 1.90168
      vertex -47.8413 -13.111 1.90168
    endloop
  endfacet
  facet normal 0.317188 0.278127 -0.906663
    outer loop
      vertex -47.435 -15.7496 1.66773
      vertex -47.3744 -16.6744 1.40524
      vertex -47.8835 -16.0938 1.40524
    endloop
  endfacet
  facet normal -0.165384 0.83141 -0.530476
    outer loop
      vertex 44.3354 -8.71576 0.766882
      vertex 43.1778 -8.94603 0.766882
      vertex 43.1371 -8.63723 1.26355
    endloop
  endfacet
  facet normal -0.272498 0.80272 -0.530458
    outer loop
      vertex 45.453 -8.33637 0.766882
      vertex 44.3354 -8.71576 0.766882
      vertex 44.2548 -8.41491 1.26355
    endloop
  endfacet
  facet normal -0.63023 0.718648 -0.293863
    outer loop
      vertex 48.3804 -6.38038 0.766882
      vertex 47.5886 -7.28322 0.257093
      vertex 47.493 -7.1586 0.766882
    endloop
  endfacet
  facet normal -0.392757 0.447833 -0.803236
    outer loop
      vertex 47.5847 -5.58473 2
      vertex 47.8345 -5.8345 1.7386
      vertex 47.1431 -5.97202 2
    endloop
  endfacet
  facet normal -0.0523349 0.798107 -0.600238
    outer loop
      vertex -42.3224 -19.1657 0.813041
      vertex -42.2911 -19.404 0.493456
      vertex -43.2 -19.4636 0.493456
    endloop
  endfacet
  facet normal -0.531034 -0.794761 -0.293867
    outer loop
      vertex 47.5886 7.28322 0.257093
      vertex 47.493 7.1586 0.766882
      vertex 46.5116 7.81434 0.766882
    endloop
  endfacet
  facet normal 0.362728 -0.542829 -0.757473
    outer loop
      vertex -46.5616 18.3225 0.813041
      vertex -47.0765 17.5519 1.11871
      vertex -47.2928 17.8339 0.813041
    endloop
  endfacet
  facet normal 0.442287 0.896874 -0
    outer loop
      vertex -45.9112 -19.0455 0
      vertex -46.7424 -18.6356 0.165428
      vertex -45.9112 -19.0455 0.165428
    endloop
  endfacet
  facet normal 0.442287 0.896874 0
    outer loop
      vertex -46.7424 -18.6356 0.165428
      vertex -45.9112 -19.0455 0
      vertex -46.7424 -18.6356 0
    endloop
  endfacet
  facet normal 0.888428 -0.301602 -0.346023
    outer loop
      vertex -49.6335 15.1648 0.493456
      vertex -49.9263 14.3023 0.493456
      vertex -50.0434 14.3337 0.165428
    endloop
  endfacet
  facet normal 0.399463 -0.135631 -0.906661
    outer loop
      vertex -48.1317 14.5428 1.66773
      vertex -48.3562 13.8816 1.66773
      vertex -48.9023 14.0279 1.40524
    endloop
  endfacet
  facet normal 0.79805 -0.0523312 -0.600314
    outer loop
      vertex -50.104 13.4089 0.493456
      vertex -49.9232 12.5 0.813041
      vertex -50.1636 12.5 0.493456
    endloop
  endfacet
  facet normal 0.784404 -0.156062 -0.600296
    outer loop
      vertex -49.6941 14.2401 0.813041
      vertex -49.8657 13.3776 0.813041
      vertex -49.9263 14.3023 0.493456
    endloop
  endfacet
  facet normal 0.183048 -0.920199 -0.346016
    outer loop
      vertex -44.1248 19.5242 0.165428
      vertex -45.0023 19.2263 0.493456
      vertex -45.0337 19.3434 0.165428
    endloop
  endfacet
  facet normal 0.169049 -0.498053 -0.850509
    outer loop
      vertex -44.8481 18.6508 1.11871
      vertex -44.7279 18.2023 1.40524
      vertex -45.6368 18.3831 1.11871
    endloop
  endfacet
  facet normal -0.0522881 -0.798052 -0.600315
    outer loop
      vertex -43.2 19.4636 0.493456
      vertex -42.3224 19.1657 0.813041
      vertex -43.2 19.2232 0.813041
    endloop
  endfacet
  facet normal 0.430491 -0.490847 -0.757461
    outer loop
      vertex -47.0765 17.5519 1.11871
      vertex -47.7027 17.0027 1.11871
      vertex -47.954 17.254 0.813041
    endloop
  endfacet
  facet normal 0.490847 -0.430491 -0.757461
    outer loop
      vertex -47.954 17.254 0.813041
      vertex -47.7027 17.0027 1.11871
      vertex -48.2519 16.3765 1.11871
    endloop
  endfacet
  facet normal -0.0427129 -0.65143 -0.757505
    outer loop
      vertex -42.3224 19.1657 0.813041
      vertex -42.3688 18.8133 1.11871
      vertex -43.2 18.8678 1.11871
    endloop
  endfacet
  facet normal -0.115364 -0.948681 -0.294441
    outer loop
      vertex 43.1983 9.10176 0.257093
      vertex 43.1778 8.94603 0.766882
      vertex -42.2752 19.5242 0.165428
    endloop
  endfacet
  facet normal -0.594406 -0.0390436 -0.803217
    outer loop
      vertex 50.1806 1.077 1.7386
      vertex 49.8689 0.44477 2
      vertex 49.8304 1.0309 2
    endloop
  endfacet
  facet normal -0.374915 -0.760303 -0.530451
    outer loop
      vertex 46.5116 7.81434 0.766882
      vertex 46.3559 7.5446 1.26355
      vertex 45.3338 8.04861 1.26355
    endloop
  endfacet
  facet normal -0.597571 -0.399327 -0.695303
    outer loop
      vertex 48.9115 5.30338 1.26355
      vertex 49.1458 4.12561 1.7386
      vertex 48.5461 5.02303 1.7386
    endloop
  endfacet
  facet normal -0.495271 0.330992 -0.803213
    outer loop
      vertex 48.8399 -3.949 2
      vertex 49.1458 -4.12561 1.7386
      vertex 48.5135 -4.4374 2
    endloop
  endfacet
  facet normal 0.301609 -0.888426 -0.346023
    outer loop
      vertex -45.0337 19.3434 0.165428
      vertex -45.0023 19.2263 0.493456
      vertex -45.9112 19.0455 0.165428
    endloop
  endfacet
  facet normal -0.0841806 -0.713075 -0.696016
    outer loop
      vertex 43.1371 8.63723 1.26355
      vertex 43.077 8.18064 1.7386
      vertex -42.3224 19.1657 0.813041
    endloop
  endfacet
  facet normal -0.0751018 0.647732 -0.758158
    outer loop
      vertex 43.077 -8.18064 1.7386
      vertex -42.3224 -19.1657 0.813041
      vertex -42.3688 -18.8133 1.11871
    endloop
  endfacet
  facet normal -0.953759 0.0625166 -0.293999
    outer loop
      vertex 51.0232 0 0.766882
      vertex 51.1018 -1.19827 0.257093
      vertex 50.946 -1.17777 0.766882
    endloop
  endfacet
  facet normal -0.831385 -0.165361 -0.530523
    outer loop
      vertex 50.7158 2.33538 0.766882
      vertex 50.6372 1.13711 1.26355
      vertex 50.4149 2.25477 1.26355
    endloop
  endfacet
  facet normal -0.594499 0.0389709 -0.803152
    outer loop
      vertex 49.8689 -0.44477 2
      vertex 50.2512 0 1.7386
      vertex 50.1806 -1.077 1.7386
    endloop
  endfacet
  facet normal -0.59444 0.0388925 -0.803199
    outer loop
      vertex 50.2512 0 1.7386
      vertex 49.8689 -0.44477 2
      vertex 49.898 0 2
    endloop
  endfacet
  facet normal -0.68062 -0.23104 -0.695253
    outer loop
      vertex 50.0486 3.33385 1.26355
      vertex 50.4149 2.25477 1.26355
      vertex 49.9701 2.13557 1.7386
    endloop
  endfacet
  facet normal -0.905124 0.307253 -0.293847
    outer loop
      vertex 50.7158 -2.33538 0.766882
      vertex 50.8675 -2.37604 0.257093
      vertex 50.3364 -3.45304 0.766882
    endloop
  endfacet
  facet normal -0.845887 -0.0554943 -0.530468
    outer loop
      vertex 50.946 1.17777 0.766882
      vertex 50.7118 0 1.26355
      vertex 50.6372 1.13711 1.26355
    endloop
  endfacet
  facet normal -0.704924 0.140208 -0.695287
    outer loop
      vertex 50.6372 -1.13711 1.26355
      vertex 50.4149 -2.25477 1.26355
      vertex 50.1806 -1.077 1.7386
    endloop
  endfacet
  facet normal -0.0217916 0.26307 -0.964531
    outer loop
      vertex -36.4562 -16.2728 2
      vertex -42.589 -17.1413 1.90168
      vertex -42.6359 -16.7847 2
    endloop
  endfacet
  facet normal -0.0841806 0.713075 -0.696016
    outer loop
      vertex 43.077 -8.18064 1.7386
      vertex 43.1371 -8.63723 1.26355
      vertex -42.3224 -19.1657 0.813041
    endloop
  endfacet
  facet normal -0.760239 0.374959 -0.530512
    outer loop
      vertex 50.0486 -3.33385 1.26355
      vertex 50.3364 -3.45304 0.766882
      vertex 49.8143 -4.51161 0.766882
    endloop
  endfacet
  facet normal 0.329735 0.065581 -0.941793
    outer loop
      vertex -47.7218 -13.7116 1.90168
      vertex -48.3562 -13.8816 1.66773
      vertex -48.4924 -13.1968 1.66773
    endloop
  endfacet
  facet normal 0.471695 0.232647 -0.850517
    outer loop
      vertex -48.6541 -14.7591 1.40524
      vertex -48.3125 -15.4517 1.40524
      vertex -49.0831 -14.9368 1.11871
    endloop
  endfacet
  facet normal 0.936211 0.0613909 -0.346034
    outer loop
      vertex -50.1636 -12.5 0.493456
      vertex -50.104 -13.4089 0.493456
      vertex -50.2242 -13.4248 0.165428
    endloop
  endfacet
  facet normal 0.640313 -0.127373 -0.757479
    outer loop
      vertex -49.3508 14.1481 1.11871
      vertex -49.5133 13.3312 1.11871
      vertex -49.6941 14.2401 0.813041
    endloop
  endfacet
  facet normal 0.640281 0.127388 -0.757505
    outer loop
      vertex -49.5133 -13.3312 1.11871
      vertex -49.6941 -14.2401 0.813041
      vertex -49.8657 -13.3776 0.813041
    endloop
  endfacet
  facet normal 0.618684 0.705419 -0.345853
    outer loop
      vertex -47.4392 -18.0246 0.493456
      vertex -47.513 -18.1207 0.165428
      vertex -48.124 -17.424 0.493456
    endloop
  endfacet
  facet normal -0.0653874 0.99786 0
    outer loop
      vertex -42.2752 -19.5242 0
      vertex -43.2 -19.5848 0.165428
      vertex -42.2752 -19.5242 0.165428
    endloop
  endfacet
  facet normal -0.0653874 0.99786 0
    outer loop
      vertex -43.2 -19.5848 0.165428
      vertex -42.2752 -19.5242 0
      vertex -43.2 -19.5848 0
    endloop
  endfacet
  facet normal 0.490847 0.430491 -0.757461
    outer loop
      vertex -47.7027 -17.0027 1.11871
      vertex -47.954 -17.254 0.813041
      vertex -48.2519 -16.3765 1.11871
    endloop
  endfacet
  facet normal -0.3179 0.64463 -0.695263
    outer loop
      vertex 46.1256 -7.14577 1.7386
      vertex 45.3338 -8.04861 1.26355
      vertex 45.1576 -7.62314 1.7386
    endloop
  endfacet
  facet normal 0.288734 0.585541 -0.757479
    outer loop
      vertex -46.3839 -18.0147 1.11871
      vertex -45.6368 -18.3831 1.11871
      vertex -46.5616 -18.3225 0.813041
    endloop
  endfacet
  facet normal 0.27959 0.186795 -0.941773
    outer loop
      vertex -47.2542 -14.8407 1.90168
      vertex -47.435 -15.7496 1.66773
      vertex -47.8229 -15.169 1.66773
    endloop
  endfacet
  facet normal 0.52733 0.60126 -0.600342
    outer loop
      vertex -47.954 -17.254 0.813041
      vertex -47.2928 -17.8339 0.813041
      vertex -48.124 -17.424 0.493456
    endloop
  endfacet
  facet normal 0.413753 0.0822914 -0.906662
    outer loop
      vertex -48.4924 -13.1968 1.66773
      vertex -48.3562 -13.8816 1.66773
      vertex -48.9023 -14.0279 1.40524
    endloop
  endfacet
  facet normal 0.221685 0.252759 -0.94179
    outer loop
      vertex -46.5102 -15.8102 1.90168
      vertex -46.0498 -16.214 1.90168
      vertex -46.9746 -16.2746 1.66773
    endloop
  endfacet
  facet normal 0.198649 0.174228 -0.96446
    outer loop
      vertex -46.914 -15.3498 1.90168
      vertex -46.422 -15.3665 2
      vertex -46.5102 -15.8102 1.90168
    endloop
  endfacet
  facet normal 0.198649 0.174197 -0.964466
    outer loop
      vertex -46.422 -15.3665 2
      vertex -46.914 -15.3498 1.90168
      vertex -46.6286 -15.1309 2
    endloop
  endfacet
  facet normal 1 -0 0
    outer loop
      vertex -50.2848 -12.5 0.165428
      vertex -50.2848 12.5 0
      vertex -50.2848 12.5 0.165428
    endloop
  endfacet
  facet normal 1 0 0
    outer loop
      vertex -50.2848 12.5 0
      vertex -50.2848 -12.5 0.165428
      vertex -50.2848 -12.5 0
    endloop
  endfacet
  facet normal 0.946921 -0.321467 0
    outer loop
      vertex -50.0434 14.3337 0.165428
      vertex -49.7455 15.2112 0
      vertex -49.7455 15.2112 0.165428
    endloop
  endfacet
  facet normal 0.946921 -0.321467 0
    outer loop
      vertex -49.7455 15.2112 0
      vertex -50.0434 14.3337 0.165428
      vertex -50.0434 14.3337 0
    endloop
  endfacet
  facet normal 0.799145 0 -0.601138
    outer loop
      vertex -49.9232 -12.5 0.813041
      vertex -50.1636 12.5 0.493456
      vertex -49.9232 12.5 0.813041
    endloop
  endfacet
  facet normal 0.799145 0 -0.601138
    outer loop
      vertex -50.1636 12.5 0.493456
      vertex -49.9232 -12.5 0.813041
      vertex -50.1636 -12.5 0.493456
    endloop
  endfacet
  facet normal 0.335591 0 -0.942008
    outer loop
      vertex -48.5381 -12.5 1.66773
      vertex -47.8814 12.5 1.90168
      vertex -47.8814 -12.5 1.90168
    endloop
  endfacet
  facet normal 0.335591 0 -0.942008
    outer loop
      vertex -47.8814 12.5 1.90168
      vertex -48.5381 -12.5 1.66773
      vertex -48.5381 12.5 1.66773
    endloop
  endfacet
  facet normal 0.318402 0.108056 -0.941777
    outer loop
      vertex -47.7218 -13.7116 1.90168
      vertex -47.525 -14.2915 1.90168
      vertex -48.1317 -14.5428 1.66773
    endloop
  endfacet
  facet normal -0.0426844 0.651476 -0.757468
    outer loop
      vertex -43.2 -18.8678 1.11871
      vertex -42.3224 -19.1657 0.813041
      vertex -43.2 -19.2232 0.813041
    endloop
  endfacet
  facet normal -0.121041 0.992647 0
    outer loop
      vertex 43.1983 -9.10176 0
      vertex -42.2752 -19.5242 0.165428
      vertex 43.1983 -9.10176 0.257093
    endloop
  endfacet
  facet normal -0.121041 0.992647 0
    outer loop
      vertex -42.2752 -19.5242 0.165428
      vertex 43.1983 -9.10176 0
      vertex -42.2752 -19.5242 0
    endloop
  endfacet
  facet normal -0.165377 0.831422 -0.53046
    outer loop
      vertex 44.2548 -8.41491 1.26355
      vertex 44.3354 -8.71576 0.766882
      vertex 43.1371 -8.63723 1.26355
    endloop
  endfacet
  facet normal -0.0946032 0.793611 -0.601025
    outer loop
      vertex 43.1371 -8.63723 1.26355
      vertex -42.2911 -19.404 0.493456
      vertex -42.3224 -19.1657 0.813041
    endloop
  endfacet
  facet normal 0.44427 0.665001 -0.600331
    outer loop
      vertex -47.2928 -17.8339 0.813041
      vertex -46.6818 -18.5306 0.493456
      vertex -47.4392 -18.0246 0.493456
    endloop
  endfacet
  facet normal 0.27955 -0.186806 -0.941783
    outer loop
      vertex -46.914 15.3498 1.90168
      vertex -47.2542 14.8407 1.90168
      vertex -47.435 15.7496 1.66773
    endloop
  endfacet
  facet normal 0.27959 -0.186795 -0.941773
    outer loop
      vertex -47.435 15.7496 1.66773
      vertex -47.2542 14.8407 1.90168
      vertex -47.8229 15.169 1.66773
    endloop
  endfacet
  facet normal 0.378356 -0.18658 -0.906661
    outer loop
      vertex -47.8229 15.169 1.66773
      vertex -48.1317 14.5428 1.66773
      vertex -48.3125 15.4517 1.40524
    endloop
  endfacet
  facet normal 0.335496 -0.0220186 -0.941784
    outer loop
      vertex -47.8413 13.111 1.90168
      vertex -47.8814 12.5 1.90168
      vertex -48.4924 13.1968 1.66773
    endloop
  endfacet
  facet normal 0.263645 -0.0172785 -0.964465
    outer loop
      vertex -47.5052 12.7513 2
      vertex -47.8413 13.111 1.90168
      vertex -47.4847 13.0641 2
    endloop
  endfacet
  facet normal 0.263622 -0.0173016 -0.964471
    outer loop
      vertex -47.8413 13.111 1.90168
      vertex -47.5052 12.7513 2
      vertex -47.8814 12.5 1.90168
    endloop
  endfacet
  facet normal 0.524801 -0.0343919 -0.85053
    outer loop
      vertex -49.0529 13.2706 1.40524
      vertex -49.1034 12.5 1.40524
      vertex -49.5133 13.3312 1.11871
    endloop
  endfacet
  facet normal 0.471664 -0.232581 -0.850552
    outer loop
      vertex -48.7147 15.6839 1.11871
      vertex -48.3125 15.4517 1.40524
      vertex -49.0831 14.9368 1.11871
    endloop
  endfacet
  facet normal 0.618246 -0.209845 -0.757454
    outer loop
      vertex -49.0831 14.9368 1.11871
      vertex -49.3508 14.1481 1.11871
      vertex -49.4114 15.0729 0.813041
    endloop
  endfacet
  facet normal -0.0613505 -0.936253 -0.345927
    outer loop
      vertex -43.2 19.5848 0.165428
      vertex -42.2752 19.5242 0.165428
      vertex -43.2 19.4636 0.493456
    endloop
  endfacet
  facet normal -0.0530146 -0.483728 -0.873611
    outer loop
      vertex 22.8227 10.1274 2
      vertex 0.341937 12.5912 2
      vertex -42.4294 18.3529 1.40524
    endloop
  endfacet
  facet normal 0.232605 -0.471713 -0.850518
    outer loop
      vertex -45.6368 18.3831 1.11871
      vertex -45.4591 17.9541 1.40524
      vertex -46.3839 18.0147 1.11871
    endloop
  endfacet
  facet normal 0.186822 -0.279574 -0.941773
    outer loop
      vertex -45.869 17.1229 1.66773
      vertex -45.5407 16.5542 1.90168
      vertex -46.0498 16.214 1.90168
    endloop
  endfacet
  facet normal 0.0426844 -0.651476 -0.757468
    outer loop
      vertex -43.2 19.2232 0.813041
      vertex -43.2 18.8678 1.11871
      vertex -44.0776 19.1657 0.813041
    endloop
  endfacet
  facet normal -0.101222 -0.841137 -0.531266
    outer loop
      vertex 43.1778 8.94603 0.766882
      vertex 43.1371 8.63723 1.26355
      vertex -42.2911 19.404 0.493456
    endloop
  endfacet
  facet normal 0.717376 -0.353771 -0.600182
    outer loop
      vertex -49.2306 15.9818 0.493456
      vertex -49.0225 15.8616 0.813041
      vertex -49.6335 15.1648 0.493456
    endloop
  endfacet
  facet normal 0.186604 -0.378343 -0.906662
    outer loop
      vertex -45.4591 17.9541 1.40524
      vertex -45.869 17.1229 1.66773
      vertex -46.1517 17.6125 1.40524
    endloop
  endfacet
  facet normal 0.288732 -0.585556 -0.757468
    outer loop
      vertex -45.7729 18.7114 0.813041
      vertex -45.6368 18.3831 1.11871
      vertex -46.5616 18.3225 0.813041
    endloop
  endfacet
  facet normal 0.888432 -0.301611 -0.346004
    outer loop
      vertex -49.7455 15.2112 0.165428
      vertex -49.6335 15.1648 0.493456
      vertex -50.0434 14.3337 0.165428
    endloop
  endfacet
  facet normal 0.585546 -0.288727 -0.757478
    outer loop
      vertex -49.0225 15.8616 0.813041
      vertex -48.7147 15.6839 1.11871
      vertex -49.4114 15.0729 0.813041
    endloop
  endfacet
  facet normal 0.301568 -0.148697 -0.941778
    outer loop
      vertex -47.2542 14.8407 1.90168
      vertex -47.525 14.2915 1.90168
      vertex -48.1317 14.5428 1.66773
    endloop
  endfacet
  facet normal 0.116884 -0.236917 -0.964473
    outer loop
      vertex -45.135 16.3541 2
      vertex -45.3608 16.2427 2
      vertex -45.5407 16.5542 1.90168
    endloop
  endfacet
  facet normal -0.0580522 -0.522045 -0.85094
    outer loop
      vertex 22.8227 10.1274 2
      vertex -42.3688 18.8133 1.11871
      vertex 28.2604 9.52272 2
    endloop
  endfacet
  facet normal -0.0580417 -0.521971 -0.850986
    outer loop
      vertex -42.3688 18.8133 1.11871
      vertex 22.8227 10.1274 2
      vertex -42.4294 18.3529 1.40524
    endloop
  endfacet
  facet normal -0.0344099 -0.524799 -0.850531
    outer loop
      vertex -42.3688 18.8133 1.11871
      vertex -42.4294 18.3529 1.40524
      vertex -43.2 18.8678 1.11871
    endloop
  endfacet
  facet normal 0.148697 -0.301568 -0.941778
    outer loop
      vertex -45.2428 17.4317 1.66773
      vertex -44.9915 16.825 1.90168
      vertex -45.5407 16.5542 1.90168
    endloop
  endfacet
  facet normal -0.794774 -0.531021 -0.293857
    outer loop
      vertex 49.2832 5.58861 0.257093
      vertex 49.8143 4.51161 0.766882
      vertex 49.1586 5.49299 0.766882
    endloop
  endfacet
  facet normal -0.0946032 -0.793611 -0.601025
    outer loop
      vertex -42.2911 19.404 0.493456
      vertex 43.1371 8.63723 1.26355
      vertex -42.3224 19.1657 0.813041
    endloop
  endfacet
  facet normal -0.23104 -0.680606 -0.695267
    outer loop
      vertex 45.3338 8.04861 1.26355
      vertex 45.1576 7.62314 1.7386
      vertex 44.1356 7.97007 1.7386
    endloop
  endfacet
  facet normal -0.0653874 -0.99786 0
    outer loop
      vertex -43.2 19.5848 0
      vertex -42.2752 19.5242 0.165428
      vertex -43.2 19.5848 0.165428
    endloop
  endfacet
  facet normal -0.0653874 -0.99786 -0
    outer loop
      vertex -42.2752 19.5242 0.165428
      vertex -43.2 19.5848 0
      vertex -42.2752 19.5242 0
    endloop
  endfacet
  facet normal -0.997861 -0.065371 0
    outer loop
      vertex 51.1803 0 0
      vertex 51.1018 1.19827 0.257093
      vertex 51.1018 1.19827 0
    endloop
  endfacet
  facet normal -0.997861 -0.065371 0
    outer loop
      vertex 51.1018 1.19827 0.257093
      vertex 51.1803 0 0
      vertex 51.1803 0 0.257093
    endloop
  endfacet
  facet normal -0.953784 0.0624835 -0.293925
    outer loop
      vertex 51.1803 0 0.257093
      vertex 51.1018 -1.19827 0.257093
      vertex 51.0232 0 0.766882
    endloop
  endfacet
  facet normal -0.905124 -0.307253 -0.293847
    outer loop
      vertex 50.8675 2.37604 0.257093
      vertex 50.7158 2.33538 0.766882
      vertex 50.3364 3.45304 0.766882
    endloop
  endfacet
  facet normal -0.760239 -0.374959 -0.530512
    outer loop
      vertex 50.3364 3.45304 0.766882
      vertex 50.0486 3.33385 1.26355
      vertex 49.8143 4.51161 0.766882
    endloop
  endfacet
  facet normal -0.597624 -0.39932 -0.695262
    outer loop
      vertex 49.5446 4.35588 1.26355
      vertex 49.1458 4.12561 1.7386
      vertex 48.9115 5.30338 1.26355
    endloop
  endfacet
  facet normal -0.717148 0.0470108 -0.695334
    outer loop
      vertex 50.2512 0 1.7386
      vertex 50.7118 0 1.26355
      vertex 50.1806 -1.077 1.7386
    endloop
  endfacet
  facet normal -0.831385 0.165361 -0.530523
    outer loop
      vertex 50.6372 -1.13711 1.26355
      vertex 50.7158 -2.33538 0.766882
      vertex 50.4149 -2.25477 1.26355
    endloop
  endfacet
  facet normal -0.564054 0.191506 -0.803224
    outer loop
      vertex 49.4856 -2.46622 2
      vertex 49.9701 -2.13557 1.7386
      vertex 49.6231 -3.15761 1.7386
    endloop
  endfacet
  facet normal -0.564054 0.191506 -0.803224
    outer loop
      vertex 49.9701 -2.13557 1.7386
      vertex 49.4856 -2.46622 2
      vertex 49.6289 -2.04415 2
    endloop
  endfacet
  facet normal -0.802689 0.272477 -0.530516
    outer loop
      vertex 50.4149 -2.25477 1.26355
      vertex 50.3364 -3.45304 0.766882
      vertex 50.0486 -3.33385 1.26355
    endloop
  endfacet
  facet normal -0.680564 0.231063 -0.6953
    outer loop
      vertex 49.9701 -2.13557 1.7386
      vertex 50.0486 -3.33385 1.26355
      vertex 49.6231 -3.15761 1.7386
    endloop
  endfacet
  facet normal -0.597571 0.399327 -0.695303
    outer loop
      vertex 49.1458 -4.12561 1.7386
      vertex 48.9115 -5.30338 1.26355
      vertex 48.5461 -5.02303 1.7386
    endloop
  endfacet
  facet normal -0.845941 0.0554494 -0.530386
    outer loop
      vertex 51.0232 0 0.766882
      vertex 50.946 -1.17777 0.766882
      vertex 50.7118 0 1.26355
    endloop
  endfacet
  facet normal -0.937437 0.186489 -0.293996
    outer loop
      vertex 50.946 -1.17777 0.766882
      vertex 51.1018 -1.19827 0.257093
      vertex 50.8675 -2.37604 0.257093
    endloop
  endfacet
  facet normal -0.0220186 0.335496 -0.941784
    outer loop
      vertex -42.589 -17.1413 1.90168
      vertex -42.5032 -17.7924 1.66773
      vertex -43.2 -17.1814 1.90168
    endloop
  endfacet
  facet normal -0.0438156 0.418885 -0.906982
    outer loop
      vertex -42.4294 -18.3529 1.40524
      vertex -11.7947 -13.8607 2
      vertex 0.341937 -12.5912 2
    endloop
  endfacet
  facet normal -0.0438279 0.418964 -0.906944
    outer loop
      vertex -11.7947 -13.8607 2
      vertex -42.4294 -18.3529 1.40524
      vertex -42.5032 -17.7924 1.66773
    endloop
  endfacet
  facet normal -0.140217 0.704931 -0.695278
    outer loop
      vertex 44.2548 -8.41491 1.26355
      vertex 43.1371 -8.63723 1.26355
      vertex 43.077 -8.18064 1.7386
    endloop
  endfacet
  facet normal 0.259142 0.0515137 -0.964464
    outer loop
      vertex -47.4847 -13.0641 2
      vertex -47.4356 -13.3111 2
      vertex -47.8413 -13.111 1.90168
    endloop
  endfacet
  facet normal 0.399463 0.135631 -0.906661
    outer loop
      vertex -48.3562 -13.8816 1.66773
      vertex -48.1317 -14.5428 1.66773
      vertex -48.9023 -14.0279 1.40524
    endloop
  endfacet
  facet normal 0.399438 0.135586 -0.906678
    outer loop
      vertex -48.1317 -14.5428 1.66773
      vertex -48.6541 -14.7591 1.40524
      vertex -48.9023 -14.0279 1.40524
    endloop
  endfacet
  facet normal 0.888432 0.301611 -0.346004
    outer loop
      vertex -49.6335 -15.1648 0.493456
      vertex -49.7455 -15.2112 0.165428
      vertex -50.0434 -14.3337 0.165428
    endloop
  endfacet
  facet normal 0.219645 0.146824 -0.964468
    outer loop
      vertex -46.914 -15.3498 1.90168
      vertex -46.8028 -14.8703 2
      vertex -46.6286 -15.1309 2
    endloop
  endfacet
  facet normal 0.219697 0.14681 -0.964459
    outer loop
      vertex -46.8028 -14.8703 2
      vertex -46.914 -15.3498 1.90168
      vertex -47.2542 -14.8407 1.90168
    endloop
  endfacet
  facet normal 0.757351 0.257104 -0.600264
    outer loop
      vertex -49.4114 -15.0729 0.813041
      vertex -49.6335 -15.1648 0.493456
      vertex -49.9263 -14.3023 0.493456
    endloop
  endfacet
  facet normal 0.195099 0.980784 -0
    outer loop
      vertex -44.1248 -19.5242 0
      vertex -45.0337 -19.3434 0.165428
      vertex -44.1248 -19.5242 0.165428
    endloop
  endfacet
  facet normal 0.195099 0.980784 0
    outer loop
      vertex -45.0337 -19.3434 0.165428
      vertex -44.1248 -19.5242 0
      vertex -45.0337 -19.3434 0
    endloop
  endfacet
  facet normal 0.209866 0.618239 -0.757455
    outer loop
      vertex -45.6368 -18.3831 1.11871
      vertex -44.9401 -18.9941 0.813041
      vertex -45.7729 -18.7114 0.813041
    endloop
  endfacet
  facet normal 0.0613505 0.936253 -0.345927
    outer loop
      vertex -43.2 -19.4636 0.493456
      vertex -43.2 -19.5848 0.165428
      vertex -44.1248 -19.5242 0.165428
    endloop
  endfacet
  facet normal 0.169055 0.498037 -0.850517
    outer loop
      vertex -45.4591 -17.9541 1.40524
      vertex -44.7279 -18.2023 1.40524
      vertex -45.6368 -18.3831 1.11871
    endloop
  endfacet
  facet normal 0.108089 0.318344 -0.941793
    outer loop
      vertex -44.4116 -17.0218 1.90168
      vertex -44.5816 -17.6562 1.66773
      vertex -45.2428 -17.4317 1.66773
    endloop
  endfacet
  facet normal 0.257083 0.757336 -0.600291
    outer loop
      vertex -44.9401 -18.9941 0.813041
      vertex -45.0023 -19.2263 0.493456
      vertex -45.7729 -18.7114 0.813041
    endloop
  endfacet
  facet normal 0.301573 0.148716 -0.941774
    outer loop
      vertex -47.2542 -14.8407 1.90168
      vertex -47.8229 -15.169 1.66773
      vertex -48.1317 -14.5428 1.66773
    endloop
  endfacet
  facet normal 0.301568 0.148697 -0.941778
    outer loop
      vertex -47.525 -14.2915 1.90168
      vertex -47.2542 -14.8407 1.90168
      vertex -48.1317 -14.5428 1.66773
    endloop
  endfacet
  facet normal 0.353739 0.717392 -0.600181
    outer loop
      vertex -46.5616 -18.3225 0.813041
      vertex -45.7729 -18.7114 0.813041
      vertex -46.6818 -18.5306 0.493456
    endloop
  endfacet
  facet normal 0.43049 0.490844 -0.757463
    outer loop
      vertex -47.0765 -17.5519 1.11871
      vertex -47.2928 -17.8339 0.813041
      vertex -47.954 -17.254 0.813041
    endloop
  endfacet
  facet normal 0.99786 0.0653874 0
    outer loop
      vertex -50.2242 -13.4248 0.165428
      vertex -50.2848 -12.5 0
      vertex -50.2848 -12.5 0.165428
    endloop
  endfacet
  facet normal 0.99786 0.0653874 0
    outer loop
      vertex -50.2848 -12.5 0
      vertex -50.2242 -13.4248 0.165428
      vertex -50.2242 -13.4248 0
    endloop
  endfacet
  facet normal 0.757351 -0.257104 -0.600264
    outer loop
      vertex -49.6335 15.1648 0.493456
      vertex -49.4114 15.0729 0.813041
      vertex -49.9263 14.3023 0.493456
    endloop
  endfacet
  facet normal 0.79805 0.0523312 -0.600314
    outer loop
      vertex -49.9232 -12.5 0.813041
      vertex -50.104 -13.4089 0.493456
      vertex -50.1636 -12.5 0.493456
    endloop
  endfacet
  facet normal 0.920187 -0.183028 -0.346058
    outer loop
      vertex -49.9263 14.3023 0.493456
      vertex -50.104 13.4089 0.493456
      vertex -50.2242 13.4248 0.165428
    endloop
  endfacet
  facet normal 0.335496 0.0220186 -0.941784
    outer loop
      vertex -47.8814 -12.5 1.90168
      vertex -47.8413 -13.111 1.90168
      vertex -48.4924 -13.1968 1.66773
    endloop
  endfacet
  facet normal 0.329752 0.0656099 -0.941785
    outer loop
      vertex -47.8413 -13.111 1.90168
      vertex -47.7218 -13.7116 1.90168
      vertex -48.4924 -13.1968 1.66773
    endloop
  endfacet
  facet normal 0.263645 0.0172785 -0.964465
    outer loop
      vertex -47.8413 -13.111 1.90168
      vertex -47.5052 -12.7513 2
      vertex -47.4847 -13.0641 2
    endloop
  endfacet
  facet normal 0.263622 0.0173016 -0.964471
    outer loop
      vertex -47.5052 -12.7513 2
      vertex -47.8413 -13.111 1.90168
      vertex -47.8814 -12.5 1.90168
    endloop
  endfacet
  facet normal 0.250219 0.0849164 -0.964458
    outer loop
      vertex -47.7218 -13.7116 1.90168
      vertex -47.2737 -13.9153 2
      vertex -47.525 -14.2915 1.90168
    endloop
  endfacet
  facet normal 0.250209 0.0848923 -0.964463
    outer loop
      vertex -47.2737 -13.9153 2
      vertex -47.7218 -13.7116 1.90168
      vertex -47.3744 -13.6185 2
    endloop
  endfacet
  facet normal 0.14681 0.219697 -0.964459
    outer loop
      vertex -46.0498 -16.214 1.90168
      vertex -45.5703 -16.1028 2
      vertex -45.5407 -16.5542 1.90168
    endloop
  endfacet
  facet normal 0.146824 0.219645 -0.964468
    outer loop
      vertex -45.5703 -16.1028 2
      vertex -46.0498 -16.214 1.90168
      vertex -45.8309 -15.9286 2
    endloop
  endfacet
  facet normal 0.0344099 0.524799 -0.850531
    outer loop
      vertex -43.9706 -18.3529 1.40524
      vertex -43.2 -18.8678 1.11871
      vertex -44.0312 -18.8133 1.11871
    endloop
  endfacet
  facet normal 0.378356 0.18658 -0.906661
    outer loop
      vertex -48.1317 -14.5428 1.66773
      vertex -47.8229 -15.169 1.66773
      vertex -48.3125 -15.4517 1.40524
    endloop
  endfacet
  facet normal 0.346826 0.395453 -0.850487
    outer loop
      vertex -47.3744 -16.6744 1.40524
      vertex -47.0765 -17.5519 1.11871
      vertex -47.7027 -17.0027 1.11871
    endloop
  endfacet
  facet normal 0.232605 0.471713 -0.850518
    outer loop
      vertex -45.4591 -17.9541 1.40524
      vertex -45.6368 -18.3831 1.11871
      vertex -46.3839 -18.0147 1.11871
    endloop
  endfacet
  facet normal -0.0220046 0.33551 -0.94178
    outer loop
      vertex -43.2 -17.1814 1.90168
      vertex -42.5032 -17.7924 1.66773
      vertex -43.2 -17.8381 1.66773
    endloop
  endfacet
  facet normal -0.0275874 0.420967 -0.906656
    outer loop
      vertex -42.5032 -17.7924 1.66773
      vertex -42.4294 -18.3529 1.40524
      vertex -43.2 -18.4034 1.40524
    endloop
  endfacet
  facet normal -0.0173032 0.263647 -0.964464
    outer loop
      vertex -43.2 -17.1814 1.90168
      vertex -42.8872 -16.8012 2
      vertex -42.589 -17.1413 1.90168
    endloop
  endfacet
  facet normal -0.0172774 0.263627 -0.96447
    outer loop
      vertex -42.8872 -16.8012 2
      vertex -43.2 -17.1814 1.90168
      vertex -43.2 -16.8217 2
    endloop
  endfacet
  facet normal 0.0653874 0.99786 -0
    outer loop
      vertex -43.2 -19.5848 0
      vertex -44.1248 -19.5242 0.165428
      vertex -43.2 -19.5848 0.165428
    endloop
  endfacet
  facet normal 0.0653874 0.99786 0
    outer loop
      vertex -44.1248 -19.5242 0.165428
      vertex -43.2 -19.5848 0
      vertex -44.1248 -19.5242 0
    endloop
  endfacet
  facet normal 0.156033 0.784466 -0.600222
    outer loop
      vertex -44.0776 -19.1657 0.813041
      vertex -44.1089 -19.404 0.493456
      vertex -45.0023 -19.2263 0.493456
    endloop
  endfacet
  facet normal 0.301604 0.888435 -0.346004
    outer loop
      vertex -45.8648 -18.9335 0.493456
      vertex -45.0023 -19.2263 0.493456
      vertex -45.9112 -19.0455 0.165428
    endloop
  endfacet
  facet normal -0.718653 0.630226 -0.29386
    outer loop
      vertex 49.1586 -5.49299 0.766882
      vertex 49.2832 -5.58861 0.257093
      vertex 48.3804 -6.38038 0.766882
    endloop
  endfacet
  facet normal -0.718658 0.630191 -0.293922
    outer loop
      vertex 49.2832 -5.58861 0.257093
      vertex 48.4915 -6.49145 0.257093
      vertex 48.3804 -6.38038 0.766882
    endloop
  endfacet
  facet normal -0.42276 0.857269 -0.293876
    outer loop
      vertex 46.5901 -7.95037 0.257093
      vertex 45.5131 -8.48149 0.257093
      vertex 45.453 -8.33637 0.766882
    endloop
  endfacet
  facet normal 0.378318 -0.186592 -0.906675
    outer loop
      vertex -48.3125 15.4517 1.40524
      vertex -48.1317 14.5428 1.66773
      vertex -48.6541 14.7591 1.40524
    endloop
  endfacet
  facet normal 0.329735 -0.065581 -0.941793
    outer loop
      vertex -48.3562 13.8816 1.66773
      vertex -47.7218 13.7116 1.90168
      vertex -48.4924 13.1968 1.66773
    endloop
  endfacet
  facet normal 0.329752 -0.0656099 -0.941785
    outer loop
      vertex -47.7218 13.7116 1.90168
      vertex -47.8413 13.111 1.90168
      vertex -48.4924 13.1968 1.66773
    endloop
  endfacet
  facet normal 0.301573 -0.148716 -0.941774
    outer loop
      vertex -47.8229 15.169 1.66773
      vertex -47.2542 14.8407 1.90168
      vertex -48.1317 14.5428 1.66773
    endloop
  endfacet
  facet normal 0.259133 -0.0515906 -0.964463
    outer loop
      vertex -47.4356 13.3111 2
      vertex -47.7218 13.7116 1.90168
      vertex -47.3744 13.6185 2
    endloop
  endfacet
  facet normal 0.259166 -0.0515656 -0.964455
    outer loop
      vertex -47.7218 13.7116 1.90168
      vertex -47.4356 13.3111 2
      vertex -47.8413 13.111 1.90168
    endloop
  endfacet
  facet normal 0.259142 -0.0515137 -0.964464
    outer loop
      vertex -47.4356 13.3111 2
      vertex -47.4847 13.0641 2
      vertex -47.8413 13.111 1.90168
    endloop
  endfacet
  facet normal 0.585553 -0.28874 -0.757468
    outer loop
      vertex -48.7147 15.6839 1.11871
      vertex -49.0831 14.9368 1.11871
      vertex -49.4114 15.0729 0.813041
    endloop
  endfacet
  facet normal 0.784466 -0.156033 -0.600222
    outer loop
      vertex -49.9263 14.3023 0.493456
      vertex -49.8657 13.3776 0.813041
      vertex -50.104 13.4089 0.493456
    endloop
  endfacet
  facet normal 0.65207 0 -0.758159
    outer loop
      vertex -49.9232 -12.5 0.813041
      vertex -49.5678 12.5 1.11871
      vertex -49.5678 -12.5 1.11871
    endloop
  endfacet
  facet normal 0.65207 0 -0.758159
    outer loop
      vertex -49.5678 12.5 1.11871
      vertex -49.9232 -12.5 0.813041
      vertex -49.9232 12.5 0.813041
    endloop
  endfacet
  facet normal -0.0523349 -0.798107 -0.600238
    outer loop
      vertex -42.2911 19.404 0.493456
      vertex -42.3224 19.1657 0.813041
      vertex -43.2 19.4636 0.493456
    endloop
  endfacet
  facet normal 0.43049 -0.490844 -0.757463
    outer loop
      vertex -47.2928 17.8339 0.813041
      vertex -47.0765 17.5519 1.11871
      vertex -47.954 17.254 0.813041
    endloop
  endfacet
  facet normal 0.278127 -0.317188 -0.906663
    outer loop
      vertex -46.7938 17.1835 1.40524
      vertex -46.4496 16.735 1.66773
      vertex -47.3744 16.6744 1.40524
    endloop
  endfacet
  facet normal 0.219645 -0.146824 -0.964468
    outer loop
      vertex -46.8028 14.8703 2
      vertex -46.914 15.3498 1.90168
      vertex -46.6286 15.1309 2
    endloop
  endfacet
  facet normal 0.219697 -0.14681 -0.964459
    outer loop
      vertex -46.914 15.3498 1.90168
      vertex -46.8028 14.8703 2
      vertex -47.2542 14.8407 1.90168
    endloop
  endfacet
  facet normal 0.346826 -0.395453 -0.850487
    outer loop
      vertex -47.0765 17.5519 1.11871
      vertex -47.3744 16.6744 1.40524
      vertex -47.7027 17.0027 1.11871
    endloop
  endfacet
  facet normal 0.353739 -0.717392 -0.600181
    outer loop
      vertex -45.7729 18.7114 0.813041
      vertex -46.5616 18.3225 0.813041
      vertex -46.6818 18.5306 0.493456
    endloop
  endfacet
  facet normal 0.841476 -0.414967 -0.346006
    outer loop
      vertex -49.3356 16.0424 0.165428
      vertex -49.6335 15.1648 0.493456
      vertex -49.7455 15.2112 0.165428
    endloop
  endfacet
  facet normal 0.841473 -0.414969 -0.346012
    outer loop
      vertex -49.3356 16.0424 0.165428
      vertex -49.2306 15.9818 0.493456
      vertex -49.6335 15.1648 0.493456
    endloop
  endfacet
  facet normal 0.236948 -0.11683 -0.964472
    outer loop
      vertex -47.0813 14.3797 2
      vertex -47.2542 14.8407 1.90168
      vertex -46.9427 14.6608 2
    endloop
  endfacet
  facet normal 0.236943 -0.116832 -0.964473
    outer loop
      vertex -47.2542 14.8407 1.90168
      vertex -47.0813 14.3797 2
      vertex -47.525 14.2915 1.90168
    endloop
  endfacet
  facet normal 0.146824 -0.219645 -0.964468
    outer loop
      vertex -46.0498 16.214 1.90168
      vertex -45.5703 16.1028 2
      vertex -45.8309 15.9286 2
    endloop
  endfacet
  facet normal 0.14681 -0.219697 -0.964459
    outer loop
      vertex -45.5703 16.1028 2
      vertex -46.0498 16.214 1.90168
      vertex -45.5407 16.5542 1.90168
    endloop
  endfacet
  facet normal 0.174198 -0.198649 -0.964466
    outer loop
      vertex -45.8309 15.9286 2
      vertex -46.0202 15.7626 2
      vertex -46.0498 16.214 1.90168
    endloop
  endfacet
  facet normal -0.0217916 -0.26307 -0.964531
    outer loop
      vertex -42.589 17.1413 1.90168
      vertex -36.4562 16.2728 2
      vertex -42.6359 16.7847 2
    endloop
  endfacet
  facet normal -0.54035 -0.4739 -0.695299
    outer loop
      vertex 48.9115 5.30338 1.26355
      vertex 48.5461 5.02303 1.7386
      vertex 48.1601 6.16014 1.26355
    endloop
  endfacet
  facet normal -0.644638 -0.317894 -0.695259
    outer loop
      vertex 49.5446 4.35588 1.26355
      vertex 50.0486 3.33385 1.26355
      vertex 49.1458 4.12561 1.7386
    endloop
  endfacet
  facet normal -0.191481 -0.564072 -0.803217
    outer loop
      vertex 44.4662 7.48562 2
      vertex 44.1356 7.97007 1.7386
      vertex 45.1576 7.62314 1.7386
    endloop
  endfacet
  facet normal -0.191507 -0.564082 -0.803204
    outer loop
      vertex 44.1356 7.97007 1.7386
      vertex 44.4662 7.48562 2
      vertex 44.0442 7.62889 2
    endloop
  endfacet
  facet normal -0.374921 -0.760284 -0.530475
    outer loop
      vertex 45.453 8.33637 0.766882
      vertex 46.5116 7.81434 0.766882
      vertex 45.3338 8.04861 1.26355
    endloop
  endfacet
  facet normal -0.272498 -0.80272 -0.530458
    outer loop
      vertex 44.3354 8.71576 0.766882
      vertex 45.453 8.33637 0.766882
      vertex 44.2548 8.41491 1.26355
    endloop
  endfacet
  facet normal -0.14022 -0.704927 -0.695282
    outer loop
      vertex 44.2548 8.41491 1.26355
      vertex 44.1356 7.97007 1.7386
      vertex 43.077 8.18064 1.7386
    endloop
  endfacet
  facet normal -0.980781 -0.195112 0
    outer loop
      vertex 51.1018 1.19827 0
      vertex 50.8675 2.37604 0.257093
      vertex 50.8675 2.37604 0
    endloop
  endfacet
  facet normal -0.980781 -0.195112 0
    outer loop
      vertex 50.8675 2.37604 0.257093
      vertex 51.1018 1.19827 0
      vertex 51.1018 1.19827 0.257093
    endloop
  endfacet
  facet normal -0.802685 -0.272479 -0.53052
    outer loop
      vertex 50.7158 2.33538 0.766882
      vertex 50.4149 2.25477 1.26355
      vertex 50.3364 3.45304 0.766882
    endloop
  endfacet
  facet normal -0.937437 -0.186489 -0.293996
    outer loop
      vertex 51.1018 1.19827 0.257093
      vertex 50.946 1.17777 0.766882
      vertex 50.8675 2.37604 0.257093
    endloop
  endfacet
  facet normal -0.751868 -0.659313 0
    outer loop
      vertex 49.2832 5.58861 0
      vertex 48.4915 6.49145 0.257093
      vertex 48.4915 6.49145 0
    endloop
  endfacet
  facet normal -0.751868 -0.659313 0
    outer loop
      vertex 48.4915 6.49145 0.257093
      vertex 49.2832 5.58861 0
      vertex 49.2832 5.58861 0.257093
    endloop
  endfacet
  facet normal -0.718658 -0.630191 -0.293922
    outer loop
      vertex 48.4915 6.49145 0.257093
      vertex 49.2832 5.58861 0.257093
      vertex 48.3804 6.38038 0.766882
    endloop
  endfacet
  facet normal -0.63023 -0.718648 -0.293863
    outer loop
      vertex 47.5886 7.28322 0.257093
      vertex 48.3804 6.38038 0.766882
      vertex 47.493 7.1586 0.766882
    endloop
  endfacet
  facet normal -0.470958 -0.704849 -0.530459
    outer loop
      vertex 47.493 7.1586 0.766882
      vertex 47.3034 6.9115 1.26355
      vertex 46.5116 7.81434 0.766882
    endloop
  endfacet
  facet normal -0.644617 -0.317847 -0.6953
    outer loop
      vertex 50.0486 3.33385 1.26355
      vertex 49.6231 3.15761 1.7386
      vertex 49.1458 4.12561 1.7386
    endloop
  endfacet
  facet normal -0.802689 -0.272477 -0.530516
    outer loop
      vertex 50.3364 3.45304 0.766882
      vertex 50.4149 2.25477 1.26355
      vertex 50.0486 3.33385 1.26355
    endloop
  endfacet
  facet normal -0.59444 -0.0388925 -0.803199
    outer loop
      vertex 49.8689 0.44477 2
      vertex 50.2512 0 1.7386
      vertex 49.898 0 2
    endloop
  endfacet
  facet normal -0.594499 -0.0389709 -0.803152
    outer loop
      vertex 50.2512 0 1.7386
      vertex 49.8689 0.44477 2
      vertex 50.1806 1.077 1.7386
    endloop
  endfacet
  facet normal -0.584244 -0.116222 -0.803213
    outer loop
      vertex 50.1806 1.077 1.7386
      vertex 49.8304 1.0309 2
      vertex 49.7158 1.60699 2
    endloop
  endfacet
  facet normal -0.558958 0.637323 -0.530457
    outer loop
      vertex 48.1601 -6.16014 1.26355
      vertex 47.493 -7.1586 0.766882
      vertex 47.3034 -6.9115 1.26355
    endloop
  endfacet
  facet normal -0.644638 0.317894 -0.695259
    outer loop
      vertex 50.0486 -3.33385 1.26355
      vertex 49.5446 -4.35588 1.26355
      vertex 49.1458 -4.12561 1.7386
    endloop
  endfacet
  facet normal -0.54035 0.4739 -0.695299
    outer loop
      vertex 48.5461 -5.02303 1.7386
      vertex 48.9115 -5.30338 1.26355
      vertex 48.1601 -6.16014 1.26355
    endloop
  endfacet
  facet normal -0.831425 0.165336 -0.530468
    outer loop
      vertex 50.946 -1.17777 0.766882
      vertex 50.7158 -2.33538 0.766882
      vertex 50.6372 -1.13711 1.26355
    endloop
  endfacet
  facet normal -0.802685 0.272479 -0.53052
    outer loop
      vertex 50.4149 -2.25477 1.26355
      vertex 50.7158 -2.33538 0.766882
      vertex 50.3364 -3.45304 0.766882
    endloop
  endfacet
  facet normal -0.845887 0.0554943 -0.530468
    outer loop
      vertex 50.7118 0 1.26355
      vertex 50.946 -1.17777 0.766882
      vertex 50.6372 -1.13711 1.26355
    endloop
  endfacet
  facet normal -0.717189 0.0470511 -0.695288
    outer loop
      vertex 50.7118 0 1.26355
      vertex 50.6372 -1.13711 1.26355
      vertex 50.1806 -1.077 1.7386
    endloop
  endfacet
  facet normal -0.980781 0.195112 0
    outer loop
      vertex 50.8675 -2.37604 0
      vertex 51.1018 -1.19827 0.257093
      vertex 51.1018 -1.19827 0
    endloop
  endfacet
  facet normal -0.980781 0.195112 0
    outer loop
      vertex 51.1018 -1.19827 0.257093
      vertex 50.8675 -2.37604 0
      vertex 50.8675 -2.37604 0.257093
    endloop
  endfacet
  facet normal -0.953759 -0.0625166 -0.293999
    outer loop
      vertex 51.1018 1.19827 0.257093
      vertex 51.0232 0 0.766882
      vertex 50.946 1.17777 0.766882
    endloop
  endfacet
  facet normal -0.845941 -0.0554494 -0.530386
    outer loop
      vertex 50.946 1.17777 0.766882
      vertex 51.0232 0 0.766882
      vertex 50.7118 0 1.26355
    endloop
  endfacet
  facet normal -0.11621 0.584246 -0.803214
    outer loop
      vertex 43.607 -7.71585 2
      vertex 43.077 -8.18064 1.7386
      vertex 43.0309 -7.83044 2
    endloop
  endfacet
  facet normal -0.11621 0.584256 -0.803206
    outer loop
      vertex 44.1356 -7.97007 1.7386
      vertex 43.607 -7.71585 2
      vertex 44.0442 -7.62889 2
    endloop
  endfacet
  facet normal -0.116215 0.584249 -0.80321
    outer loop
      vertex 43.607 -7.71585 2
      vertex 44.1356 -7.97007 1.7386
      vertex 43.077 -8.18064 1.7386
    endloop
  endfacet
  facet normal -0.191482 0.56407 -0.803218
    outer loop
      vertex 45.0224 -7.29681 2
      vertex 45.1576 -7.62314 1.7386
      vertex 44.4662 -7.48562 2
    endloop
  endfacet
  facet normal 0.751834 -0.659352 0
    outer loop
      vertex -48.8207 16.813 0.165428
      vertex -48.2097 17.5097 0
      vertex -48.2097 17.5097 0.165428
    endloop
  endfacet
  facet normal 0.751834 -0.659352 0
    outer loop
      vertex -48.2097 17.5097 0
      vertex -48.8207 16.813 0.165428
      vertex -48.8207 16.813 0
    endloop
  endfacet
  facet normal 0.521255 -0.780111 -0.346006
    outer loop
      vertex -46.7424 18.6356 0.165428
      vertex -46.6818 18.5306 0.493456
      vertex -47.513 18.1207 0.165428
    endloop
  endfacet
  facet normal 0.498053 0.169049 -0.850509
    outer loop
      vertex -48.9023 -14.0279 1.40524
      vertex -49.0831 -14.9368 1.11871
      vertex -49.3508 -14.1481 1.11871
    endloop
  endfacet
  facet normal 0.946921 0.321467 0
    outer loop
      vertex -49.7455 -15.2112 0.165428
      vertex -50.0434 -14.3337 0
      vertex -50.0434 -14.3337 0.165428
    endloop
  endfacet
  facet normal 0.946921 0.321467 0
    outer loop
      vertex -50.0434 -14.3337 0
      vertex -49.7455 -15.2112 0.165428
      vertex -49.7455 -15.2112 0
    endloop
  endfacet
  facet normal 0.831469 0.555571 0
    outer loop
      vertex -48.8207 -16.813 0.165428
      vertex -49.3356 -16.0424 0
      vertex -49.3356 -16.0424 0.165428
    endloop
  endfacet
  facet normal 0.831469 0.555571 0
    outer loop
      vertex -49.3356 -16.0424 0
      vertex -48.8207 -16.813 0.165428
      vertex -48.8207 -16.813 0
    endloop
  endfacet
  facet normal 0.705419 0.618684 -0.345853
    outer loop
      vertex -48.7246 -16.7392 0.493456
      vertex -48.124 -17.424 0.493456
      vertex -48.8207 -16.813 0.165428
    endloop
  endfacet
  facet normal 0.60126 0.52733 -0.600342
    outer loop
      vertex -47.954 -17.254 0.813041
      vertex -48.124 -17.424 0.493456
      vertex -48.5339 -16.5928 0.813041
    endloop
  endfacet
  facet normal 0.52733 0.601258 -0.600344
    outer loop
      vertex -47.2928 -17.8339 0.813041
      vertex -47.4392 -18.0246 0.493456
      vertex -48.124 -17.424 0.493456
    endloop
  endfacet
  facet normal 0.705418 0.618646 -0.345923
    outer loop
      vertex -48.124 -17.424 0.493456
      vertex -48.2097 -17.5097 0.165428
      vertex -48.8207 -16.813 0.165428
    endloop
  endfacet
  facet normal -0.0522881 0.798052 -0.600315
    outer loop
      vertex -43.2 -19.2232 0.813041
      vertex -42.3224 -19.1657 0.813041
      vertex -43.2 -19.4636 0.493456
    endloop
  endfacet
  facet normal -0.0427129 0.65143 -0.757505
    outer loop
      vertex -42.3688 -18.8133 1.11871
      vertex -42.3224 -19.1657 0.813041
      vertex -43.2 -18.8678 1.11871
    endloop
  endfacet
  facet normal 0.288732 0.585556 -0.757468
    outer loop
      vertex -45.6368 -18.3831 1.11871
      vertex -45.7729 -18.7114 0.813041
      vertex -46.5616 -18.3225 0.813041
    endloop
  endfacet
  facet normal 0.232621 0.471642 -0.850553
    outer loop
      vertex -46.1517 -17.6125 1.40524
      vertex -45.4591 -17.9541 1.40524
      vertex -46.3839 -18.0147 1.11871
    endloop
  endfacet
  facet normal 0.665045 0.444394 -0.600191
    outer loop
      vertex -49.0225 -15.8616 0.813041
      vertex -48.5339 -16.5928 0.813041
      vertex -49.2306 -15.9818 0.493456
    endloop
  endfacet
  facet normal 0.148716 0.301573 -0.941774
    outer loop
      vertex -45.5407 -16.5542 1.90168
      vertex -45.2428 -17.4317 1.66773
      vertex -45.869 -17.1229 1.66773
    endloop
  endfacet
  facet normal 0.784404 0.156062 -0.600296
    outer loop
      vertex -49.8657 -13.3776 0.813041
      vertex -49.6941 -14.2401 0.813041
      vertex -49.9263 -14.3023 0.493456
    endloop
  endfacet
  facet normal 0.93802 0 -0.34658
    outer loop
      vertex -50.1636 -12.5 0.493456
      vertex -50.2848 12.5 0.165428
      vertex -50.1636 12.5 0.493456
    endloop
  endfacet
  facet normal 0.93802 0 -0.34658
    outer loop
      vertex -50.2848 12.5 0.165428
      vertex -50.1636 -12.5 0.493456
      vertex -50.2848 -12.5 0.165428
    endloop
  endfacet
  facet normal 0.99786 -0.0653874 0
    outer loop
      vertex -50.2848 12.5 0.165428
      vertex -50.2242 13.4248 0
      vertex -50.2242 13.4248 0.165428
    endloop
  endfacet
  facet normal 0.99786 -0.0653874 0
    outer loop
      vertex -50.2242 13.4248 0
      vertex -50.2848 12.5 0.165428
      vertex -50.2848 12.5 0
    endloop
  endfacet
  facet normal 0.896874 -0.442287 0
    outer loop
      vertex -49.7455 15.2112 0.165428
      vertex -49.3356 16.0424 0
      vertex -49.3356 16.0424 0.165428
    endloop
  endfacet
  facet normal 0.896874 -0.442287 0
    outer loop
      vertex -49.3356 16.0424 0
      vertex -49.7455 15.2112 0.165428
      vertex -49.7455 15.2112 0
    endloop
  endfacet
  facet normal 0.263627 0.0173094 -0.964469
    outer loop
      vertex -47.5217 -12.5 2
      vertex -47.5052 -12.7513 2
      vertex -47.8814 -12.5 1.90168
    endloop
  endfacet
  facet normal 0.236948 0.11683 -0.964472
    outer loop
      vertex -47.2542 -14.8407 1.90168
      vertex -47.0813 -14.3797 2
      vertex -46.9427 -14.6608 2
    endloop
  endfacet
  facet normal 0.236943 0.116832 -0.964473
    outer loop
      vertex -47.0813 -14.3797 2
      vertex -47.2542 -14.8407 1.90168
      vertex -47.525 -14.2915 1.90168
    endloop
  endfacet
  facet normal 0.219694 0.146707 -0.964475
    outer loop
      vertex -46.9427 -14.6608 2
      vertex -46.8028 -14.8703 2
      vertex -47.2542 -14.8407 1.90168
    endloop
  endfacet
  facet normal 0.116884 0.236917 -0.964473
    outer loop
      vertex -45.3608 -16.2427 2
      vertex -45.135 -16.3541 2
      vertex -45.5407 -16.5542 1.90168
    endloop
  endfacet
  facet normal 0.198664 0.174224 -0.964458
    outer loop
      vertex -46.422 -15.3665 2
      vertex -46.2559 -15.5559 2
      vertex -46.5102 -15.8102 1.90168
    endloop
  endfacet
  facet normal 0.174198 0.198649 -0.964466
    outer loop
      vertex -46.0202 -15.7626 2
      vertex -45.8309 -15.9286 2
      vertex -46.0498 -16.214 1.90168
    endloop
  endfacet
  facet normal 0.601258 0.52733 -0.600344
    outer loop
      vertex -48.5339 -16.5928 0.813041
      vertex -48.124 -17.424 0.493456
      vertex -48.7246 -16.7392 0.493456
    endloop
  endfacet
  facet normal 0.437307 0.292174 -0.850527
    outer loop
      vertex -47.8835 -16.0938 1.40524
      vertex -48.2519 -16.3765 1.11871
      vertex -48.3125 -15.4517 1.40524
    endloop
  endfacet
  facet normal 0.116798 0.236966 -0.964472
    outer loop
      vertex -44.9915 -16.825 1.90168
      vertex -45.135 -16.3541 2
      vertex -44.8538 -16.4927 2
    endloop
  endfacet
  facet normal 0.11685 0.23698 -0.964462
    outer loop
      vertex -45.135 -16.3541 2
      vertex -44.9915 -16.825 1.90168
      vertex -45.5407 -16.5542 1.90168
    endloop
  endfacet
  facet normal 0.34674 0.395437 -0.85053
    outer loop
      vertex -46.7938 -17.1835 1.40524
      vertex -47.0765 -17.5519 1.11871
      vertex -47.3744 -16.6744 1.40524
    endloop
  endfacet
  facet normal 0.127367 0.640284 -0.757505
    outer loop
      vertex -44.0312 -18.8133 1.11871
      vertex -44.0776 -19.1657 0.813041
      vertex -44.8481 -18.6508 1.11871
    endloop
  endfacet
  facet normal 0.0427129 0.65143 -0.757505
    outer loop
      vertex -44.0312 -18.8133 1.11871
      vertex -43.2 -18.8678 1.11871
      vertex -44.0776 -19.1657 0.813041
    endloop
  endfacet
  facet normal 0.108056 0.318402 -0.941777
    outer loop
      vertex -44.9915 -16.825 1.90168
      vertex -44.4116 -17.0218 1.90168
      vertex -45.2428 -17.4317 1.66773
    endloop
  endfacet
  facet normal 0.0172774 0.263627 -0.96447
    outer loop
      vertex -43.2 -17.1814 1.90168
      vertex -43.5128 -16.8012 2
      vertex -43.2 -16.8217 2
    endloop
  endfacet
  facet normal 0.0173032 0.263647 -0.964464
    outer loop
      vertex -43.5128 -16.8012 2
      vertex -43.2 -17.1814 1.90168
      vertex -43.811 -17.1413 1.90168
    endloop
  endfacet
  facet normal -0.0613505 0.936253 -0.345927
    outer loop
      vertex -43.2 -19.4636 0.493456
      vertex -42.2752 -19.5242 0.165428
      vertex -43.2 -19.5848 0.165428
    endloop
  endfacet
  facet normal -0.0613909 0.936211 -0.346034
    outer loop
      vertex -42.2911 -19.404 0.493456
      vertex -42.2752 -19.5242 0.165428
      vertex -43.2 -19.4636 0.493456
    endloop
  endfacet
  facet normal -0.6302 -0.718652 -0.293917
    outer loop
      vertex 48.4915 6.49145 0.257093
      vertex 48.3804 6.38038 0.766882
      vertex 47.5886 7.28322 0.257093
    endloop
  endfacet
  facet normal 0.618646 0.705418 -0.345923
    outer loop
      vertex -48.124 -17.424 0.493456
      vertex -47.513 -18.1207 0.165428
      vertex -48.2097 -17.5097 0.165428
    endloop
  endfacet
  facet normal 0.751834 0.659352 0
    outer loop
      vertex -48.2097 -17.5097 0.165428
      vertex -48.8207 -16.813 0
      vertex -48.8207 -16.813 0.165428
    endloop
  endfacet
  facet normal 0.751834 0.659352 0
    outer loop
      vertex -48.8207 -16.813 0
      vertex -48.2097 -17.5097 0.165428
      vertex -48.2097 -17.5097 0
    endloop
  endfacet
  facet normal -0.30725 0.905115 -0.293878
    outer loop
      vertex 45.453 -8.33637 0.766882
      vertex 45.5131 -8.48149 0.257093
      vertex 44.376 -8.86749 0.257093
    endloop
  endfacet
  facet normal -0.905123 0.307251 -0.293851
    outer loop
      vertex 50.8675 -2.37604 0.257093
      vertex 50.4815 -3.51315 0.257093
      vertex 50.3364 -3.45304 0.766882
    endloop
  endfacet
  facet normal 0.250209 -0.0848923 -0.964463
    outer loop
      vertex -47.7218 13.7116 1.90168
      vertex -47.2737 13.9153 2
      vertex -47.3744 13.6185 2
    endloop
  endfacet
  facet normal 0.250219 -0.0849164 -0.964458
    outer loop
      vertex -47.2737 13.9153 2
      vertex -47.7218 13.7116 1.90168
      vertex -47.525 14.2915 1.90168
    endloop
  endfacet
  facet normal 0.318402 -0.108056 -0.941777
    outer loop
      vertex -47.525 14.2915 1.90168
      vertex -47.7218 13.7116 1.90168
      vertex -48.1317 14.5428 1.66773
    endloop
  endfacet
  facet normal 0.221682 -0.252787 -0.941783
    outer loop
      vertex -46.4496 16.735 1.66773
      vertex -46.0498 16.214 1.90168
      vertex -46.9746 16.2746 1.66773
    endloop
  endfacet
  facet normal 0.236945 -0.116847 -0.964471
    outer loop
      vertex -47.0813 14.3797 2
      vertex -47.1927 14.1538 2
      vertex -47.525 14.2915 1.90168
    endloop
  endfacet
  facet normal 0.61821 -0.209856 -0.75748
    outer loop
      vertex -49.4114 15.0729 0.813041
      vertex -49.3508 14.1481 1.11871
      vertex -49.6941 14.2401 0.813041
    endloop
  endfacet
  facet normal 0.757336 -0.257083 -0.600291
    outer loop
      vertex -49.4114 15.0729 0.813041
      vertex -49.6941 14.2401 0.813041
      vertex -49.9263 14.3023 0.493456
    endloop
  endfacet
  facet normal 0.498053 -0.169049 -0.850509
    outer loop
      vertex -49.0831 14.9368 1.11871
      vertex -48.9023 14.0279 1.40524
      vertex -49.3508 14.1481 1.11871
    endloop
  endfacet
  facet normal 0.498037 -0.169055 -0.850517
    outer loop
      vertex -48.6541 14.7591 1.40524
      vertex -48.9023 14.0279 1.40524
      vertex -49.0831 14.9368 1.11871
    endloop
  endfacet
  facet normal 0.0516155 -0.259127 -0.964463
    outer loop
      vertex -44.0715 16.7236 2
      vertex -44.3185 16.6744 2
      vertex -44.4116 17.0218 1.90168
    endloop
  endfacet
  facet normal 0.127394 -0.640309 -0.75748
    outer loop
      vertex -44.0776 19.1657 0.813041
      vertex -44.8481 18.6508 1.11871
      vertex -44.9401 18.9941 0.813041
    endloop
  endfacet
  facet normal -0.0426844 -0.651476 -0.757468
    outer loop
      vertex -43.2 19.2232 0.813041
      vertex -42.3224 19.1657 0.813041
      vertex -43.2 18.8678 1.11871
    endloop
  endfacet
  facet normal 0.0613505 -0.936253 -0.345927
    outer loop
      vertex -43.2 19.5848 0.165428
      vertex -43.2 19.4636 0.493456
      vertex -44.1248 19.5242 0.165428
    endloop
  endfacet
  facet normal 0.442287 -0.896874 0
    outer loop
      vertex -46.7424 18.6356 0
      vertex -45.9112 19.0455 0.165428
      vertex -46.7424 18.6356 0.165428
    endloop
  endfacet
  facet normal 0.442287 -0.896874 0
    outer loop
      vertex -45.9112 19.0455 0.165428
      vertex -46.7424 18.6356 0
      vertex -45.9112 19.0455 0
    endloop
  endfacet
  facet normal -0.0613909 -0.936211 -0.346034
    outer loop
      vertex -42.2752 19.5242 0.165428
      vertex -42.2911 19.404 0.493456
      vertex -43.2 19.4636 0.493456
    endloop
  endfacet
  facet normal 0.18678 -0.279569 -0.941783
    outer loop
      vertex -45.869 17.1229 1.66773
      vertex -46.0498 16.214 1.90168
      vertex -46.4496 16.735 1.66773
    endloop
  endfacet
  facet normal 0.317188 -0.278127 -0.906663
    outer loop
      vertex -47.3744 16.6744 1.40524
      vertex -47.435 15.7496 1.66773
      vertex -47.8835 16.0938 1.40524
    endloop
  endfacet
  facet normal 0.232621 -0.471642 -0.850553
    outer loop
      vertex -45.4591 17.9541 1.40524
      vertex -46.1517 17.6125 1.40524
      vertex -46.3839 18.0147 1.11871
    endloop
  endfacet
  facet normal 0.234357 -0.35077 -0.906663
    outer loop
      vertex -46.1517 17.6125 1.40524
      vertex -45.869 17.1229 1.66773
      vertex -46.7938 17.1835 1.40524
    endloop
  endfacet
  facet normal 0.195099 -0.980784 0
    outer loop
      vertex -45.0337 19.3434 0
      vertex -44.1248 19.5242 0.165428
      vertex -45.0337 19.3434 0.165428
    endloop
  endfacet
  facet normal 0.195099 -0.980784 0
    outer loop
      vertex -44.1248 19.5242 0.165428
      vertex -45.0337 19.3434 0
      vertex -44.1248 19.5242 0
    endloop
  endfacet
  facet normal 0.437257 -0.292178 -0.850552
    outer loop
      vertex -48.2519 16.3765 1.11871
      vertex -48.3125 15.4517 1.40524
      vertex -48.7147 15.6839 1.11871
    endloop
  endfacet
  facet normal 0.437307 -0.292174 -0.850527
    outer loop
      vertex -48.2519 16.3765 1.11871
      vertex -47.8835 16.0938 1.40524
      vertex -48.3125 15.4517 1.40524
    endloop
  endfacet
  facet normal 0.490844 -0.43049 -0.757463
    outer loop
      vertex -47.954 17.254 0.813041
      vertex -48.2519 16.3765 1.11871
      vertex -48.5339 16.5928 0.813041
    endloop
  endfacet
  facet normal 0.252774 -0.221699 -0.941783
    outer loop
      vertex -46.5102 15.8102 1.90168
      vertex -46.914 15.3498 1.90168
      vertex -47.435 15.7496 1.66773
    endloop
  endfacet
  facet normal 0.350773 -0.234352 -0.906663
    outer loop
      vertex -47.435 15.7496 1.66773
      vertex -47.8229 15.169 1.66773
      vertex -48.3125 15.4517 1.40524
    endloop
  endfacet
  facet normal 0.219694 -0.146707 -0.964475
    outer loop
      vertex -46.8028 14.8703 2
      vertex -46.9427 14.6608 2
      vertex -47.2542 14.8407 1.90168
    endloop
  endfacet
  facet normal 0.146707 -0.219694 -0.964475
    outer loop
      vertex -45.5407 16.5542 1.90168
      vertex -45.3608 16.2427 2
      vertex -45.5703 16.1028 2
    endloop
  endfacet
  facet normal 0.108089 -0.318344 -0.941793
    outer loop
      vertex -44.5816 17.6562 1.66773
      vertex -44.4116 17.0218 1.90168
      vertex -45.2428 17.4317 1.66773
    endloop
  endfacet
  facet normal 0.135586 -0.399438 -0.906678
    outer loop
      vertex -44.7279 18.2023 1.40524
      vertex -45.2428 17.4317 1.66773
      vertex -45.4591 17.9541 1.40524
    endloop
  endfacet
  facet normal 0.169055 -0.498037 -0.850517
    outer loop
      vertex -44.7279 18.2023 1.40524
      vertex -45.4591 17.9541 1.40524
      vertex -45.6368 18.3831 1.11871
    endloop
  endfacet
  facet normal -0.263474 -0.53427 -0.803204
    outer loop
      vertex 46.1256 7.14577 1.7386
      vertex 45.949 6.83988 2
      vertex 45.4222 7.09967 2
    endloop
  endfacet
  facet normal -0.534253 -0.263476 -0.803215
    outer loop
      vertex 49.1458 4.12561 1.7386
      vertex 49.0997 3.4222 2
      vertex 48.8399 3.949 2
    endloop
  endfacet
  facet normal -0.473903 -0.540344 -0.695301
    outer loop
      vertex 47.3034 6.9115 1.26355
      vertex 48.1601 6.16014 1.26355
      vertex 47.023 6.54614 1.7386
    endloop
  endfacet
  facet normal -0.317868 -0.644617 -0.69529
    outer loop
      vertex 46.3559 7.5446 1.26355
      vertex 46.1256 7.14577 1.7386
      vertex 45.3338 8.04861 1.26355
    endloop
  endfacet
  facet normal -0.3179 -0.64463 -0.695263
    outer loop
      vertex 45.3338 8.04861 1.26355
      vertex 46.1256 7.14577 1.7386
      vertex 45.1576 7.62314 1.7386
    endloop
  endfacet
  facet normal -0.263475 -0.534268 -0.803205
    outer loop
      vertex 45.4222 7.09967 2
      vertex 45.1576 7.62314 1.7386
      vertex 46.1256 7.14577 1.7386
    endloop
  endfacet
  facet normal -0.263442 -0.534259 -0.803222
    outer loop
      vertex 45.1576 7.62314 1.7386
      vertex 45.4222 7.09967 2
      vertex 45.0224 7.29681 2
    endloop
  endfacet
  facet normal -0.0751018 -0.647732 -0.758158
    outer loop
      vertex -42.3224 19.1657 0.813041
      vertex 43.077 8.18064 1.7386
      vertex -42.3688 18.8133 1.11871
    endloop
  endfacet
  facet normal -0.0677181 -0.591055 -0.803784
    outer loop
      vertex 28.2604 9.52272 2
      vertex 43.077 8.18064 1.7386
      vertex 43.0309 7.83044 2
    endloop
  endfacet
  facet normal -0.0677181 -0.591055 -0.803784
    outer loop
      vertex 43.077 8.18064 1.7386
      vertex 28.2604 9.52272 2
      vertex -42.3688 18.8133 1.11871
    endloop
  endfacet
  facet normal -0.470967 -0.704851 -0.530447
    outer loop
      vertex 46.5116 7.81434 0.766882
      vertex 47.3034 6.9115 1.26355
      vertex 46.3559 7.5446 1.26355
    endloop
  endfacet
  facet normal -0.186484 -0.937475 -0.293878
    outer loop
      vertex 43.1983 9.10176 0.257093
      vertex 44.376 8.86749 0.257093
      vertex 43.1778 8.94603 0.766882
    endloop
  endfacet
  facet normal -0.121041 -0.992647 0
    outer loop
      vertex -42.2752 19.5242 0
      vertex 43.1983 9.10176 0.257093
      vertex -42.2752 19.5242 0.165428
    endloop
  endfacet
  facet normal -0.121041 -0.992647 -0
    outer loop
      vertex 43.1983 9.10176 0.257093
      vertex -42.2752 19.5242 0
      vertex 43.1983 9.10176 0
    endloop
  endfacet
  facet normal -0.905123 -0.307251 -0.293851
    outer loop
      vertex 50.4815 3.51315 0.257093
      vertex 50.8675 2.37604 0.257093
      vertex 50.3364 3.45304 0.766882
    endloop
  endfacet
  facet normal -0.857216 -0.42279 -0.29399
    outer loop
      vertex 49.9504 4.59015 0.257093
      vertex 50.3364 3.45304 0.766882
      vertex 49.8143 4.51161 0.766882
    endloop
  endfacet
  facet normal -0.637324 -0.558949 -0.530465
    outer loop
      vertex 49.1586 5.49299 0.766882
      vertex 48.9115 5.30338 1.26355
      vertex 48.1601 6.16014 1.26355
    endloop
  endfacet
  facet normal -0.495271 -0.330992 -0.803213
    outer loop
      vertex 49.1458 4.12561 1.7386
      vertex 48.8399 3.949 2
      vertex 48.5135 4.4374 2
    endloop
  endfacet
  facet normal -0.794709 -0.531048 -0.293981
    outer loop
      vertex 49.9504 4.59015 0.257093
      vertex 49.8143 4.51161 0.766882
      vertex 49.2832 5.58861 0.257093
    endloop
  endfacet
  facet normal -0.63732 -0.5589 -0.530523
    outer loop
      vertex 48.3804 6.38038 0.766882
      vertex 49.1586 5.49299 0.766882
      vertex 48.1601 6.16014 1.26355
    endloop
  endfacet
  facet normal -0.718653 -0.630226 -0.29386
    outer loop
      vertex 49.2832 5.58861 0.257093
      vertex 49.1586 5.49299 0.766882
      vertex 48.3804 6.38038 0.766882
    endloop
  endfacet
  facet normal -0.659321 -0.751861 0
    outer loop
      vertex 47.5886 7.28322 0
      vertex 48.4915 6.49145 0.257093
      vertex 47.5886 7.28322 0.257093
    endloop
  endfacet
  facet normal -0.659321 -0.751861 -0
    outer loop
      vertex 48.4915 6.49145 0.257093
      vertex 47.5886 7.28322 0
      vertex 48.4915 6.49145 0
    endloop
  endfacet
  facet normal -0.534309 -0.263439 -0.80319
    outer loop
      vertex 49.0997 3.4222 2
      vertex 49.6231 3.15761 1.7386
      vertex 49.2968 3.02244 2
    endloop
  endfacet
  facet normal -0.534314 -0.263459 -0.80318
    outer loop
      vertex 49.6231 3.15761 1.7386
      vertex 49.0997 3.4222 2
      vertex 49.1458 4.12561 1.7386
    endloop
  endfacet
  facet normal -0.704924 -0.140208 -0.695287
    outer loop
      vertex 50.4149 2.25477 1.26355
      vertex 50.6372 1.13711 1.26355
      vertex 50.1806 1.077 1.7386
    endloop
  endfacet
  facet normal -0.564115 -0.19148 -0.803187
    outer loop
      vertex 49.6231 3.15761 1.7386
      vertex 49.4856 2.46622 2
      vertex 49.2968 3.02244 2
    endloop
  endfacet
  facet normal -0.680564 -0.231063 -0.6953
    outer loop
      vertex 50.0486 3.33385 1.26355
      vertex 49.9701 2.13557 1.7386
      vertex 49.6231 3.15761 1.7386
    endloop
  endfacet
  facet normal -0.584244 0.116222 -0.803213
    outer loop
      vertex 49.8304 -1.0309 2
      vertex 50.1806 -1.077 1.7386
      vertex 49.7158 -1.60699 2
    endloop
  endfacet
  facet normal -0.564115 0.19148 -0.803187
    outer loop
      vertex 49.4856 -2.46622 2
      vertex 49.6231 -3.15761 1.7386
      vertex 49.2968 -3.02244 2
    endloop
  endfacet
  facet normal -0.44783 0.392755 -0.803238
    outer loop
      vertex 47.972 -5.14312 2
      vertex 47.8345 -5.8345 1.7386
      vertex 47.5847 -5.58473 2
    endloop
  endfacet
  facet normal -0.263475 0.534268 -0.803205
    outer loop
      vertex 45.1576 -7.62314 1.7386
      vertex 45.4222 -7.09967 2
      vertex 46.1256 -7.14577 1.7386
    endloop
  endfacet
  facet normal -0.263442 0.534259 -0.803222
    outer loop
      vertex 45.4222 -7.09967 2
      vertex 45.1576 -7.62314 1.7386
      vertex 45.0224 -7.29681 2
    endloop
  endfacet
  facet normal -0.637324 0.558949 -0.530465
    outer loop
      vertex 48.9115 -5.30338 1.26355
      vertex 49.1586 -5.49299 0.766882
      vertex 48.1601 -6.16014 1.26355
    endloop
  endfacet
  facet normal -0.760311 0.374937 -0.530424
    outer loop
      vertex 50.0486 -3.33385 1.26355
      vertex 49.8143 -4.51161 0.766882
      vertex 49.5446 -4.35588 1.26355
    endloop
  endfacet
  facet normal -0.644617 0.317847 -0.6953
    outer loop
      vertex 49.6231 -3.15761 1.7386
      vertex 50.0486 -3.33385 1.26355
      vertex 49.1458 -4.12561 1.7386
    endloop
  endfacet
  facet normal -0.704862 0.470974 -0.530427
    outer loop
      vertex 49.5446 -4.35588 1.26355
      vertex 49.8143 -4.51161 0.766882
      vertex 48.9115 -5.30338 1.26355
    endloop
  endfacet
  facet normal -0.597624 0.39932 -0.695262
    outer loop
      vertex 49.1458 -4.12561 1.7386
      vertex 49.5446 -4.35588 1.26355
      vertex 48.9115 -5.30338 1.26355
    endloop
  endfacet
  facet normal -0.794709 0.531048 -0.293981
    outer loop
      vertex 49.8143 -4.51161 0.766882
      vertex 49.9504 -4.59015 0.257093
      vertex 49.2832 -5.58861 0.257093
    endloop
  endfacet
  facet normal -0.997861 0.065371 0
    outer loop
      vertex 51.1018 -1.19827 0
      vertex 51.1803 0 0.257093
      vertex 51.1803 0 0
    endloop
  endfacet
  facet normal -0.997861 0.065371 0
    outer loop
      vertex 51.1803 0 0.257093
      vertex 51.1018 -1.19827 0
      vertex 51.1018 -1.19827 0.257093
    endloop
  endfacet
  facet normal -0.937497 -0.186429 -0.293844
    outer loop
      vertex 50.8675 2.37604 0.257093
      vertex 50.946 1.17777 0.766882
      vertex 50.7158 2.33538 0.766882
    endloop
  endfacet
  facet normal -0.831425 -0.165336 -0.530468
    outer loop
      vertex 50.7158 2.33538 0.766882
      vertex 50.946 1.17777 0.766882
      vertex 50.6372 1.13711 1.26355
    endloop
  endfacet
  facet normal -0.0530146 0.483728 -0.873611
    outer loop
      vertex 0.341937 -12.5912 2
      vertex 22.8227 -10.1274 2
      vertex -42.4294 -18.3529 1.40524
    endloop
  endfacet
  facet normal -0.0319354 0.334249 -0.941944
    outer loop
      vertex -42.5032 -17.7924 1.66773
      vertex -34.6227 -16.1031 2
      vertex -20.4941 -14.7532 2
    endloop
  endfacet
  facet normal -0.0319349 0.334247 -0.941944
    outer loop
      vertex -34.6227 -16.1031 2
      vertex -42.5032 -17.7924 1.66773
      vertex -42.589 -17.1413 1.90168
    endloop
  endfacet
  facet normal -0.0401221 0.391079 -0.919482
    outer loop
      vertex -20.4941 -14.7532 2
      vertex -11.7947 -13.8607 2
      vertex -42.5032 -17.7924 1.66773
    endloop
  endfacet
  facet normal -0.191481 0.564072 -0.803217
    outer loop
      vertex 44.1356 -7.97007 1.7386
      vertex 44.4662 -7.48562 2
      vertex 45.1576 -7.62314 1.7386
    endloop
  endfacet
  facet normal -0.191507 0.564082 -0.803204
    outer loop
      vertex 44.4662 -7.48562 2
      vertex 44.1356 -7.97007 1.7386
      vertex 44.0442 -7.62889 2
    endloop
  endfacet
  facet normal -0.0677181 0.591055 -0.803784
    outer loop
      vertex 43.077 -8.18064 1.7386
      vertex 28.2604 -9.52272 2
      vertex 43.0309 -7.83044 2
    endloop
  endfacet
  facet normal -0.0677181 0.591055 -0.803784
    outer loop
      vertex 28.2604 -9.52272 2
      vertex 43.077 -8.18064 1.7386
      vertex -42.3688 -18.8133 1.11871
    endloop
  endfacet
  facet normal -0.317868 0.644617 -0.69529
    outer loop
      vertex 46.1256 -7.14577 1.7386
      vertex 46.3559 -7.5446 1.26355
      vertex 45.3338 -8.04861 1.26355
    endloop
  endfacet
  facet normal -0.14022 0.704927 -0.695282
    outer loop
      vertex 44.1356 -7.97007 1.7386
      vertex 44.2548 -8.41491 1.26355
      vertex 43.077 -8.18064 1.7386
    endloop
  endfacet
  facet normal 0.148697 0.301568 -0.941778
    outer loop
      vertex -44.9915 -16.825 1.90168
      vertex -45.2428 -17.4317 1.66773
      vertex -45.5407 -16.5542 1.90168
    endloop
  endfacet
  facet normal 0.0173103 0.263641 -0.964466
    outer loop
      vertex -43.7641 -16.7847 2
      vertex -43.5128 -16.8012 2
      vertex -43.811 -17.1413 1.90168
    endloop
  endfacet
  facet normal 0.52733 -0.60126 -0.600342
    outer loop
      vertex -47.2928 17.8339 0.813041
      vertex -47.954 17.254 0.813041
      vertex -48.124 17.424 0.493456
    endloop
  endfacet
  facet normal 0.521233 -0.780201 -0.345837
    outer loop
      vertex -46.6818 18.5306 0.493456
      vertex -47.4392 18.0246 0.493456
      vertex -47.513 18.1207 0.165428
    endloop
  endfacet
  facet normal 0.61821 0.209856 -0.75748
    outer loop
      vertex -49.3508 -14.1481 1.11871
      vertex -49.4114 -15.0729 0.813041
      vertex -49.6941 -14.2401 0.813041
    endloop
  endfacet
  facet normal 0.498037 0.169055 -0.850517
    outer loop
      vertex -48.9023 -14.0279 1.40524
      vertex -48.6541 -14.7591 1.40524
      vertex -49.0831 -14.9368 1.11871
    endloop
  endfacet
  facet normal 0.665001 0.44427 -0.600331
    outer loop
      vertex -48.5339 -16.5928 0.813041
      vertex -48.7246 -16.7392 0.493456
      vertex -49.2306 -15.9818 0.493456
    endloop
  endfacet
  facet normal 0.395437 0.34674 -0.85053
    outer loop
      vertex -47.8835 -16.0938 1.40524
      vertex -47.3744 -16.6744 1.40524
      vertex -48.2519 -16.3765 1.11871
    endloop
  endfacet
  facet normal 0.521255 0.780111 -0.346006
    outer loop
      vertex -46.6818 -18.5306 0.493456
      vertex -46.7424 -18.6356 0.165428
      vertex -47.513 -18.1207 0.165428
    endloop
  endfacet
  facet normal 0.521233 0.780201 -0.345837
    outer loop
      vertex -47.4392 -18.0246 0.493456
      vertex -46.6818 -18.5306 0.493456
      vertex -47.513 -18.1207 0.165428
    endloop
  endfacet
  facet normal 0.0426844 0.651476 -0.757468
    outer loop
      vertex -43.2 -18.8678 1.11871
      vertex -43.2 -19.2232 0.813041
      vertex -44.0776 -19.1657 0.813041
    endloop
  endfacet
  facet normal 0.0522881 0.798052 -0.600315
    outer loop
      vertex -43.2 -19.2232 0.813041
      vertex -43.2 -19.4636 0.493456
      vertex -44.0776 -19.1657 0.813041
    endloop
  endfacet
  facet normal 0.301609 0.888426 -0.346023
    outer loop
      vertex -45.0023 -19.2263 0.493456
      vertex -45.0337 -19.3434 0.165428
      vertex -45.9112 -19.0455 0.165428
    endloop
  endfacet
  facet normal 0.35375 0.717333 -0.600245
    outer loop
      vertex -45.7729 -18.7114 0.813041
      vertex -45.8648 -18.9335 0.493456
      vertex -46.6818 -18.5306 0.493456
    endloop
  endfacet
  facet normal 0.362728 0.542829 -0.757473
    outer loop
      vertex -47.0765 -17.5519 1.11871
      vertex -46.5616 -18.3225 0.813041
      vertex -47.2928 -17.8339 0.813041
    endloop
  endfacet
  facet normal 0.444394 0.665045 -0.600191
    outer loop
      vertex -46.5616 -18.3225 0.813041
      vertex -46.6818 -18.5306 0.493456
      vertex -47.2928 -17.8339 0.813041
    endloop
  endfacet
  facet normal 0.27955 0.186806 -0.941783
    outer loop
      vertex -47.2542 -14.8407 1.90168
      vertex -46.914 -15.3498 1.90168
      vertex -47.435 -15.7496 1.66773
    endloop
  endfacet
  facet normal 0.395453 0.346826 -0.850487
    outer loop
      vertex -47.3744 -16.6744 1.40524
      vertex -47.7027 -17.0027 1.11871
      vertex -48.2519 -16.3765 1.11871
    endloop
  endfacet
  facet normal 0.784466 0.156033 -0.600222
    outer loop
      vertex -49.8657 -13.3776 0.813041
      vertex -49.9263 -14.3023 0.493456
      vertex -50.104 -13.4089 0.493456
    endloop
  endfacet
  facet normal 0.920199 -0.183048 -0.346016
    outer loop
      vertex -50.0434 14.3337 0.165428
      vertex -49.9263 14.3023 0.493456
      vertex -50.2242 13.4248 0.165428
    endloop
  endfacet
  facet normal 0.980784 -0.195099 0
    outer loop
      vertex -50.2242 13.4248 0.165428
      vertex -50.0434 14.3337 0
      vertex -50.0434 14.3337 0.165428
    endloop
  endfacet
  facet normal 0.980784 -0.195099 0
    outer loop
      vertex -50.0434 14.3337 0
      vertex -50.2242 13.4248 0.165428
      vertex -50.2242 13.4248 0
    endloop
  endfacet
  facet normal 0.250159 0.0849596 -0.96447
    outer loop
      vertex -47.2737 -13.9153 2
      vertex -47.1927 -14.1538 2
      vertex -47.525 -14.2915 1.90168
    endloop
  endfacet
  facet normal 0.236945 0.116847 -0.964471
    outer loop
      vertex -47.1927 -14.1538 2
      vertex -47.0813 -14.3797 2
      vertex -47.525 -14.2915 1.90168
    endloop
  endfacet
  facet normal 0.252774 0.221699 -0.941783
    outer loop
      vertex -46.914 -15.3498 1.90168
      vertex -46.5102 -15.8102 1.90168
      vertex -47.435 -15.7496 1.66773
    endloop
  endfacet
  facet normal 0.221682 0.252787 -0.941783
    outer loop
      vertex -46.0498 -16.214 1.90168
      vertex -46.4496 -16.735 1.66773
      vertex -46.9746 -16.2746 1.66773
    endloop
  endfacet
  facet normal 0.18678 0.279569 -0.941783
    outer loop
      vertex -46.0498 -16.214 1.90168
      vertex -45.869 -17.1229 1.66773
      vertex -46.4496 -16.735 1.66773
    endloop
  endfacet
  facet normal 0.186822 0.279574 -0.941773
    outer loop
      vertex -45.5407 -16.5542 1.90168
      vertex -45.869 -17.1229 1.66773
      vertex -46.0498 -16.214 1.90168
    endloop
  endfacet
  facet normal 0.292199 0.437289 -0.850528
    outer loop
      vertex -46.7938 -17.1835 1.40524
      vertex -46.3839 -18.0147 1.11871
      vertex -47.0765 -17.5519 1.11871
    endloop
  endfacet
  facet normal 0.362721 0.542827 -0.757478
    outer loop
      vertex -46.3839 -18.0147 1.11871
      vertex -46.5616 -18.3225 0.813041
      vertex -47.0765 -17.5519 1.11871
    endloop
  endfacet
  facet normal 0.186566 0.378329 -0.906675
    outer loop
      vertex -45.2428 -17.4317 1.66773
      vertex -45.4591 -17.9541 1.40524
      vertex -45.869 -17.1229 1.66773
    endloop
  endfacet
  facet normal 0.0822833 0.413766 -0.906657
    outer loop
      vertex -43.8968 -17.7924 1.66773
      vertex -43.9706 -18.3529 1.40524
      vertex -44.7279 -18.2023 1.40524
    endloop
  endfacet
  facet normal 0.0343904 0.524777 -0.850545
    outer loop
      vertex -43.2 -18.4034 1.40524
      vertex -43.2 -18.8678 1.11871
      vertex -43.9706 -18.3529 1.40524
    endloop
  endfacet
  facet normal 0.0849596 0.250159 -0.96447
    outer loop
      vertex -44.8538 -16.4927 2
      vertex -44.6153 -16.5737 2
      vertex -44.9915 -16.825 1.90168
    endloop
  endfacet
  facet normal 0.135586 0.399438 -0.906678
    outer loop
      vertex -45.2428 -17.4317 1.66773
      vertex -44.7279 -18.2023 1.40524
      vertex -45.4591 -17.9541 1.40524
    endloop
  endfacet
  facet normal 0.102609 0.515821 -0.850529
    outer loop
      vertex -43.9706 -18.3529 1.40524
      vertex -44.0312 -18.8133 1.11871
      vertex -44.8481 -18.6508 1.11871
    endloop
  endfacet
  facet normal 0.183048 0.920199 -0.346016
    outer loop
      vertex -45.0023 -19.2263 0.493456
      vertex -44.1248 -19.5242 0.165428
      vertex -45.0337 -19.3434 0.165428
    endloop
  endfacet
  facet normal 0.659352 0.751834 -0
    outer loop
      vertex -47.513 -18.1207 0
      vertex -48.2097 -17.5097 0.165428
      vertex -47.513 -18.1207 0.165428
    endloop
  endfacet
  facet normal 0.659352 0.751834 0
    outer loop
      vertex -48.2097 -17.5097 0.165428
      vertex -47.513 -18.1207 0
      vertex -48.2097 -17.5097 0
    endloop
  endfacet
  facet normal 0.717348 0.353717 -0.600246
    outer loop
      vertex -49.4114 -15.0729 0.813041
      vertex -49.0225 -15.8616 0.813041
      vertex -49.6335 -15.1648 0.493456
    endloop
  endfacet
  facet normal 0.920187 0.183028 -0.346058
    outer loop
      vertex -50.104 -13.4089 0.493456
      vertex -49.9263 -14.3023 0.493456
      vertex -50.2242 -13.4248 0.165428
    endloop
  endfacet
  facet normal -0.6302 0.718652 -0.293917
    outer loop
      vertex 48.3804 -6.38038 0.766882
      vertex 48.4915 -6.49145 0.257093
      vertex 47.5886 -7.28322 0.257093
    endloop
  endfacet
  facet normal -0.794774 0.531021 -0.293857
    outer loop
      vertex 49.8143 -4.51161 0.766882
      vertex 49.2832 -5.58861 0.257093
      vertex 49.1586 -5.49299 0.766882
    endloop
  endfacet
  facet normal 0.651433 -0.0426817 -0.757504
    outer loop
      vertex -49.8657 13.3776 0.813041
      vertex -49.5133 13.3312 1.11871
      vertex -49.9232 12.5 0.813041
    endloop
  endfacet
  facet normal 0.640281 -0.127388 -0.757505
    outer loop
      vertex -49.6941 14.2401 0.813041
      vertex -49.5133 13.3312 1.11871
      vertex -49.8657 13.3776 0.813041
    endloop
  endfacet
  facet normal 0.362721 -0.542827 -0.757478
    outer loop
      vertex -46.5616 18.3225 0.813041
      vertex -46.3839 18.0147 1.11871
      vertex -47.0765 17.5519 1.11871
    endloop
  endfacet
  facet normal 0.0822833 -0.413766 -0.906657
    outer loop
      vertex -43.9706 18.3529 1.40524
      vertex -43.8968 17.7924 1.66773
      vertex -44.7279 18.2023 1.40524
    endloop
  endfacet
  facet normal 0.0427129 -0.65143 -0.757505
    outer loop
      vertex -43.2 18.8678 1.11871
      vertex -44.0312 18.8133 1.11871
      vertex -44.0776 19.1657 0.813041
    endloop
  endfacet
  facet normal 0.127367 -0.640284 -0.757505
    outer loop
      vertex -44.0776 19.1657 0.813041
      vertex -44.0312 18.8133 1.11871
      vertex -44.8481 18.6508 1.11871
    endloop
  endfacet
  facet normal 0.209866 -0.618239 -0.757455
    outer loop
      vertex -44.9401 18.9941 0.813041
      vertex -45.6368 18.3831 1.11871
      vertex -45.7729 18.7114 0.813041
    endloop
  endfacet
  facet normal 0.209835 -0.618217 -0.757481
    outer loop
      vertex -44.9401 18.9941 0.813041
      vertex -44.8481 18.6508 1.11871
      vertex -45.6368 18.3831 1.11871
    endloop
  endfacet
  facet normal 0.257104 -0.757351 -0.600264
    outer loop
      vertex -45.0023 19.2263 0.493456
      vertex -45.7729 18.7114 0.813041
      vertex -45.8648 18.9335 0.493456
    endloop
  endfacet
  facet normal 0.0522881 -0.798052 -0.600315
    outer loop
      vertex -43.2 19.4636 0.493456
      vertex -43.2 19.2232 0.813041
      vertex -44.0776 19.1657 0.813041
    endloop
  endfacet
  facet normal 0.252773 -0.22167 -0.94179
    outer loop
      vertex -46.9746 16.2746 1.66773
      vertex -46.5102 15.8102 1.90168
      vertex -47.435 15.7496 1.66773
    endloop
  endfacet
  facet normal 0.317153 -0.278128 -0.906675
    outer loop
      vertex -47.3744 16.6744 1.40524
      vertex -46.9746 16.2746 1.66773
      vertex -47.435 15.7496 1.66773
    endloop
  endfacet
  facet normal 0.234356 -0.350778 -0.90666
    outer loop
      vertex -45.869 17.1229 1.66773
      vertex -46.4496 16.735 1.66773
      vertex -46.7938 17.1835 1.40524
    endloop
  endfacet
  facet normal 0.278128 -0.317153 -0.906675
    outer loop
      vertex -46.4496 16.735 1.66773
      vertex -46.9746 16.2746 1.66773
      vertex -47.3744 16.6744 1.40524
    endloop
  endfacet
  facet normal 0.395453 -0.346826 -0.850487
    outer loop
      vertex -47.7027 17.0027 1.11871
      vertex -47.3744 16.6744 1.40524
      vertex -48.2519 16.3765 1.11871
    endloop
  endfacet
  facet normal 0.395437 -0.34674 -0.85053
    outer loop
      vertex -47.3744 16.6744 1.40524
      vertex -47.8835 16.0938 1.40524
      vertex -48.2519 16.3765 1.11871
    endloop
  endfacet
  facet normal 0.34674 -0.395437 -0.85053
    outer loop
      vertex -47.0765 17.5519 1.11871
      vertex -46.7938 17.1835 1.40524
      vertex -47.3744 16.6744 1.40524
    endloop
  endfacet
  facet normal 0.288734 -0.585541 -0.757479
    outer loop
      vertex -45.6368 18.3831 1.11871
      vertex -46.3839 18.0147 1.11871
      vertex -46.5616 18.3225 0.813041
    endloop
  endfacet
  facet normal 0.156062 -0.784404 -0.600296
    outer loop
      vertex -44.0776 19.1657 0.813041
      vertex -44.9401 18.9941 0.813041
      vertex -45.0023 19.2263 0.493456
    endloop
  endfacet
  facet normal 0.35375 -0.717333 -0.600245
    outer loop
      vertex -45.8648 18.9335 0.493456
      vertex -45.7729 18.7114 0.813041
      vertex -46.6818 18.5306 0.493456
    endloop
  endfacet
  facet normal 0.52733 -0.601258 -0.600344
    outer loop
      vertex -47.4392 18.0246 0.493456
      vertex -47.2928 17.8339 0.813041
      vertex -48.124 17.424 0.493456
    endloop
  endfacet
  facet normal 0.444394 -0.665045 -0.600191
    outer loop
      vertex -46.6818 18.5306 0.493456
      vertex -46.5616 18.3225 0.813041
      vertex -47.2928 17.8339 0.813041
    endloop
  endfacet
  facet normal 0.414966 -0.841474 -0.346012
    outer loop
      vertex -45.9112 19.0455 0.165428
      vertex -46.6818 18.5306 0.493456
      vertex -46.7424 18.6356 0.165428
    endloop
  endfacet
  facet normal 0.780201 -0.521233 -0.345837
    outer loop
      vertex -48.8207 16.813 0.165428
      vertex -48.7246 16.7392 0.493456
      vertex -49.2306 15.9818 0.493456
    endloop
  endfacet
  facet normal 0.665045 -0.444394 -0.600191
    outer loop
      vertex -48.5339 16.5928 0.813041
      vertex -49.0225 15.8616 0.813041
      vertex -49.2306 15.9818 0.493456
    endloop
  endfacet
  facet normal 0.198664 -0.174224 -0.964458
    outer loop
      vertex -46.2559 15.5559 2
      vertex -46.422 15.3665 2
      vertex -46.5102 15.8102 1.90168
    endloop
  endfacet
  facet normal 0.198649 -0.174197 -0.964466
    outer loop
      vertex -46.914 15.3498 1.90168
      vertex -46.422 15.3665 2
      vertex -46.6286 15.1309 2
    endloop
  endfacet
  facet normal 0.198649 -0.174228 -0.96446
    outer loop
      vertex -46.422 15.3665 2
      vertex -46.914 15.3498 1.90168
      vertex -46.5102 15.8102 1.90168
    endloop
  endfacet
  facet normal 0.0849596 -0.250159 -0.96447
    outer loop
      vertex -44.6153 16.5737 2
      vertex -44.8538 16.4927 2
      vertex -44.9915 16.825 1.90168
    endloop
  endfacet
  facet normal 0.116798 -0.236966 -0.964472
    outer loop
      vertex -45.135 16.3541 2
      vertex -44.9915 16.825 1.90168
      vertex -44.8538 16.4927 2
    endloop
  endfacet
  facet normal 0.11685 -0.23698 -0.964462
    outer loop
      vertex -44.9915 16.825 1.90168
      vertex -45.135 16.3541 2
      vertex -45.5407 16.5542 1.90168
    endloop
  endfacet
  facet normal -0.0401221 -0.391079 -0.919482
    outer loop
      vertex -11.7947 13.8607 2
      vertex -20.4941 14.7532 2
      vertex -42.5032 17.7924 1.66773
    endloop
  endfacet
  facet normal -0.0275874 -0.420967 -0.906656
    outer loop
      vertex -42.4294 18.3529 1.40524
      vertex -42.5032 17.7924 1.66773
      vertex -43.2 18.4034 1.40524
    endloop
  endfacet
  facet normal 0.102587 -0.515863 -0.850506
    outer loop
      vertex -43.9706 18.3529 1.40524
      vertex -44.7279 18.2023 1.40524
      vertex -44.8481 18.6508 1.11871
    endloop
  endfacet
  facet normal 0.108056 -0.318402 -0.941777
    outer loop
      vertex -44.4116 17.0218 1.90168
      vertex -44.9915 16.825 1.90168
      vertex -45.2428 17.4317 1.66773
    endloop
  endfacet
  facet normal -0.0173103 -0.263641 -0.964466
    outer loop
      vertex -42.589 17.1413 1.90168
      vertex -42.6359 16.7847 2
      vertex -42.8872 16.8012 2
    endloop
  endfacet
  facet normal -0.11621 -0.584256 -0.803206
    outer loop
      vertex 43.607 7.71585 2
      vertex 44.1356 7.97007 1.7386
      vertex 44.0442 7.62889 2
    endloop
  endfacet
  facet normal -0.116215 -0.584249 -0.80321
    outer loop
      vertex 44.1356 7.97007 1.7386
      vertex 43.607 7.71585 2
      vertex 43.077 8.18064 1.7386
    endloop
  endfacet
  facet normal -0.11621 -0.584246 -0.803214
    outer loop
      vertex 43.077 8.18064 1.7386
      vertex 43.607 7.71585 2
      vertex 43.0309 7.83044 2
    endloop
  endfacet
  facet normal -0.495262 -0.330959 -0.803232
    outer loop
      vertex 48.5135 4.4374 2
      vertex 48.5461 5.02303 1.7386
      vertex 49.1458 4.12561 1.7386
    endloop
  endfacet
  facet normal -0.495337 -0.330938 -0.803194
    outer loop
      vertex 48.5461 5.02303 1.7386
      vertex 48.5135 4.4374 2
      vertex 48.2659 4.808 2
    endloop
  endfacet
  facet normal -0.540411 -0.473901 -0.695251
    outer loop
      vertex 48.1601 6.16014 1.26355
      vertex 48.5461 5.02303 1.7386
      vertex 47.8345 5.8345 1.7386
    endloop
  endfacet
  facet normal -0.399303 -0.597593 -0.695298
    outer loop
      vertex 47.3034 6.9115 1.26355
      vertex 47.023 6.54614 1.7386
      vertex 46.1256 7.14577 1.7386
    endloop
  endfacet
  facet normal -0.191482 -0.56407 -0.803218
    outer loop
      vertex 45.1576 7.62314 1.7386
      vertex 45.0224 7.29681 2
      vertex 44.4662 7.48562 2
    endloop
  endfacet
  facet normal -0.473904 -0.540404 -0.695254
    outer loop
      vertex 48.1601 6.16014 1.26355
      vertex 47.8345 5.8345 1.7386
      vertex 47.023 6.54614 1.7386
    endloop
  endfacet
  facet normal -0.33096 -0.49531 -0.803202
    outer loop
      vertex 46.4374 6.51354 2
      vertex 47.023 6.54614 1.7386
      vertex 46.808 6.26591 2
    endloop
  endfacet
  facet normal -0.330959 -0.49531 -0.803202
    outer loop
      vertex 47.023 6.54614 1.7386
      vertex 46.4374 6.51354 2
      vertex 46.1256 7.14577 1.7386
    endloop
  endfacet
  facet normal -0.165384 -0.83141 -0.530476
    outer loop
      vertex 43.1778 8.94603 0.766882
      vertex 44.3354 8.71576 0.766882
      vertex 43.1371 8.63723 1.26355
    endloop
  endfacet
  facet normal -0.186483 -0.937476 -0.293875
    outer loop
      vertex 44.376 8.86749 0.257093
      vertex 44.3354 8.71576 0.766882
      vertex 43.1778 8.94603 0.766882
    endloop
  endfacet
  facet normal -0.165377 -0.831422 -0.53046
    outer loop
      vertex 44.3354 8.71576 0.766882
      vertex 44.2548 8.41491 1.26355
      vertex 43.1371 8.63723 1.26355
    endloop
  endfacet
  facet normal -0.140217 -0.704931 -0.695278
    outer loop
      vertex 43.1371 8.63723 1.26355
      vertex 44.2548 8.41491 1.26355
      vertex 43.077 8.18064 1.7386
    endloop
  endfacet
  facet normal -0.555555 -0.83148 0
    outer loop
      vertex 46.5901 7.95037 0
      vertex 47.5886 7.28322 0.257093
      vertex 46.5901 7.95037 0.257093
    endloop
  endfacet
  facet normal -0.555555 -0.83148 -0
    outer loop
      vertex 47.5886 7.28322 0.257093
      vertex 46.5901 7.95037 0
      vertex 47.5886 7.28322 0
    endloop
  endfacet
  facet normal -0.272504 -0.802707 -0.530474
    outer loop
      vertex 45.453 8.33637 0.766882
      vertex 45.3338 8.04861 1.26355
      vertex 44.2548 8.41491 1.26355
    endloop
  endfacet
  facet normal -0.321444 -0.946928 0
    outer loop
      vertex 44.376 8.86749 0
      vertex 45.5131 8.48149 0.257093
      vertex 44.376 8.86749 0.257093
    endloop
  endfacet
  facet normal -0.321444 -0.946928 -0
    outer loop
      vertex 45.5131 8.48149 0.257093
      vertex 44.376 8.86749 0
      vertex 45.5131 8.48149 0
    endloop
  endfacet
  facet normal -0.42276 -0.857269 -0.293876
    outer loop
      vertex 45.5131 8.48149 0.257093
      vertex 46.5901 7.95037 0.257093
      vertex 45.453 8.33637 0.766882
    endloop
  endfacet
  facet normal -0.857282 -0.422751 -0.293853
    outer loop
      vertex 50.4815 3.51315 0.257093
      vertex 50.3364 3.45304 0.766882
      vertex 49.9504 4.59015 0.257093
    endloop
  endfacet
  facet normal -0.44783 -0.392755 -0.803238
    outer loop
      vertex 47.8345 5.8345 1.7386
      vertex 47.972 5.14312 2
      vertex 47.5847 5.58473 2
    endloop
  endfacet
  facet normal -0.447876 -0.392787 -0.803197
    outer loop
      vertex 47.972 5.14312 2
      vertex 48.5461 5.02303 1.7386
      vertex 48.2659 4.808 2
    endloop
  endfacet
  facet normal -0.447876 -0.392755 -0.803213
    outer loop
      vertex 48.5461 5.02303 1.7386
      vertex 47.972 5.14312 2
      vertex 47.8345 5.8345 1.7386
    endloop
  endfacet
  facet normal -0.760311 -0.374937 -0.530424
    outer loop
      vertex 49.8143 4.51161 0.766882
      vertex 50.0486 3.33385 1.26355
      vertex 49.5446 4.35588 1.26355
    endloop
  endfacet
  facet normal -0.704862 -0.470974 -0.530427
    outer loop
      vertex 49.8143 4.51161 0.766882
      vertex 49.5446 4.35588 1.26355
      vertex 48.9115 5.30338 1.26355
    endloop
  endfacet
  facet normal -0.704965 -0.140185 -0.69525
    outer loop
      vertex 50.4149 2.25477 1.26355
      vertex 50.1806 1.077 1.7386
      vertex 49.9701 2.13557 1.7386
    endloop
  endfacet
  facet normal -0.473904 0.540404 -0.695254
    outer loop
      vertex 47.8345 -5.8345 1.7386
      vertex 48.1601 -6.16014 1.26355
      vertex 47.023 -6.54614 1.7386
    endloop
  endfacet
  facet normal -0.495262 0.330959 -0.803232
    outer loop
      vertex 48.5461 -5.02303 1.7386
      vertex 48.5135 -4.4374 2
      vertex 49.1458 -4.12561 1.7386
    endloop
  endfacet
  facet normal -0.495337 0.330938 -0.803194
    outer loop
      vertex 48.5135 -4.4374 2
      vertex 48.5461 -5.02303 1.7386
      vertex 48.2659 -4.808 2
    endloop
  endfacet
  facet normal -0.534253 0.263476 -0.803215
    outer loop
      vertex 49.0997 -3.4222 2
      vertex 49.1458 -4.12561 1.7386
      vertex 48.8399 -3.949 2
    endloop
  endfacet
  facet normal -0.704965 0.140185 -0.69525
    outer loop
      vertex 50.1806 -1.077 1.7386
      vertex 50.4149 -2.25477 1.26355
      vertex 49.9701 -2.13557 1.7386
    endloop
  endfacet
  facet normal -0.584205 0.116171 -0.803249
    outer loop
      vertex 49.9701 -2.13557 1.7386
      vertex 49.7158 -1.60699 2
      vertex 50.1806 -1.077 1.7386
    endloop
  endfacet
  facet normal -0.584247 0.116138 -0.803223
    outer loop
      vertex 49.7158 -1.60699 2
      vertex 49.9701 -2.13557 1.7386
      vertex 49.6289 -2.04415 2
    endloop
  endfacet
  facet normal -0.594406 0.0390436 -0.803217
    outer loop
      vertex 49.8689 -0.44477 2
      vertex 50.1806 -1.077 1.7386
      vertex 49.8304 -1.0309 2
    endloop
  endfacet
  facet normal -0.392756 0.447869 -0.803216
    outer loop
      vertex 47.023 -6.54614 1.7386
      vertex 47.1431 -5.97202 2
      vertex 47.8345 -5.8345 1.7386
    endloop
  endfacet
  facet normal -0.392791 0.447869 -0.803199
    outer loop
      vertex 47.1431 -5.97202 2
      vertex 47.023 -6.54614 1.7386
      vertex 46.808 -6.26591 2
    endloop
  endfacet
  facet normal -0.330957 0.49531 -0.803203
    outer loop
      vertex 46.4374 -6.51354 2
      vertex 46.1256 -7.14577 1.7386
      vertex 45.949 -6.83988 2
    endloop
  endfacet
  facet normal -0.704855 0.470942 -0.530465
    outer loop
      vertex 49.8143 -4.51161 0.766882
      vertex 49.1586 -5.49299 0.766882
      vertex 48.9115 -5.30338 1.26355
    endloop
  endfacet
  facet normal -0.23104 0.680606 -0.695267
    outer loop
      vertex 45.1576 -7.62314 1.7386
      vertex 45.3338 -8.04861 1.26355
      vertex 44.1356 -7.97007 1.7386
    endloop
  endfacet
  facet normal -0.231047 0.680588 -0.695282
    outer loop
      vertex 45.3338 -8.04861 1.26355
      vertex 44.2548 -8.41491 1.26355
      vertex 44.1356 -7.97007 1.7386
    endloop
  endfacet
  facet normal 0.0516155 0.259127 -0.964463
    outer loop
      vertex -44.3185 -16.6744 2
      vertex -44.0715 -16.7236 2
      vertex -44.4116 -17.0218 1.90168
    endloop
  endfacet
  facet normal 0.0848923 0.250209 -0.964463
    outer loop
      vertex -44.4116 -17.0218 1.90168
      vertex -44.6153 -16.5737 2
      vertex -44.3185 -16.6744 2
    endloop
  endfacet
  facet normal 0.0849164 0.250219 -0.964458
    outer loop
      vertex -44.6153 -16.5737 2
      vertex -44.4116 -17.0218 1.90168
      vertex -44.9915 -16.825 1.90168
    endloop
  endfacet
  facet normal 0.618646 -0.705418 -0.345923
    outer loop
      vertex -47.513 18.1207 0.165428
      vertex -48.124 17.424 0.493456
      vertex -48.2097 17.5097 0.165428
    endloop
  endfacet
  facet normal 0.717348 -0.353717 -0.600246
    outer loop
      vertex -49.0225 15.8616 0.813041
      vertex -49.4114 15.0729 0.813041
      vertex -49.6335 15.1648 0.493456
    endloop
  endfacet
  facet normal 0.618684 -0.705419 -0.345853
    outer loop
      vertex -47.513 18.1207 0.165428
      vertex -47.4392 18.0246 0.493456
      vertex -48.124 17.424 0.493456
    endloop
  endfacet
  facet normal 0.798111 0.0522919 -0.600237
    outer loop
      vertex -49.9232 -12.5 0.813041
      vertex -49.8657 -13.3776 0.813041
      vertex -50.104 -13.4089 0.493456
    endloop
  endfacet
  facet normal 0.920199 0.183048 -0.346016
    outer loop
      vertex -49.9263 -14.3023 0.493456
      vertex -50.0434 -14.3337 0.165428
      vertex -50.2242 -13.4248 0.165428
    endloop
  endfacet
  facet normal 0.515856 0.102616 -0.850507
    outer loop
      vertex -48.9023 -14.0279 1.40524
      vertex -49.3508 -14.1481 1.11871
      vertex -49.5133 -13.3312 1.11871
    endloop
  endfacet
  facet normal 0.640313 0.127373 -0.757479
    outer loop
      vertex -49.5133 -13.3312 1.11871
      vertex -49.3508 -14.1481 1.11871
      vertex -49.6941 -14.2401 0.813041
    endloop
  endfacet
  facet normal 0.618246 0.209845 -0.757454
    outer loop
      vertex -49.3508 -14.1481 1.11871
      vertex -49.0831 -14.9368 1.11871
      vertex -49.4114 -15.0729 0.813041
    endloop
  endfacet
  facet normal 0.471664 0.232581 -0.850552
    outer loop
      vertex -48.3125 -15.4517 1.40524
      vertex -48.7147 -15.6839 1.11871
      vertex -49.0831 -14.9368 1.11871
    endloop
  endfacet
  facet normal 0.896874 0.442287 0
    outer loop
      vertex -49.3356 -16.0424 0.165428
      vertex -49.7455 -15.2112 0
      vertex -49.7455 -15.2112 0.165428
    endloop
  endfacet
  facet normal 0.896874 0.442287 0
    outer loop
      vertex -49.7455 -15.2112 0
      vertex -49.3356 -16.0424 0.165428
      vertex -49.3356 -16.0424 0
    endloop
  endfacet
  facet normal 0.209835 0.618217 -0.757481
    outer loop
      vertex -44.8481 -18.6508 1.11871
      vertex -44.9401 -18.9941 0.813041
      vertex -45.6368 -18.3831 1.11871
    endloop
  endfacet
  facet normal 0.257104 0.757351 -0.600264
    outer loop
      vertex -45.7729 -18.7114 0.813041
      vertex -45.0023 -19.2263 0.493456
      vertex -45.8648 -18.9335 0.493456
    endloop
  endfacet
  facet normal 0.542827 0.362721 -0.757478
    outer loop
      vertex -48.7147 -15.6839 1.11871
      vertex -48.2519 -16.3765 1.11871
      vertex -49.0225 -15.8616 0.813041
    endloop
  endfacet
  facet normal 0.437257 0.292178 -0.850552
    outer loop
      vertex -48.3125 -15.4517 1.40524
      vertex -48.2519 -16.3765 1.11871
      vertex -48.7147 -15.6839 1.11871
    endloop
  endfacet
  facet normal 0.350773 0.234352 -0.906663
    outer loop
      vertex -47.8229 -15.169 1.66773
      vertex -47.435 -15.7496 1.66773
      vertex -48.3125 -15.4517 1.40524
    endloop
  endfacet
  facet normal 0.350775 0.23436 -0.90666
    outer loop
      vertex -47.435 -15.7496 1.66773
      vertex -47.8835 -16.0938 1.40524
      vertex -48.3125 -15.4517 1.40524
    endloop
  endfacet
  facet normal 0.186604 0.378343 -0.906662
    outer loop
      vertex -45.869 -17.1229 1.66773
      vertex -45.4591 -17.9541 1.40524
      vertex -46.1517 -17.6125 1.40524
    endloop
  endfacet
  facet normal 0.234356 0.350778 -0.90666
    outer loop
      vertex -46.4496 -16.735 1.66773
      vertex -45.869 -17.1229 1.66773
      vertex -46.7938 -17.1835 1.40524
    endloop
  endfacet
  facet normal 0.174225 0.198646 -0.964461
    outer loop
      vertex -46.5102 -15.8102 1.90168
      vertex -46.0202 -15.7626 2
      vertex -46.0498 -16.214 1.90168
    endloop
  endfacet
  facet normal 0.174222 0.198666 -0.964458
    outer loop
      vertex -46.0202 -15.7626 2
      vertex -46.5102 -15.8102 1.90168
      vertex -46.2559 -15.5559 2
    endloop
  endfacet
  facet normal 0.252773 0.22167 -0.94179
    outer loop
      vertex -46.5102 -15.8102 1.90168
      vertex -46.9746 -16.2746 1.66773
      vertex -47.435 -15.7496 1.66773
    endloop
  endfacet
  facet normal 0.0220186 0.335496 -0.941784
    outer loop
      vertex -43.811 -17.1413 1.90168
      vertex -43.2 -17.1814 1.90168
      vertex -43.8968 -17.7924 1.66773
    endloop
  endfacet
  facet normal 0.135631 0.399463 -0.906661
    outer loop
      vertex -44.5816 -17.6562 1.66773
      vertex -44.7279 -18.2023 1.40524
      vertex -45.2428 -17.4317 1.66773
    endloop
  endfacet
  facet normal 0.0275874 0.420967 -0.906656
    outer loop
      vertex -43.8968 -17.7924 1.66773
      vertex -43.2 -18.4034 1.40524
      vertex -43.9706 -18.3529 1.40524
    endloop
  endfacet
  facet normal 0.0220046 0.33551 -0.94178
    outer loop
      vertex -43.2 -17.1814 1.90168
      vertex -43.2 -17.8381 1.66773
      vertex -43.8968 -17.7924 1.66773
    endloop
  endfacet
  facet normal 0.888428 0.301602 -0.346023
    outer loop
      vertex -49.9263 -14.3023 0.493456
      vertex -49.6335 -15.1648 0.493456
      vertex -50.0434 -14.3337 0.165428
    endloop
  endfacet
  facet normal 0.757336 0.257083 -0.600291
    outer loop
      vertex -49.6941 -14.2401 0.813041
      vertex -49.4114 -15.0729 0.813041
      vertex -49.9263 -14.3023 0.493456
    endloop
  endfacet
  facet normal -0.307259 0.905117 -0.293863
    outer loop
      vertex 45.453 -8.33637 0.766882
      vertex 44.376 -8.86749 0.257093
      vertex 44.3354 -8.71576 0.766882
    endloop
  endfacet
  facet normal -0.195099 0.980784 0
    outer loop
      vertex 44.376 -8.86749 0
      vertex 43.1983 -9.10176 0.257093
      vertex 44.376 -8.86749 0.257093
    endloop
  endfacet
  facet normal -0.195099 0.980784 0
    outer loop
      vertex 43.1983 -9.10176 0.257093
      vertex 44.376 -8.86749 0
      vertex 43.1983 -9.10176 0
    endloop
  endfacet
  facet normal -0.399303 0.597593 -0.695298
    outer loop
      vertex 47.023 -6.54614 1.7386
      vertex 47.3034 -6.9115 1.26355
      vertex 46.1256 -7.14577 1.7386
    endloop
  endfacet
  facet normal -0.470958 0.704849 -0.530459
    outer loop
      vertex 47.3034 -6.9115 1.26355
      vertex 47.493 -7.1586 0.766882
      vertex 46.5116 -7.81434 0.766882
    endloop
  endfacet
  facet normal 0.0653874 -0.99786 0
    outer loop
      vertex -44.1248 19.5242 0
      vertex -43.2 19.5848 0.165428
      vertex -44.1248 19.5242 0.165428
    endloop
  endfacet
  facet normal 0.0653874 -0.99786 0
    outer loop
      vertex -43.2 19.5848 0.165428
      vertex -44.1248 19.5242 0
      vertex -43.2 19.5848 0
    endloop
  endfacet
  facet normal 0.0523349 -0.798107 -0.600238
    outer loop
      vertex -43.2 19.4636 0.493456
      vertex -44.0776 19.1657 0.813041
      vertex -44.1089 19.404 0.493456
    endloop
  endfacet
  facet normal 0.0613909 -0.936211 -0.346034
    outer loop
      vertex -43.2 19.4636 0.493456
      vertex -44.1089 19.404 0.493456
      vertex -44.1248 19.5242 0.165428
    endloop
  endfacet
  facet normal 0.292199 -0.437289 -0.850528
    outer loop
      vertex -46.3839 18.0147 1.11871
      vertex -46.7938 17.1835 1.40524
      vertex -47.0765 17.5519 1.11871
    endloop
  endfacet
  facet normal 0.292151 -0.437273 -0.850553
    outer loop
      vertex -46.3839 18.0147 1.11871
      vertex -46.1517 17.6125 1.40524
      vertex -46.7938 17.1835 1.40524
    endloop
  endfacet
  facet normal 0.44427 -0.665001 -0.600331
    outer loop
      vertex -46.6818 18.5306 0.493456
      vertex -47.2928 17.8339 0.813041
      vertex -47.4392 18.0246 0.493456
    endloop
  endfacet
  facet normal 0.780111 -0.521255 -0.346006
    outer loop
      vertex -48.8207 16.813 0.165428
      vertex -49.2306 15.9818 0.493456
      vertex -49.3356 16.0424 0.165428
    endloop
  endfacet
  facet normal 0.41497 -0.841475 -0.346006
    outer loop
      vertex -45.9112 19.0455 0.165428
      vertex -45.8648 18.9335 0.493456
      vertex -46.6818 18.5306 0.493456
    endloop
  endfacet
  facet normal 0.659352 -0.751834 0
    outer loop
      vertex -48.2097 17.5097 0
      vertex -47.513 18.1207 0.165428
      vertex -48.2097 17.5097 0.165428
    endloop
  endfacet
  facet normal 0.659352 -0.751834 0
    outer loop
      vertex -47.513 18.1207 0.165428
      vertex -48.2097 17.5097 0
      vertex -47.513 18.1207 0
    endloop
  endfacet
  facet normal 0.186566 -0.378329 -0.906675
    outer loop
      vertex -45.4591 17.9541 1.40524
      vertex -45.2428 17.4317 1.66773
      vertex -45.869 17.1229 1.66773
    endloop
  endfacet
  facet normal 0.148716 -0.301573 -0.941774
    outer loop
      vertex -45.2428 17.4317 1.66773
      vertex -45.5407 16.5542 1.90168
      vertex -45.869 17.1229 1.66773
    endloop
  endfacet
  facet normal 0.0344099 -0.524799 -0.850531
    outer loop
      vertex -43.2 18.8678 1.11871
      vertex -43.9706 18.3529 1.40524
      vertex -44.0312 18.8133 1.11871
    endloop
  endfacet
  facet normal 0.102609 -0.515821 -0.850529
    outer loop
      vertex -44.0312 18.8133 1.11871
      vertex -43.9706 18.3529 1.40524
      vertex -44.8481 18.6508 1.11871
    endloop
  endfacet
  facet normal -0.0319354 -0.334249 -0.941944
    outer loop
      vertex -34.6227 16.1031 2
      vertex -42.5032 17.7924 1.66773
      vertex -20.4941 14.7532 2
    endloop
  endfacet
  facet normal -0.0319349 -0.334247 -0.941944
    outer loop
      vertex -42.5032 17.7924 1.66773
      vertex -34.6227 16.1031 2
      vertex -42.589 17.1413 1.90168
    endloop
  endfacet
  facet normal -0.0276108 -0.420989 -0.906645
    outer loop
      vertex -43.2 18.4034 1.40524
      vertex -42.5032 17.7924 1.66773
      vertex -43.2 17.8381 1.66773
    endloop
  endfacet
  facet normal -0.0438156 -0.418885 -0.906982
    outer loop
      vertex -11.7947 13.8607 2
      vertex -42.4294 18.3529 1.40524
      vertex 0.341937 12.5912 2
    endloop
  endfacet
  facet normal -0.0438279 -0.418964 -0.906944
    outer loop
      vertex -42.4294 18.3529 1.40524
      vertex -11.7947 13.8607 2
      vertex -42.5032 17.7924 1.66773
    endloop
  endfacet
  facet normal -0.0172774 -0.263627 -0.96447
    outer loop
      vertex -43.2 17.1814 1.90168
      vertex -42.8872 16.8012 2
      vertex -43.2 16.8217 2
    endloop
  endfacet
  facet normal -0.0173032 -0.263647 -0.964464
    outer loop
      vertex -42.8872 16.8012 2
      vertex -43.2 17.1814 1.90168
      vertex -42.589 17.1413 1.90168
    endloop
  endfacet
  facet normal -0.422753 -0.857281 -0.293851
    outer loop
      vertex 46.5901 7.95037 0.257093
      vertex 46.5116 7.81434 0.766882
      vertex 45.453 8.33637 0.766882
    endloop
  endfacet
  facet normal -0.307259 -0.905117 -0.293863
    outer loop
      vertex 44.376 8.86749 0.257093
      vertex 45.453 8.33637 0.766882
      vertex 44.3354 8.71576 0.766882
    endloop
  endfacet
  facet normal -0.558958 -0.637323 -0.530457
    outer loop
      vertex 47.493 7.1586 0.766882
      vertex 48.1601 6.16014 1.26355
      vertex 47.3034 6.9115 1.26355
    endloop
  endfacet
  facet normal -0.558907 -0.637319 -0.530516
    outer loop
      vertex 48.3804 6.38038 0.766882
      vertex 48.1601 6.16014 1.26355
      vertex 47.493 7.1586 0.766882
    endloop
  endfacet
  facet normal -0.531029 -0.794773 -0.293845
    outer loop
      vertex 46.5901 7.95037 0.257093
      vertex 47.5886 7.28322 0.257093
      vertex 46.5116 7.81434 0.766882
    endloop
  endfacet
  facet normal -0.195099 -0.980784 0
    outer loop
      vertex 43.1983 9.10176 0
      vertex 44.376 8.86749 0.257093
      vertex 43.1983 9.10176 0.257093
    endloop
  endfacet
  facet normal -0.195099 -0.980784 -0
    outer loop
      vertex 44.376 8.86749 0.257093
      vertex 43.1983 9.10176 0
      vertex 44.376 8.86749 0
    endloop
  endfacet
  facet normal -0.946929 -0.321442 0
    outer loop
      vertex 50.8675 2.37604 0
      vertex 50.4815 3.51315 0.257093
      vertex 50.4815 3.51315 0
    endloop
  endfacet
  facet normal -0.946929 -0.321442 0
    outer loop
      vertex 50.4815 3.51315 0.257093
      vertex 50.8675 2.37604 0
      vertex 50.8675 2.37604 0.257093
    endloop
  endfacet
  facet normal -0.896879 -0.442277 0
    outer loop
      vertex 50.4815 3.51315 0
      vertex 49.9504 4.59015 0.257093
      vertex 49.9504 4.59015 0
    endloop
  endfacet
  facet normal -0.896879 -0.442277 0
    outer loop
      vertex 49.9504 4.59015 0.257093
      vertex 50.4815 3.51315 0
      vertex 50.4815 3.51315 0.257093
    endloop
  endfacet
  facet normal -0.392756 -0.447869 -0.803216
    outer loop
      vertex 47.1431 5.97202 2
      vertex 47.023 6.54614 1.7386
      vertex 47.8345 5.8345 1.7386
    endloop
  endfacet
  facet normal -0.392791 -0.447869 -0.803199
    outer loop
      vertex 47.023 6.54614 1.7386
      vertex 47.1431 5.97202 2
      vertex 46.808 6.26591 2
    endloop
  endfacet
  facet normal -0.392757 -0.447833 -0.803236
    outer loop
      vertex 47.8345 5.8345 1.7386
      vertex 47.5847 5.58473 2
      vertex 47.1431 5.97202 2
    endloop
  endfacet
  facet normal -0.584205 -0.116171 -0.803249
    outer loop
      vertex 49.7158 1.60699 2
      vertex 49.9701 2.13557 1.7386
      vertex 50.1806 1.077 1.7386
    endloop
  endfacet
  facet normal -0.584247 -0.116138 -0.803223
    outer loop
      vertex 49.9701 2.13557 1.7386
      vertex 49.7158 1.60699 2
      vertex 49.6289 2.04415 2
    endloop
  endfacet
  facet normal -0.564054 -0.191506 -0.803224
    outer loop
      vertex 49.4856 2.46622 2
      vertex 49.9701 2.13557 1.7386
      vertex 49.6289 2.04415 2
    endloop
  endfacet
  facet normal -0.564054 -0.191506 -0.803224
    outer loop
      vertex 49.9701 2.13557 1.7386
      vertex 49.4856 2.46622 2
      vertex 49.6231 3.15761 1.7386
    endloop
  endfacet
  facet normal -0.473903 0.540344 -0.695301
    outer loop
      vertex 48.1601 -6.16014 1.26355
      vertex 47.3034 -6.9115 1.26355
      vertex 47.023 -6.54614 1.7386
    endloop
  endfacet
  facet normal -0.33096 0.49531 -0.803202
    outer loop
      vertex 47.023 -6.54614 1.7386
      vertex 46.4374 -6.51354 2
      vertex 46.808 -6.26591 2
    endloop
  endfacet
  facet normal -0.330959 0.49531 -0.803202
    outer loop
      vertex 46.4374 -6.51354 2
      vertex 47.023 -6.54614 1.7386
      vertex 46.1256 -7.14577 1.7386
    endloop
  endfacet
  facet normal -0.399303 0.597598 -0.695294
    outer loop
      vertex 47.3034 -6.9115 1.26355
      vertex 46.3559 -7.5446 1.26355
      vertex 46.1256 -7.14577 1.7386
    endloop
  endfacet
  facet normal -0.374915 0.760303 -0.530451
    outer loop
      vertex 46.3559 -7.5446 1.26355
      vertex 46.5116 -7.81434 0.766882
      vertex 45.3338 -8.04861 1.26355
    endloop
  endfacet
  facet normal -0.540411 0.473901 -0.695251
    outer loop
      vertex 48.5461 -5.02303 1.7386
      vertex 48.1601 -6.16014 1.26355
      vertex 47.8345 -5.8345 1.7386
    endloop
  endfacet
  facet normal -0.447876 0.392787 -0.803197
    outer loop
      vertex 48.5461 -5.02303 1.7386
      vertex 47.972 -5.14312 2
      vertex 48.2659 -4.808 2
    endloop
  endfacet
  facet normal -0.447876 0.392755 -0.803213
    outer loop
      vertex 47.972 -5.14312 2
      vertex 48.5461 -5.02303 1.7386
      vertex 47.8345 -5.8345 1.7386
    endloop
  endfacet
  facet normal -0.751868 0.659313 0
    outer loop
      vertex 48.4915 -6.49145 0
      vertex 49.2832 -5.58861 0.257093
      vertex 49.2832 -5.58861 0
    endloop
  endfacet
  facet normal -0.751868 0.659313 0
    outer loop
      vertex 49.2832 -5.58861 0.257093
      vertex 48.4915 -6.49145 0
      vertex 48.4915 -6.49145 0.257093
    endloop
  endfacet
  facet normal -0.946929 0.321442 0
    outer loop
      vertex 50.4815 -3.51315 0
      vertex 50.8675 -2.37604 0.257093
      vertex 50.8675 -2.37604 0
    endloop
  endfacet
  facet normal -0.946929 0.321442 0
    outer loop
      vertex 50.8675 -2.37604 0.257093
      vertex 50.4815 -3.51315 0
      vertex 50.4815 -3.51315 0.257093
    endloop
  endfacet
  facet normal -0.470967 0.704851 -0.530447
    outer loop
      vertex 47.3034 -6.9115 1.26355
      vertex 46.5116 -7.81434 0.766882
      vertex 46.3559 -7.5446 1.26355
    endloop
  endfacet
  facet normal -0.272504 0.802707 -0.530474
    outer loop
      vertex 45.3338 -8.04861 1.26355
      vertex 45.453 -8.33637 0.766882
      vertex 44.2548 -8.41491 1.26355
    endloop
  endfacet
  facet normal 0.0656099 0.329752 -0.941785
    outer loop
      vertex -43.811 -17.1413 1.90168
      vertex -43.8968 -17.7924 1.66773
      vertex -44.4116 -17.0218 1.90168
    endloop
  endfacet
  facet normal 0.0515083 0.259143 -0.964465
    outer loop
      vertex -43.811 -17.1413 1.90168
      vertex -44.0715 -16.7236 2
      vertex -43.7641 -16.7847 2
    endloop
  endfacet
  facet normal 0.0515679 0.259177 -0.964452
    outer loop
      vertex -44.0715 -16.7236 2
      vertex -43.811 -17.1413 1.90168
      vertex -44.4116 -17.0218 1.90168
    endloop
  endfacet
  facet normal 0.183028 0.920187 -0.346058
    outer loop
      vertex -44.1089 -19.404 0.493456
      vertex -44.1248 -19.5242 0.165428
      vertex -45.0023 -19.2263 0.493456
    endloop
  endfacet
  facet normal 0.0613909 0.936211 -0.346034
    outer loop
      vertex -44.1089 -19.404 0.493456
      vertex -43.2 -19.4636 0.493456
      vertex -44.1248 -19.5242 0.165428
    endloop
  endfacet
  facet normal 0.156062 0.784404 -0.600296
    outer loop
      vertex -44.9401 -18.9941 0.813041
      vertex -44.0776 -19.1657 0.813041
      vertex -45.0023 -19.2263 0.493456
    endloop
  endfacet
  facet normal 0.127394 0.640309 -0.75748
    outer loop
      vertex -44.8481 -18.6508 1.11871
      vertex -44.0776 -19.1657 0.813041
      vertex -44.9401 -18.9941 0.813041
    endloop
  endfacet
  facet normal 0.490844 0.43049 -0.757463
    outer loop
      vertex -48.2519 -16.3765 1.11871
      vertex -47.954 -17.254 0.813041
      vertex -48.5339 -16.5928 0.813041
    endloop
  endfacet
  facet normal 0.542829 0.362728 -0.757473
    outer loop
      vertex -48.2519 -16.3765 1.11871
      vertex -48.5339 -16.5928 0.813041
      vertex -49.0225 -15.8616 0.813041
    endloop
  endfacet
  facet normal 0.585553 0.28874 -0.757468
    outer loop
      vertex -49.0831 -14.9368 1.11871
      vertex -48.7147 -15.6839 1.11871
      vertex -49.4114 -15.0729 0.813041
    endloop
  endfacet
  facet normal 0.585546 0.288727 -0.757478
    outer loop
      vertex -48.7147 -15.6839 1.11871
      vertex -49.0225 -15.8616 0.813041
      vertex -49.4114 -15.0729 0.813041
    endloop
  endfacet
  facet normal 0.317153 0.278128 -0.906675
    outer loop
      vertex -46.9746 -16.2746 1.66773
      vertex -47.3744 -16.6744 1.40524
      vertex -47.435 -15.7496 1.66773
    endloop
  endfacet
  facet normal 0.278128 0.317153 -0.906675
    outer loop
      vertex -46.9746 -16.2746 1.66773
      vertex -46.4496 -16.735 1.66773
      vertex -47.3744 -16.6744 1.40524
    endloop
  endfacet
  facet normal 0.234357 0.35077 -0.906663
    outer loop
      vertex -45.869 -17.1229 1.66773
      vertex -46.1517 -17.6125 1.40524
      vertex -46.7938 -17.1835 1.40524
    endloop
  endfacet
  facet normal 0.292151 0.437273 -0.850553
    outer loop
      vertex -46.1517 -17.6125 1.40524
      vertex -46.3839 -18.0147 1.11871
      vertex -46.7938 -17.1835 1.40524
    endloop
  endfacet
  facet normal 0.169049 0.498053 -0.850509
    outer loop
      vertex -44.7279 -18.2023 1.40524
      vertex -44.8481 -18.6508 1.11871
      vertex -45.6368 -18.3831 1.11871
    endloop
  endfacet
  facet normal 0.102587 0.515863 -0.850506
    outer loop
      vertex -44.7279 -18.2023 1.40524
      vertex -43.9706 -18.3529 1.40524
      vertex -44.8481 -18.6508 1.11871
    endloop
  endfacet
  facet normal 0.0276108 0.420989 -0.906645
    outer loop
      vertex -43.2 -17.8381 1.66773
      vertex -43.2 -18.4034 1.40524
      vertex -43.8968 -17.7924 1.66773
    endloop
  endfacet
  facet normal -0.0276108 0.420989 -0.906645
    outer loop
      vertex -43.2 -17.8381 1.66773
      vertex -42.5032 -17.7924 1.66773
      vertex -43.2 -18.4034 1.40524
    endloop
  endfacet
  facet normal 0.841473 0.414969 -0.346012
    outer loop
      vertex -49.2306 -15.9818 0.493456
      vertex -49.3356 -16.0424 0.165428
      vertex -49.6335 -15.1648 0.493456
    endloop
  endfacet
  facet normal 0.717376 0.353771 -0.600182
    outer loop
      vertex -49.0225 -15.8616 0.813041
      vertex -49.2306 -15.9818 0.493456
      vertex -49.6335 -15.1648 0.493456
    endloop
  endfacet
  facet normal -0.321444 0.946928 0
    outer loop
      vertex 45.5131 -8.48149 0
      vertex 44.376 -8.86749 0.257093
      vertex 45.5131 -8.48149 0.257093
    endloop
  endfacet
  facet normal -0.321444 0.946928 0
    outer loop
      vertex 44.376 -8.86749 0.257093
      vertex 45.5131 -8.48149 0
      vertex 44.376 -8.86749 0
    endloop
  endfacet
  facet normal -0.555555 0.83148 0
    outer loop
      vertex 47.5886 -7.28322 0
      vertex 46.5901 -7.95037 0.257093
      vertex 47.5886 -7.28322 0.257093
    endloop
  endfacet
  facet normal -0.555555 0.83148 0
    outer loop
      vertex 46.5901 -7.95037 0.257093
      vertex 47.5886 -7.28322 0
      vertex 46.5901 -7.95037 0
    endloop
  endfacet
  facet normal -0.63732 0.5589 -0.530523
    outer loop
      vertex 49.1586 -5.49299 0.766882
      vertex 48.3804 -6.38038 0.766882
      vertex 48.1601 -6.16014 1.26355
    endloop
  endfacet
  facet normal -0.558907 0.637319 -0.530516
    outer loop
      vertex 48.1601 -6.16014 1.26355
      vertex 48.3804 -6.38038 0.766882
      vertex 47.493 -7.1586 0.766882
    endloop
  endfacet
  facet normal 0.257083 -0.757336 -0.600291
    outer loop
      vertex -45.0023 19.2263 0.493456
      vertex -44.9401 18.9941 0.813041
      vertex -45.7729 18.7114 0.813041
    endloop
  endfacet
  facet normal 0.301604 -0.888435 -0.346004
    outer loop
      vertex -45.0023 19.2263 0.493456
      vertex -45.8648 18.9335 0.493456
      vertex -45.9112 19.0455 0.165428
    endloop
  endfacet
  facet normal 0.665001 -0.44427 -0.600331
    outer loop
      vertex -48.7246 16.7392 0.493456
      vertex -48.5339 16.5928 0.813041
      vertex -49.2306 15.9818 0.493456
    endloop
  endfacet
  facet normal 0.705418 -0.618646 -0.345923
    outer loop
      vertex -48.2097 17.5097 0.165428
      vertex -48.124 17.424 0.493456
      vertex -48.8207 16.813 0.165428
    endloop
  endfacet
  facet normal 0.601258 -0.52733 -0.600344
    outer loop
      vertex -48.124 17.424 0.493456
      vertex -48.5339 16.5928 0.813041
      vertex -48.7246 16.7392 0.493456
    endloop
  endfacet
  facet normal 0.60126 -0.52733 -0.600342
    outer loop
      vertex -48.124 17.424 0.493456
      vertex -47.954 17.254 0.813041
      vertex -48.5339 16.5928 0.813041
    endloop
  endfacet
  facet normal 0.0173103 -0.263641 -0.964466
    outer loop
      vertex -43.5128 16.8012 2
      vertex -43.7641 16.7847 2
      vertex -43.811 17.1413 1.90168
    endloop
  endfacet
  facet normal 0.135631 -0.399463 -0.906661
    outer loop
      vertex -44.7279 18.2023 1.40524
      vertex -44.5816 17.6562 1.66773
      vertex -45.2428 17.4317 1.66773
    endloop
  endfacet
  facet normal 0.065581 -0.329735 -0.941793
    outer loop
      vertex -43.8968 17.7924 1.66773
      vertex -44.4116 17.0218 1.90168
      vertex -44.5816 17.6562 1.66773
    endloop
  endfacet
  facet normal -0.0220186 -0.335496 -0.941784
    outer loop
      vertex -42.5032 17.7924 1.66773
      vertex -42.589 17.1413 1.90168
      vertex -43.2 17.1814 1.90168
    endloop
  endfacet
  facet normal -0.0343904 -0.524777 -0.850545
    outer loop
      vertex -43.2 18.8678 1.11871
      vertex -42.4294 18.3529 1.40524
      vertex -43.2 18.4034 1.40524
    endloop
  endfacet
  facet normal 0.0343904 -0.524777 -0.850545
    outer loop
      vertex -43.2 18.8678 1.11871
      vertex -43.2 18.4034 1.40524
      vertex -43.9706 18.3529 1.40524
    endloop
  endfacet
  facet normal -0.330957 -0.49531 -0.803203
    outer loop
      vertex 46.1256 7.14577 1.7386
      vertex 46.4374 6.51354 2
      vertex 45.949 6.83988 2
    endloop
  endfacet
  facet normal -0.30725 -0.905115 -0.293878
    outer loop
      vertex 45.5131 8.48149 0.257093
      vertex 45.453 8.33637 0.766882
      vertex 44.376 8.86749 0.257093
    endloop
  endfacet
  facet normal -0.857282 0.422751 -0.293853
    outer loop
      vertex 50.3364 -3.45304 0.766882
      vertex 50.4815 -3.51315 0.257093
      vertex 49.9504 -4.59015 0.257093
    endloop
  endfacet
  facet normal -0.857216 0.42279 -0.29399
    outer loop
      vertex 50.3364 -3.45304 0.766882
      vertex 49.9504 -4.59015 0.257093
      vertex 49.8143 -4.51161 0.766882
    endloop
  endfacet
  facet normal -0.374921 0.760284 -0.530475
    outer loop
      vertex 46.5116 -7.81434 0.766882
      vertex 45.453 -8.33637 0.766882
      vertex 45.3338 -8.04861 1.26355
    endloop
  endfacet
  facet normal -0.422753 0.857281 -0.293851
    outer loop
      vertex 46.5116 -7.81434 0.766882
      vertex 46.5901 -7.95037 0.257093
      vertex 45.453 -8.33637 0.766882
    endloop
  endfacet
  facet normal 0.0822914 0.413753 -0.906662
    outer loop
      vertex -44.5816 -17.6562 1.66773
      vertex -43.8968 -17.7924 1.66773
      vertex -44.7279 -18.2023 1.40524
    endloop
  endfacet
  facet normal 0.065581 0.329735 -0.941793
    outer loop
      vertex -44.4116 -17.0218 1.90168
      vertex -43.8968 -17.7924 1.66773
      vertex -44.5816 -17.6562 1.66773
    endloop
  endfacet
  facet normal 0.321467 0.946921 -0
    outer loop
      vertex -45.0337 -19.3434 0
      vertex -45.9112 -19.0455 0.165428
      vertex -45.0337 -19.3434 0.165428
    endloop
  endfacet
  facet normal 0.321467 0.946921 0
    outer loop
      vertex -45.9112 -19.0455 0.165428
      vertex -45.0337 -19.3434 0
      vertex -45.9112 -19.0455 0
    endloop
  endfacet
  facet normal -0.531034 0.794761 -0.293867
    outer loop
      vertex 47.493 -7.1586 0.766882
      vertex 47.5886 -7.28322 0.257093
      vertex 46.5116 -7.81434 0.766882
    endloop
  endfacet
  facet normal -0.531029 0.794773 -0.293845
    outer loop
      vertex 47.5886 -7.28322 0.257093
      vertex 46.5901 -7.95037 0.257093
      vertex 46.5116 -7.81434 0.766882
    endloop
  endfacet
  facet normal -0.44229 0.896872 0
    outer loop
      vertex 46.5901 -7.95037 0
      vertex 45.5131 -8.48149 0.257093
      vertex 46.5901 -7.95037 0.257093
    endloop
  endfacet
  facet normal -0.44229 0.896872 0
    outer loop
      vertex 45.5131 -8.48149 0.257093
      vertex 46.5901 -7.95037 0
      vertex 45.5131 -8.48149 0
    endloop
  endfacet
  facet normal 0.156033 -0.784466 -0.600222
    outer loop
      vertex -44.1089 19.404 0.493456
      vertex -44.0776 19.1657 0.813041
      vertex -45.0023 19.2263 0.493456
    endloop
  endfacet
  facet normal 0.183028 -0.920187 -0.346058
    outer loop
      vertex -44.1248 19.5242 0.165428
      vertex -44.1089 19.404 0.493456
      vertex -45.0023 19.2263 0.493456
    endloop
  endfacet
  facet normal 0.705419 -0.618684 -0.345853
    outer loop
      vertex -48.124 17.424 0.493456
      vertex -48.7246 16.7392 0.493456
      vertex -48.8207 16.813 0.165428
    endloop
  endfacet
  facet normal 0.0276108 -0.420989 -0.906645
    outer loop
      vertex -43.2 18.4034 1.40524
      vertex -43.2 17.8381 1.66773
      vertex -43.8968 17.7924 1.66773
    endloop
  endfacet
  facet normal 0.0275874 -0.420967 -0.906656
    outer loop
      vertex -43.2 18.4034 1.40524
      vertex -43.8968 17.7924 1.66773
      vertex -43.9706 18.3529 1.40524
    endloop
  endfacet
  facet normal -0.44229 -0.896872 0
    outer loop
      vertex 45.5131 8.48149 0
      vertex 46.5901 7.95037 0.257093
      vertex 45.5131 8.48149 0.257093
    endloop
  endfacet
  facet normal -0.44229 -0.896872 -0
    outer loop
      vertex 46.5901 7.95037 0.257093
      vertex 45.5131 8.48149 0
      vertex 46.5901 7.95037 0
    endloop
  endfacet
  facet normal -0.659321 0.751861 0
    outer loop
      vertex 48.4915 -6.49145 0
      vertex 47.5886 -7.28322 0.257093
      vertex 48.4915 -6.49145 0.257093
    endloop
  endfacet
  facet normal -0.659321 0.751861 0
    outer loop
      vertex 47.5886 -7.28322 0.257093
      vertex 48.4915 -6.49145 0
      vertex 47.5886 -7.28322 0
    endloop
  endfacet
  facet normal -0.896879 0.442277 0
    outer loop
      vertex 49.9504 -4.59015 0
      vertex 50.4815 -3.51315 0.257093
      vertex 50.4815 -3.51315 0
    endloop
  endfacet
  facet normal -0.896879 0.442277 0
    outer loop
      vertex 50.4815 -3.51315 0.257093
      vertex 49.9504 -4.59015 0
      vertex 49.9504 -4.59015 0.257093
    endloop
  endfacet
  facet normal -0.186483 0.937476 -0.293875
    outer loop
      vertex 44.3354 -8.71576 0.766882
      vertex 44.376 -8.86749 0.257093
      vertex 43.1778 -8.94603 0.766882
    endloop
  endfacet
  facet normal -0.186484 0.937475 -0.293878
    outer loop
      vertex 44.376 -8.86749 0.257093
      vertex 43.1983 -9.10176 0.257093
      vertex 43.1778 -8.94603 0.766882
    endloop
  endfacet
  facet normal 0.831469 -0.555571 0
    outer loop
      vertex -49.3356 16.0424 0.165428
      vertex -48.8207 16.813 0
      vertex -48.8207 16.813 0.165428
    endloop
  endfacet
  facet normal 0.831469 -0.555571 0
    outer loop
      vertex -48.8207 16.813 0
      vertex -49.3356 16.0424 0.165428
      vertex -49.3356 16.0424 0
    endloop
  endfacet
  facet normal 0.0656099 -0.329752 -0.941785
    outer loop
      vertex -43.8968 17.7924 1.66773
      vertex -43.811 17.1413 1.90168
      vertex -44.4116 17.0218 1.90168
    endloop
  endfacet
  facet normal 0.0515083 -0.259143 -0.964465
    outer loop
      vertex -44.0715 16.7236 2
      vertex -43.811 17.1413 1.90168
      vertex -43.7641 16.7847 2
    endloop
  endfacet
  facet normal 0.0515679 -0.259177 -0.964452
    outer loop
      vertex -43.811 17.1413 1.90168
      vertex -44.0715 16.7236 2
      vertex -44.4116 17.0218 1.90168
    endloop
  endfacet
  facet normal -0.83145 0.555599 0
    outer loop
      vertex 49.2832 -5.58861 0
      vertex 49.9504 -4.59015 0.257093
      vertex 49.9504 -4.59015 0
    endloop
  endfacet
  facet normal -0.83145 0.555599 0
    outer loop
      vertex 49.9504 -4.59015 0.257093
      vertex 49.2832 -5.58861 0
      vertex 49.2832 -5.58861 0.257093
    endloop
  endfacet
  facet normal 0.0220186 -0.335496 -0.941784
    outer loop
      vertex -43.2 17.1814 1.90168
      vertex -43.811 17.1413 1.90168
      vertex -43.8968 17.7924 1.66773
    endloop
  endfacet
  facet normal 0.0172774 -0.263627 -0.96447
    outer loop
      vertex -43.5128 16.8012 2
      vertex -43.2 17.1814 1.90168
      vertex -43.2 16.8217 2
    endloop
  endfacet
  facet normal 0.0173032 -0.263647 -0.964464
    outer loop
      vertex -43.2 17.1814 1.90168
      vertex -43.5128 16.8012 2
      vertex -43.811 17.1413 1.90168
    endloop
  endfacet
  facet normal 0.0220046 -0.33551 -0.94178
    outer loop
      vertex -43.2 17.8381 1.66773
      vertex -43.2 17.1814 1.90168
      vertex -43.8968 17.7924 1.66773
    endloop
  endfacet
  facet normal -0.0220046 -0.33551 -0.94178
    outer loop
      vertex -43.2 17.8381 1.66773
      vertex -42.5032 17.7924 1.66773
      vertex -43.2 17.1814 1.90168
    endloop
  endfacet
  facet normal -0 0 1
    outer loop
      vertex 49.8689 0.44477 2
      vertex 50.8654 0 2
      vertex 50.8018 0.9695 2
    endloop
  endfacet
  facet normal -0 0 1
    outer loop
      vertex 49.8304 1.0309 2
      vertex 50.8018 0.9695 2
      vertex 50.7895 1.15716 2
    endloop
  endfacet
  facet normal 0 0 1
    outer loop
      vertex 49.8689 -0.44477 2
      vertex 50.8654 0 2
      vertex 49.898 0 2
    endloop
  endfacet
  facet normal -0 0 1
    outer loop
      vertex 49.7158 1.60699 2
      vertex 50.7895 1.15716 2
      vertex 50.6 2.11007 2
    endloop
  endfacet
  facet normal 0 0 1
    outer loop
      vertex 50.8654 0 2
      vertex 49.8689 0.44477 2
      vertex 49.898 0 2
    endloop
  endfacet
  facet normal 0 0 1
    outer loop
      vertex 49.6289 2.04415 2
      vertex 50.6 2.11007 2
      vertex 50.5633 2.29452 2
    endloop
  endfacet
  facet normal 0 0 1
    outer loop
      vertex 49.8304 -1.0309 2
      vertex 50.8018 -0.9695 2
      vertex 49.8689 -0.44477 2
    endloop
  endfacet
  facet normal 0 0 1
    outer loop
      vertex 49.6289 2.04415 2
      vertex 50.5633 2.29452 2
      vertex 50.5028 2.47261 2
    endloop
  endfacet
  facet normal 0 0 1
    outer loop
      vertex 50.8018 -0.9695 2
      vertex 49.8304 -1.0309 2
      vertex 50.7895 -1.15716 2
    endloop
  endfacet
  facet normal 0 0 1
    outer loop
      vertex 49.4856 2.46622 2
      vertex 50.5028 2.47261 2
      vertex 50.1905 3.39262 2
    endloop
  endfacet
  facet normal 0 0 1
    outer loop
      vertex 50.8654 0 2
      vertex 49.8689 -0.44477 2
      vertex 50.8018 -0.9695 2
    endloop
  endfacet
  facet normal 0 0 1
    outer loop
      vertex 49.2968 3.02244 2
      vertex 50.1905 3.39262 2
      vertex 50.1073 3.56129 2
    endloop
  endfacet
  facet normal 0 0 1
    outer loop
      vertex 50.7895 -1.15716 2
      vertex 49.7158 -1.60699 2
      vertex 50.6 -2.11007 2
    endloop
  endfacet
  facet normal -0 0 1
    outer loop
      vertex 49.6289 -2.04415 2
      vertex 50.6 -2.11007 2
      vertex 49.7158 -1.60699 2
    endloop
  endfacet
  facet normal 0 0 1
    outer loop
      vertex 49.7158 -1.60699 2
      vertex 50.7895 -1.15716 2
      vertex 49.8304 -1.0309 2
    endloop
  endfacet
  facet normal 0 0 1
    outer loop
      vertex 50.8018 0.9695 2
      vertex 49.8304 1.0309 2
      vertex 49.8689 0.44477 2
    endloop
  endfacet
  facet normal 0 0 1
    outer loop
      vertex 50.7895 1.15716 2
      vertex 49.7158 1.60699 2
      vertex 49.8304 1.0309 2
    endloop
  endfacet
  facet normal 0 0 1
    outer loop
      vertex 49.0997 3.4222 2
      vertex 50.1073 3.56129 2
      vertex 49.6776 4.43268 2
    endloop
  endfacet
  facet normal 0 0 1
    outer loop
      vertex 50.6 2.11007 2
      vertex 49.6289 2.04415 2
      vertex 49.7158 1.60699 2
    endloop
  endfacet
  facet normal 0 0 1
    outer loop
      vertex 50.5028 2.47261 2
      vertex 49.4856 2.46622 2
      vertex 49.6289 2.04415 2
    endloop
  endfacet
  facet normal 0 0 1
    outer loop
      vertex 50.1905 3.39262 2
      vertex 49.2968 3.02244 2
      vertex 49.4856 2.46622 2
    endloop
  endfacet
  facet normal -0 0 1
    outer loop
      vertex 48.5135 4.4374 2
      vertex 49.6776 4.43268 2
      vertex 49.1378 5.24052 2
    endloop
  endfacet
  facet normal 0 0 1
    outer loop
      vertex 50.1073 3.56129 2
      vertex 49.0997 3.4222 2
      vertex 49.2968 3.02244 2
    endloop
  endfacet
  facet normal 0 0 1
    outer loop
      vertex 48.2659 4.808 2
      vertex 49.1378 5.24052 2
      vertex 49.0334 5.39689 2
    endloop
  endfacet
  facet normal 0 0 1
    outer loop
      vertex 49.6776 4.43268 2
      vertex 48.8399 3.949 2
      vertex 49.0997 3.4222 2
    endloop
  endfacet
  facet normal 0 0 1
    outer loop
      vertex 49.6776 4.43268 2
      vertex 48.5135 4.4374 2
      vertex 48.8399 3.949 2
    endloop
  endfacet
  facet normal 0 0 1
    outer loop
      vertex 47.972 5.14312 2
      vertex 49.0334 5.39689 2
      vertex 48.3927 6.12736 2
    endloop
  endfacet
  facet normal 0 0 1
    outer loop
      vertex 47.5847 5.58473 2
      vertex 48.3927 6.12736 2
      vertex 48.2688 6.26875 2
    endloop
  endfacet
  facet normal 0 0 1
    outer loop
      vertex 49.1378 5.24052 2
      vertex 48.2659 4.808 2
      vertex 48.5135 4.4374 2
    endloop
  endfacet
  facet normal 0 0 1
    outer loop
      vertex 47.5847 5.58473 2
      vertex 48.2688 6.26875 2
      vertex 48.1274 6.39275 2
    endloop
  endfacet
  facet normal 0 0 1
    outer loop
      vertex 49.0334 5.39689 2
      vertex 47.972 5.14312 2
      vertex 48.2659 4.808 2
    endloop
  endfacet
  facet normal 0 0 1
    outer loop
      vertex 48.3927 6.12736 2
      vertex 47.5847 5.58473 2
      vertex 47.972 5.14312 2
    endloop
  endfacet
  facet normal 0 0 1
    outer loop
      vertex 47.1431 5.97202 2
      vertex 48.1274 6.39275 2
      vertex 47.3969 7.03336 2
    endloop
  endfacet
  facet normal 0 0 1
    outer loop
      vertex 46.808 6.26591 2
      vertex 47.3969 7.03336 2
      vertex 47.2405 7.13784 2
    endloop
  endfacet
  facet normal 0 0 1
    outer loop
      vertex 48.1274 6.39275 2
      vertex 47.1431 5.97202 2
      vertex 47.5847 5.58473 2
    endloop
  endfacet
  facet normal 0 0 1
    outer loop
      vertex 47.3969 7.03336 2
      vertex 46.808 6.26591 2
      vertex 47.1431 5.97202 2
    endloop
  endfacet
  facet normal 0 0 1
    outer loop
      vertex 47.2405 7.13784 2
      vertex 46.4374 6.51354 2
      vertex 46.808 6.26591 2
    endloop
  endfacet
  facet normal 0 0 1
    outer loop
      vertex 46.4327 7.67762 2
      vertex 46.4374 6.51354 2
      vertex 47.2405 7.13784 2
    endloop
  endfacet
  facet normal 0 0 1
    outer loop
      vertex 46.4327 7.67762 2
      vertex 45.949 6.83988 2
      vertex 46.4374 6.51354 2
    endloop
  endfacet
  facet normal 0 0 1
    outer loop
      vertex 45.4222 7.09967 2
      vertex 46.4327 7.67762 2
      vertex 45.5613 8.10734 2
    endloop
  endfacet
  facet normal 0 0 1
    outer loop
      vertex 46.4327 7.67762 2
      vertex 45.4222 7.09967 2
      vertex 45.949 6.83988 2
    endloop
  endfacet
  facet normal 0 0 1
    outer loop
      vertex 45.0224 7.29681 2
      vertex 45.5613 8.10734 2
      vertex 45.3926 8.19052 2
    endloop
  endfacet
  facet normal 0 0 1
    outer loop
      vertex 45.5613 8.10734 2
      vertex 45.0224 7.29681 2
      vertex 45.4222 7.09967 2
    endloop
  endfacet
  facet normal 0 0 1
    outer loop
      vertex 44.4662 7.48562 2
      vertex 45.3926 8.19052 2
      vertex 44.4726 8.50282 2
    endloop
  endfacet
  facet normal 0 0 1
    outer loop
      vertex 45.3926 8.19052 2
      vertex 44.4662 7.48562 2
      vertex 45.0224 7.29681 2
    endloop
  endfacet
  facet normal 0 0 1
    outer loop
      vertex 44.0442 7.62889 2
      vertex 44.4726 8.50282 2
      vertex 44.2945 8.56327 2
    endloop
  endfacet
  facet normal 0 0 1
    outer loop
      vertex 44.0442 7.62889 2
      vertex 44.2945 8.56327 2
      vertex 44.1101 8.59996 2
    endloop
  endfacet
  facet normal 0 0 1
    outer loop
      vertex 44.4726 8.50282 2
      vertex 44.0442 7.62889 2
      vertex 44.4662 7.48562 2
    endloop
  endfacet
  facet normal 0 0 1
    outer loop
      vertex 44.1101 8.59996 2
      vertex 43.607 7.71585 2
      vertex 44.0442 7.62889 2
    endloop
  endfacet
  facet normal 0 0 1
    outer loop
      vertex 43.1572 8.78951 2
      vertex 43.607 7.71585 2
      vertex 44.1101 8.59996 2
    endloop
  endfacet
  facet normal 0 0 1
    outer loop
      vertex 43.1572 8.78951 2
      vertex 43.0309 7.83044 2
      vertex 43.607 7.71585 2
    endloop
  endfacet
  facet normal 0 0 1
    outer loop
      vertex 35.9896 9.63209 2
      vertex 43.0309 7.83044 2
      vertex 43.1572 8.78951 2
    endloop
  endfacet
  facet normal 0 0 1
    outer loop
      vertex 28.2604 9.52272 2
      vertex 35.9896 9.63209 2
      vertex 31.9055 10.1071 2
    endloop
  endfacet
  facet normal 0 0 1
    outer loop
      vertex 35.9896 9.63209 2
      vertex 28.2604 9.52272 2
      vertex 43.0309 7.83044 2
    endloop
  endfacet
  facet normal 0 0 1
    outer loop
      vertex 31.9055 10.1071 2
      vertex 22.8227 10.1274 2
      vertex 28.2604 9.52272 2
    endloop
  endfacet
  facet normal 0 0 1
    outer loop
      vertex -1.16823 13.8914 2
      vertex 22.8227 10.1274 2
      vertex 31.9055 10.1071 2
    endloop
  endfacet
  facet normal 0 0 1
    outer loop
      vertex 22.8227 10.1274 2
      vertex -1.16823 13.8914 2
      vertex 0.341937 12.5912 2
    endloop
  endfacet
  facet normal 0 0 1
    outer loop
      vertex -1.16823 13.8914 2
      vertex -11.7947 13.8607 2
      vertex 0.341937 12.5912 2
    endloop
  endfacet
  facet normal 0 0 1
    outer loop
      vertex -20.0191 16.0109 2
      vertex -11.7947 13.8607 2
      vertex -1.16823 13.8914 2
    endloop
  endfacet
  facet normal 0 0 1
    outer loop
      vertex -20.0191 16.0109 2
      vertex -20.4941 14.7532 2
      vertex -11.7947 13.8607 2
    endloop
  endfacet
  facet normal 0 0 1
    outer loop
      vertex -28.4366 16.9362 2
      vertex -20.4941 14.7532 2
      vertex -20.0191 16.0109 2
    endloop
  endfacet
  facet normal 0 0 1
    outer loop
      vertex -28.4366 16.9362 2
      vertex -34.6227 16.1031 2
      vertex -20.4941 14.7532 2
    endloop
  endfacet
  facet normal 0 0 1
    outer loop
      vertex -28.4366 16.9362 2
      vertex -36.4562 16.2728 2
      vertex -34.6227 16.1031 2
    endloop
  endfacet
  facet normal 0 0 1
    outer loop
      vertex -43.0496 18.4997 2
      vertex -36.4562 16.2728 2
      vertex -28.4366 16.9362 2
    endloop
  endfacet
  facet normal 0 0 1
    outer loop
      vertex -36.4562 16.2728 2
      vertex -43.0496 18.4997 2
      vertex -42.6359 16.7847 2
    endloop
  endfacet
  facet normal 0 0 1
    outer loop
      vertex -42.6359 16.7847 2
      vertex -43.0496 18.4997 2
      vertex -42.8872 16.8012 2
    endloop
  endfacet
  facet normal 0 0 1
    outer loop
      vertex -43.0496 18.4997 2
      vertex -43.2 16.8217 2
      vertex -42.8872 16.8012 2
    endloop
  endfacet
  facet normal 0 0 1
    outer loop
      vertex -43.5475 18.5324 2
      vertex -43.2 16.8217 2
      vertex -43.0496 18.4997 2
    endloop
  endfacet
  facet normal 0 0 1
    outer loop
      vertex -43.2 16.8217 2
      vertex -43.5475 18.5324 2
      vertex -43.5128 16.8012 2
    endloop
  endfacet
  facet normal 0 0 1
    outer loop
      vertex -43.5475 18.5324 2
      vertex -43.7641 16.7847 2
      vertex -43.5128 16.8012 2
    endloop
  endfacet
  facet normal 0 0 1
    outer loop
      vertex -43.8 18.5489 2
      vertex -43.7641 16.7847 2
      vertex -43.5475 18.5324 2
    endloop
  endfacet
  facet normal -0 0 1
    outer loop
      vertex -44.0525 18.5324 2
      vertex -43.7641 16.7847 2
      vertex -43.8 18.5489 2
    endloop
  endfacet
  facet normal 0 0 1
    outer loop
      vertex -44.0525 18.5324 2
      vertex -44.0715 16.7236 2
      vertex -43.7641 16.7847 2
    endloop
  endfacet
  facet normal -0 0 1
    outer loop
      vertex -44.5504 18.4997 2
      vertex -44.0715 16.7236 2
      vertex -44.0525 18.5324 2
    endloop
  endfacet
  facet normal 0 0 1
    outer loop
      vertex -44.0715 16.7236 2
      vertex -44.5504 18.4997 2
      vertex -44.3185 16.6744 2
    endloop
  endfacet
  facet normal -0 0 1
    outer loop
      vertex -45.0397 18.4024 2
      vertex -44.3185 16.6744 2
      vertex -44.5504 18.4997 2
    endloop
  endfacet
  facet normal 0 0 1
    outer loop
      vertex -44.3185 16.6744 2
      vertex -45.0397 18.4024 2
      vertex -44.6153 16.5737 2
    endloop
  endfacet
  facet normal -0 0 1
    outer loop
      vertex -45.2879 18.353 2
      vertex -44.6153 16.5737 2
      vertex -45.0397 18.4024 2
    endloop
  endfacet
  facet normal 0 0 1
    outer loop
      vertex -44.6153 16.5737 2
      vertex -45.2879 18.353 2
      vertex -44.8538 16.4927 2
    endloop
  endfacet
  facet normal -0 0 1
    outer loop
      vertex -45.5276 18.2717 2
      vertex -44.8538 16.4927 2
      vertex -45.2879 18.353 2
    endloop
  endfacet
  facet normal 0 0 1
    outer loop
      vertex -44.8538 16.4927 2
      vertex -45.5276 18.2717 2
      vertex -45.135 16.3541 2
    endloop
  endfacet
  facet normal -0 0 1
    outer loop
      vertex -46 18.1113 2
      vertex -45.135 16.3541 2
      vertex -45.5276 18.2717 2
    endloop
  endfacet
  facet normal 0 0 1
    outer loop
      vertex -45.135 16.3541 2
      vertex -46 18.1113 2
      vertex -45.3608 16.2427 2
    endloop
  endfacet
  facet normal -0 0 1
    outer loop
      vertex -46.227 17.9994 2
      vertex -45.3608 16.2427 2
      vertex -46 18.1113 2
    endloop
  endfacet
  facet normal 0 0 1
    outer loop
      vertex -45.3608 16.2427 2
      vertex -46.227 17.9994 2
      vertex -45.5703 16.1028 2
    endloop
  endfacet
  facet normal -0 0 1
    outer loop
      vertex -46.6745 17.7787 2
      vertex -45.5703 16.1028 2
      vertex -46.227 17.9994 2
    endloop
  endfacet
  facet normal 0 0 1
    outer loop
      vertex -45.5703 16.1028 2
      vertex -46.6745 17.7787 2
      vertex -45.8309 15.9286 2
    endloop
  endfacet
  facet normal -0 0 1
    outer loop
      vertex -47.0893 17.5015 2
      vertex -45.8309 15.9286 2
      vertex -46.6745 17.7787 2
    endloop
  endfacet
  facet normal 0 0 1
    outer loop
      vertex -45.8309 15.9286 2
      vertex -47.0893 17.5015 2
      vertex -46.0202 15.7626 2
    endloop
  endfacet
  facet normal -0 0 1
    outer loop
      vertex -47.2997 17.3609 2
      vertex -46.0202 15.7626 2
      vertex -47.0893 17.5015 2
    endloop
  endfacet
  facet normal -0 0 1
    outer loop
      vertex -47.49 17.194 2
      vertex -46.0202 15.7626 2
      vertex -47.2997 17.3609 2
    endloop
  endfacet
  facet normal 0 0 1
    outer loop
      vertex -46.0202 15.7626 2
      vertex -47.49 17.194 2
      vertex -46.2559 15.5559 2
    endloop
  endfacet
  facet normal -0 0 1
    outer loop
      vertex -47.8651 16.8651 2
      vertex -46.2559 15.5559 2
      vertex -47.49 17.194 2
    endloop
  endfacet
  facet normal 0 0 1
    outer loop
      vertex -46.2559 15.5559 2
      vertex -47.8651 16.8651 2
      vertex -46.422 15.3665 2
    endloop
  endfacet
  facet normal -0 0 1
    outer loop
      vertex -48.194 16.49 2
      vertex -46.422 15.3665 2
      vertex -47.8651 16.8651 2
    endloop
  endfacet
  facet normal 0 0 1
    outer loop
      vertex -46.422 15.3665 2
      vertex -48.194 16.49 2
      vertex -46.6286 15.1309 2
    endloop
  endfacet
  facet normal -0 0 1
    outer loop
      vertex -48.5015 16.0893 2
      vertex -46.6286 15.1309 2
      vertex -48.3609 16.2997 2
    endloop
  endfacet
  facet normal -0 0 1
    outer loop
      vertex -48.3609 16.2997 2
      vertex -46.6286 15.1309 2
      vertex -48.194 16.49 2
    endloop
  endfacet
  facet normal 0 0 1
    outer loop
      vertex -46.6286 15.1309 2
      vertex -48.5015 16.0893 2
      vertex -46.8028 14.8703 2
    endloop
  endfacet
  facet normal 0 0 1
    outer loop
      vertex -46.8028 14.8703 2
      vertex -48.5015 16.0893 2
      vertex -46.9427 14.6608 2
    endloop
  endfacet
  facet normal -0 0 1
    outer loop
      vertex -48.7787 15.6745 2
      vertex -46.9427 14.6608 2
      vertex -48.5015 16.0893 2
    endloop
  endfacet
  facet normal 0 0 1
    outer loop
      vertex -46.9427 14.6608 2
      vertex -48.7787 15.6745 2
      vertex -47.0813 14.3797 2
    endloop
  endfacet
  facet normal -0 0 1
    outer loop
      vertex -48.9994 15.227 2
      vertex -47.0813 14.3797 2
      vertex -48.7787 15.6745 2
    endloop
  endfacet
  facet normal -0 0 1
    outer loop
      vertex -49.1113 15 2
      vertex -47.1927 14.1538 2
      vertex -48.9994 15.227 2
    endloop
  endfacet
  facet normal 0 0 1
    outer loop
      vertex -47.1927 14.1538 2
      vertex -49.2717 14.5276 2
      vertex -47.2737 13.9153 2
    endloop
  endfacet
  facet normal -0 0 1
    outer loop
      vertex -49.2717 14.5276 2
      vertex -47.1927 14.1538 2
      vertex -49.1113 15 2
    endloop
  endfacet
  facet normal 0 0 1
    outer loop
      vertex 50.6 -2.11007 2
      vertex 49.6289 -2.04415 2
      vertex 50.5633 -2.29452 2
    endloop
  endfacet
  facet normal 0 0 1
    outer loop
      vertex 50.5633 -2.29452 2
      vertex 49.6289 -2.04415 2
      vertex 50.5028 -2.47261 2
    endloop
  endfacet
  facet normal -0 0 1
    outer loop
      vertex 49.4856 -2.46622 2
      vertex 50.5028 -2.47261 2
      vertex 49.6289 -2.04415 2
    endloop
  endfacet
  facet normal 0 0 1
    outer loop
      vertex 50.5028 -2.47261 2
      vertex 49.4856 -2.46622 2
      vertex 50.1905 -3.39262 2
    endloop
  endfacet
  facet normal -0 0 1
    outer loop
      vertex 49.2968 -3.02244 2
      vertex 50.1905 -3.39262 2
      vertex 49.4856 -2.46622 2
    endloop
  endfacet
  facet normal 0 0 1
    outer loop
      vertex 50.1905 -3.39262 2
      vertex 49.2968 -3.02244 2
      vertex 50.1073 -3.56129 2
    endloop
  endfacet
  facet normal -0 0 1
    outer loop
      vertex 49.0997 -3.4222 2
      vertex 50.1073 -3.56129 2
      vertex 49.2968 -3.02244 2
    endloop
  endfacet
  facet normal 0 0 1
    outer loop
      vertex 50.1073 -3.56129 2
      vertex 49.0997 -3.4222 2
      vertex 49.6776 -4.43268 2
    endloop
  endfacet
  facet normal -0 0 1
    outer loop
      vertex 48.8399 -3.949 2
      vertex 49.6776 -4.43268 2
      vertex 49.0997 -3.4222 2
    endloop
  endfacet
  facet normal 0 0 1
    outer loop
      vertex 48.5135 -4.4374 2
      vertex 49.6776 -4.43268 2
      vertex 48.8399 -3.949 2
    endloop
  endfacet
  facet normal 0 0 1
    outer loop
      vertex 49.6776 -4.43268 2
      vertex 48.5135 -4.4374 2
      vertex 49.1378 -5.24052 2
    endloop
  endfacet
  facet normal -0 0 1
    outer loop
      vertex 48.2659 -4.808 2
      vertex 49.1378 -5.24052 2
      vertex 48.5135 -4.4374 2
    endloop
  endfacet
  facet normal 0 0 1
    outer loop
      vertex 49.1378 -5.24052 2
      vertex 48.2659 -4.808 2
      vertex 49.0334 -5.39689 2
    endloop
  endfacet
  facet normal -0 0 1
    outer loop
      vertex 47.972 -5.14312 2
      vertex 49.0334 -5.39689 2
      vertex 48.2659 -4.808 2
    endloop
  endfacet
  facet normal 0 0 1
    outer loop
      vertex 49.0334 -5.39689 2
      vertex 47.972 -5.14312 2
      vertex 48.3927 -6.12736 2
    endloop
  endfacet
  facet normal -0 0 1
    outer loop
      vertex 47.5847 -5.58473 2
      vertex 48.3927 -6.12736 2
      vertex 47.972 -5.14312 2
    endloop
  endfacet
  facet normal 0 0 1
    outer loop
      vertex 48.3927 -6.12736 2
      vertex 47.5847 -5.58473 2
      vertex 48.2688 -6.26875 2
    endloop
  endfacet
  facet normal 0 0 1
    outer loop
      vertex 48.2688 -6.26875 2
      vertex 47.5847 -5.58473 2
      vertex 48.1274 -6.39275 2
    endloop
  endfacet
  facet normal -0 0 1
    outer loop
      vertex 47.1431 -5.97202 2
      vertex 48.1274 -6.39275 2
      vertex 47.5847 -5.58473 2
    endloop
  endfacet
  facet normal 0 0 1
    outer loop
      vertex 48.1274 -6.39275 2
      vertex 47.1431 -5.97202 2
      vertex 47.3969 -7.03336 2
    endloop
  endfacet
  facet normal -0 0 1
    outer loop
      vertex 46.808 -6.26591 2
      vertex 47.3969 -7.03336 2
      vertex 47.1431 -5.97202 2
    endloop
  endfacet
  facet normal 0 0 1
    outer loop
      vertex 47.3969 -7.03336 2
      vertex 46.808 -6.26591 2
      vertex 47.2405 -7.13784 2
    endloop
  endfacet
  facet normal -0 0 1
    outer loop
      vertex 46.4374 -6.51354 2
      vertex 47.2405 -7.13784 2
      vertex 46.808 -6.26591 2
    endloop
  endfacet
  facet normal 0 0 1
    outer loop
      vertex 46.4374 -6.51354 2
      vertex 46.4327 -7.67762 2
      vertex 47.2405 -7.13784 2
    endloop
  endfacet
  facet normal -0 0 1
    outer loop
      vertex 45.949 -6.83988 2
      vertex 46.4327 -7.67762 2
      vertex 46.4374 -6.51354 2
    endloop
  endfacet
  facet normal -0 0 1
    outer loop
      vertex 45.4222 -7.09967 2
      vertex 46.4327 -7.67762 2
      vertex 45.949 -6.83988 2
    endloop
  endfacet
  facet normal 0 0 1
    outer loop
      vertex 46.4327 -7.67762 2
      vertex 45.4222 -7.09967 2
      vertex 45.5613 -8.10734 2
    endloop
  endfacet
  facet normal -0 0 1
    outer loop
      vertex 45.0224 -7.29681 2
      vertex 45.5613 -8.10734 2
      vertex 45.4222 -7.09967 2
    endloop
  endfacet
  facet normal 0 0 1
    outer loop
      vertex 45.5613 -8.10734 2
      vertex 45.0224 -7.29681 2
      vertex 45.3926 -8.19052 2
    endloop
  endfacet
  facet normal -0 0 1
    outer loop
      vertex 44.4662 -7.48562 2
      vertex 45.3926 -8.19052 2
      vertex 45.0224 -7.29681 2
    endloop
  endfacet
  facet normal 0 0 1
    outer loop
      vertex 45.3926 -8.19052 2
      vertex 44.4662 -7.48562 2
      vertex 44.4726 -8.50282 2
    endloop
  endfacet
  facet normal -0 0 1
    outer loop
      vertex 44.0442 -7.62889 2
      vertex 44.4726 -8.50282 2
      vertex 44.4662 -7.48562 2
    endloop
  endfacet
  facet normal 0 0 1
    outer loop
      vertex 44.4726 -8.50282 2
      vertex 44.0442 -7.62889 2
      vertex 44.2945 -8.56327 2
    endloop
  endfacet
  facet normal 0 0 1
    outer loop
      vertex 44.2945 -8.56327 2
      vertex 44.0442 -7.62889 2
      vertex 44.1101 -8.59996 2
    endloop
  endfacet
  facet normal -0 0 1
    outer loop
      vertex 43.607 -7.71585 2
      vertex 44.1101 -8.59996 2
      vertex 44.0442 -7.62889 2
    endloop
  endfacet
  facet normal 0 0 1
    outer loop
      vertex 43.607 -7.71585 2
      vertex 43.1572 -8.78951 2
      vertex 44.1101 -8.59996 2
    endloop
  endfacet
  facet normal -0 0 1
    outer loop
      vertex 43.0309 -7.83044 2
      vertex 43.1572 -8.78951 2
      vertex 43.607 -7.71585 2
    endloop
  endfacet
  facet normal 0 0 1
    outer loop
      vertex 43.0309 -7.83044 2
      vertex 35.9896 -9.63209 2
      vertex 43.1572 -8.78951 2
    endloop
  endfacet
  facet normal -0 0 1
    outer loop
      vertex 28.2604 -9.52272 2
      vertex 35.9896 -9.63209 2
      vertex 43.0309 -7.83044 2
    endloop
  endfacet
  facet normal 0 0 1
    outer loop
      vertex 35.9896 -9.63209 2
      vertex 28.2604 -9.52272 2
      vertex 31.9055 -10.1071 2
    endloop
  endfacet
  facet normal 0 0 1
    outer loop
      vertex 22.8227 -10.1274 2
      vertex 31.9055 -10.1071 2
      vertex 28.2604 -9.52272 2
    endloop
  endfacet
  facet normal 0 0 1
    outer loop
      vertex -1.16823 -13.8914 2
      vertex 22.8227 -10.1274 2
      vertex 0.341937 -12.5912 2
    endloop
  endfacet
  facet normal -0 0 1
    outer loop
      vertex 22.8227 -10.1274 2
      vertex -1.16823 -13.8914 2
      vertex 31.9055 -10.1071 2
    endloop
  endfacet
  facet normal -0 0 1
    outer loop
      vertex -11.7947 -13.8607 2
      vertex -1.16823 -13.8914 2
      vertex 0.341937 -12.5912 2
    endloop
  endfacet
  facet normal 0 0 1
    outer loop
      vertex -11.7947 -13.8607 2
      vertex -20.0191 -16.0109 2
      vertex -1.16823 -13.8914 2
    endloop
  endfacet
  facet normal -0 0 1
    outer loop
      vertex -20.4941 -14.7532 2
      vertex -20.0191 -16.0109 2
      vertex -11.7947 -13.8607 2
    endloop
  endfacet
  facet normal 0 0 1
    outer loop
      vertex -20.4941 -14.7532 2
      vertex -28.4366 -16.9362 2
      vertex -20.0191 -16.0109 2
    endloop
  endfacet
  facet normal -0 0 1
    outer loop
      vertex -34.6227 -16.1031 2
      vertex -28.4366 -16.9362 2
      vertex -20.4941 -14.7532 2
    endloop
  endfacet
  facet normal -0 0 1
    outer loop
      vertex -36.4562 -16.2728 2
      vertex -28.4366 -16.9362 2
      vertex -34.6227 -16.1031 2
    endloop
  endfacet
  facet normal 0 0 1
    outer loop
      vertex -43.0496 -18.4997 2
      vertex -36.4562 -16.2728 2
      vertex -42.6359 -16.7847 2
    endloop
  endfacet
  facet normal 0 0 1
    outer loop
      vertex -43.0496 -18.4997 2
      vertex -42.6359 -16.7847 2
      vertex -42.8872 -16.8012 2
    endloop
  endfacet
  facet normal 0 0 1
    outer loop
      vertex -36.4562 -16.2728 2
      vertex -43.0496 -18.4997 2
      vertex -28.4366 -16.9362 2
    endloop
  endfacet
  facet normal -0 0 1
    outer loop
      vertex -43.2 -16.8217 2
      vertex -43.0496 -18.4997 2
      vertex -42.8872 -16.8012 2
    endloop
  endfacet
  facet normal 0 0 1
    outer loop
      vertex -43.5475 -18.5324 2
      vertex -43.2 -16.8217 2
      vertex -43.5128 -16.8012 2
    endloop
  endfacet
  facet normal 0 0 1
    outer loop
      vertex -43.2 -16.8217 2
      vertex -43.5475 -18.5324 2
      vertex -43.0496 -18.4997 2
    endloop
  endfacet
  facet normal 0 0 1
    outer loop
      vertex -43.7641 -16.7847 2
      vertex -43.5475 -18.5324 2
      vertex -43.5128 -16.8012 2
    endloop
  endfacet
  facet normal 0 0 1
    outer loop
      vertex -43.7641 -16.7847 2
      vertex -43.8 -18.5489 2
      vertex -43.5475 -18.5324 2
    endloop
  endfacet
  facet normal 0 0 1
    outer loop
      vertex -43.7641 -16.7847 2
      vertex -44.0525 -18.5324 2
      vertex -43.8 -18.5489 2
    endloop
  endfacet
  facet normal 0 0 1
    outer loop
      vertex -44.0715 -16.7236 2
      vertex -44.0525 -18.5324 2
      vertex -43.7641 -16.7847 2
    endloop
  endfacet
  facet normal 0 0 1
    outer loop
      vertex -44.5504 -18.4997 2
      vertex -44.0715 -16.7236 2
      vertex -44.3185 -16.6744 2
    endloop
  endfacet
  facet normal 0 0 1
    outer loop
      vertex -44.0715 -16.7236 2
      vertex -44.5504 -18.4997 2
      vertex -44.0525 -18.5324 2
    endloop
  endfacet
  facet normal 0 0 1
    outer loop
      vertex -45.0397 -18.4024 2
      vertex -44.3185 -16.6744 2
      vertex -44.6153 -16.5737 2
    endloop
  endfacet
  facet normal 0 0 1
    outer loop
      vertex -45.2879 -18.353 2
      vertex -44.6153 -16.5737 2
      vertex -44.8538 -16.4927 2
    endloop
  endfacet
  facet normal 0 0 1
    outer loop
      vertex -44.3185 -16.6744 2
      vertex -45.0397 -18.4024 2
      vertex -44.5504 -18.4997 2
    endloop
  endfacet
  facet normal 0 0 1
    outer loop
      vertex -45.5276 -18.2717 2
      vertex -44.8538 -16.4927 2
      vertex -45.135 -16.3541 2
    endloop
  endfacet
  facet normal 0 0 1
    outer loop
      vertex -44.6153 -16.5737 2
      vertex -45.2879 -18.353 2
      vertex -45.0397 -18.4024 2
    endloop
  endfacet
  facet normal 0 0 1
    outer loop
      vertex -46 -18.1113 2
      vertex -45.135 -16.3541 2
      vertex -45.3608 -16.2427 2
    endloop
  endfacet
  facet normal 0 0 1
    outer loop
      vertex -44.8538 -16.4927 2
      vertex -45.5276 -18.2717 2
      vertex -45.2879 -18.353 2
    endloop
  endfacet
  facet normal 0 0 1
    outer loop
      vertex -46.227 -17.9994 2
      vertex -45.3608 -16.2427 2
      vertex -45.5703 -16.1028 2
    endloop
  endfacet
  facet normal 0 0 1
    outer loop
      vertex -46.6745 -17.7787 2
      vertex -45.5703 -16.1028 2
      vertex -45.8309 -15.9286 2
    endloop
  endfacet
  facet normal 0 0 1
    outer loop
      vertex -45.135 -16.3541 2
      vertex -46 -18.1113 2
      vertex -45.5276 -18.2717 2
    endloop
  endfacet
  facet normal 0 0 1
    outer loop
      vertex -47.0893 -17.5015 2
      vertex -45.8309 -15.9286 2
      vertex -46.0202 -15.7626 2
    endloop
  endfacet
  facet normal 0 0 1
    outer loop
      vertex -45.3608 -16.2427 2
      vertex -46.227 -17.9994 2
      vertex -46 -18.1113 2
    endloop
  endfacet
  facet normal 0 0 1
    outer loop
      vertex -47.49 -17.194 2
      vertex -46.0202 -15.7626 2
      vertex -46.2559 -15.5559 2
    endloop
  endfacet
  facet normal 0 0 1
    outer loop
      vertex -47.8651 -16.8651 2
      vertex -46.2559 -15.5559 2
      vertex -46.422 -15.3665 2
    endloop
  endfacet
  facet normal 0 0 1
    outer loop
      vertex -48.194 -16.49 2
      vertex -46.422 -15.3665 2
      vertex -46.6286 -15.1309 2
    endloop
  endfacet
  facet normal 0 0 1
    outer loop
      vertex -45.5703 -16.1028 2
      vertex -46.6745 -17.7787 2
      vertex -46.227 -17.9994 2
    endloop
  endfacet
  facet normal 0 0 1
    outer loop
      vertex -48.5015 -16.0893 2
      vertex -46.6286 -15.1309 2
      vertex -46.8028 -14.8703 2
    endloop
  endfacet
  facet normal 0 0 1
    outer loop
      vertex -48.5015 -16.0893 2
      vertex -46.8028 -14.8703 2
      vertex -46.9427 -14.6608 2
    endloop
  endfacet
  facet normal 0 0 1
    outer loop
      vertex -48.7787 -15.6745 2
      vertex -46.9427 -14.6608 2
      vertex -47.0813 -14.3797 2
    endloop
  endfacet
  facet normal 0 0 1
    outer loop
      vertex -45.8309 -15.9286 2
      vertex -47.0893 -17.5015 2
      vertex -46.6745 -17.7787 2
    endloop
  endfacet
  facet normal 0 0 1
    outer loop
      vertex -48.9994 -15.227 2
      vertex -47.0813 -14.3797 2
      vertex -47.1927 -14.1538 2
    endloop
  endfacet
  facet normal 0 0 1
    outer loop
      vertex -49.2717 -14.5276 2
      vertex -47.1927 -14.1538 2
      vertex -47.2737 -13.9153 2
    endloop
  endfacet
  facet normal 0 0 1
    outer loop
      vertex -46.0202 -15.7626 2
      vertex -47.49 -17.194 2
      vertex -47.2997 -17.3609 2
    endloop
  endfacet
  facet normal 0 0 1
    outer loop
      vertex -49.2717 -14.5276 2
      vertex -47.2737 -13.9153 2
      vertex -47.3744 -13.6185 2
    endloop
  endfacet
  facet normal 0 0 1
    outer loop
      vertex -49.4024 -14.0397 2
      vertex -47.3744 -13.6185 2
      vertex -47.4356 -13.3111 2
    endloop
  endfacet
  facet normal 0 0 1
    outer loop
      vertex -49.4997 -13.5504 2
      vertex -47.4356 -13.3111 2
      vertex -47.4847 -13.0641 2
    endloop
  endfacet
  facet normal 0 0 1
    outer loop
      vertex -46.0202 -15.7626 2
      vertex -47.2997 -17.3609 2
      vertex -47.0893 -17.5015 2
    endloop
  endfacet
  facet normal -0 0 1
    outer loop
      vertex -49.5324 -13.0525 2
      vertex -47.4847 -13.0641 2
      vertex -47.5052 -12.7513 2
    endloop
  endfacet
  facet normal 0 0 1
    outer loop
      vertex -49.5489 -12.8 2
      vertex -47.5052 -12.7513 2
      vertex -47.5217 -12.5 2
    endloop
  endfacet
  facet normal 0 0 1
    outer loop
      vertex -47.5217 12.5 2
      vertex -49.5489 12.8 2
      vertex -47.5217 -12.5 2
    endloop
  endfacet
  facet normal 0 0 1
    outer loop
      vertex -49.5489 -12.8 2
      vertex -47.5217 -12.5 2
      vertex -49.5489 12.8 2
    endloop
  endfacet
  facet normal 0 0 1
    outer loop
      vertex -47.2737 13.9153 2
      vertex -49.2717 14.5276 2
      vertex -47.3744 13.6185 2
    endloop
  endfacet
  facet normal 0 0 1
    outer loop
      vertex -47.5052 -12.7513 2
      vertex -49.5489 -12.8 2
      vertex -49.5324 -13.0525 2
    endloop
  endfacet
  facet normal 0 0 1
    outer loop
      vertex -47.0813 14.3797 2
      vertex -48.9994 15.227 2
      vertex -47.1927 14.1538 2
    endloop
  endfacet
  facet normal 0 0 1
    outer loop
      vertex -47.4847 -13.0641 2
      vertex -49.5324 -13.0525 2
      vertex -49.4997 -13.5504 2
    endloop
  endfacet
  facet normal -0 0 1
    outer loop
      vertex -49.353 14.2879 2
      vertex -47.3744 13.6185 2
      vertex -49.2717 14.5276 2
    endloop
  endfacet
  facet normal 0 0 1
    outer loop
      vertex -46.422 -15.3665 2
      vertex -48.194 -16.49 2
      vertex -47.8651 -16.8651 2
    endloop
  endfacet
  facet normal -0 0 1
    outer loop
      vertex -49.4024 14.0397 2
      vertex -47.3744 13.6185 2
      vertex -49.353 14.2879 2
    endloop
  endfacet
  facet normal 0 0 1
    outer loop
      vertex -46.2559 -15.5559 2
      vertex -47.8651 -16.8651 2
      vertex -47.49 -17.194 2
    endloop
  endfacet
  facet normal 0 0 1
    outer loop
      vertex -47.3744 13.6185 2
      vertex -49.4024 14.0397 2
      vertex -47.4356 13.3111 2
    endloop
  endfacet
  facet normal 0 0 1
    outer loop
      vertex -46.6286 -15.1309 2
      vertex -48.3609 -16.2997 2
      vertex -48.194 -16.49 2
    endloop
  endfacet
  facet normal -0 0 1
    outer loop
      vertex -49.4997 13.5504 2
      vertex -47.4356 13.3111 2
      vertex -49.4024 14.0397 2
    endloop
  endfacet
  facet normal 0 0 1
    outer loop
      vertex -46.6286 -15.1309 2
      vertex -48.5015 -16.0893 2
      vertex -48.3609 -16.2997 2
    endloop
  endfacet
  facet normal 0 0 1
    outer loop
      vertex -47.4356 13.3111 2
      vertex -49.4997 13.5504 2
      vertex -47.4847 13.0641 2
    endloop
  endfacet
  facet normal 0 0 1
    outer loop
      vertex -47.0813 -14.3797 2
      vertex -48.9994 -15.227 2
      vertex -48.7787 -15.6745 2
    endloop
  endfacet
  facet normal 0 0 1
    outer loop
      vertex -49.5324 13.0525 2
      vertex -47.4847 13.0641 2
      vertex -49.4997 13.5504 2
    endloop
  endfacet
  facet normal 0 0 1
    outer loop
      vertex -46.9427 -14.6608 2
      vertex -48.7787 -15.6745 2
      vertex -48.5015 -16.0893 2
    endloop
  endfacet
  facet normal 0 0 1
    outer loop
      vertex -47.4847 13.0641 2
      vertex -49.5324 13.0525 2
      vertex -47.5052 12.7513 2
    endloop
  endfacet
  facet normal 0 0 1
    outer loop
      vertex -47.1927 -14.1538 2
      vertex -49.2717 -14.5276 2
      vertex -49.1113 -15 2
    endloop
  endfacet
  facet normal -0 0 1
    outer loop
      vertex -49.5489 12.8 2
      vertex -47.5052 12.7513 2
      vertex -49.5324 13.0525 2
    endloop
  endfacet
  facet normal 0 0 1
    outer loop
      vertex -47.5052 12.7513 2
      vertex -49.5489 12.8 2
      vertex -47.5217 12.5 2
    endloop
  endfacet
  facet normal 0 0 1
    outer loop
      vertex -47.1927 -14.1538 2
      vertex -49.1113 -15 2
      vertex -48.9994 -15.227 2
    endloop
  endfacet
  facet normal 0 0 1
    outer loop
      vertex -47.4356 -13.3111 2
      vertex -49.4997 -13.5504 2
      vertex -49.4024 -14.0397 2
    endloop
  endfacet
  facet normal 0 0 1
    outer loop
      vertex -47.3744 -13.6185 2
      vertex -49.353 -14.2879 2
      vertex -49.2717 -14.5276 2
    endloop
  endfacet
  facet normal 0 0 1
    outer loop
      vertex -47.3744 -13.6185 2
      vertex -49.4024 -14.0397 2
      vertex -49.353 -14.2879 2
    endloop
  endfacet
endsolid OpenSCAD_Model
